track_id,track_name,artists,genre,track_genre,mood_list,activity_list,tempo,danceability,energy,valence,acousticness,instrumentalness,speechiness,liveness,loudness,duration_ms,popularity
0At6u6PcgTPEj9jYZakh2L,Life,Simon Wester,Chill,ambient,Sad;Calm,studying;sleep,173.83,0.395,0.0782,0.0798,0.988,0.905,0.0414,0.104,-23.023,197943,39
57u1FaZlztApkcT5x5XNuD,YASASHISA,Fujii Kaze,Pop,j-pop,Dark,workout;commute;driving,133.858,0.596,0.707,0.262,0.111,0.0,0.049,0.0926,-6.825,240080,53
4MEe0BmJyrA5cHW6ILOQJl,Anachronism,Crywolf,EDM,dubstep,Sad;Dark;Chill,commute;driving,110.002,0.459,0.543,0.0718,0.132,0.0265,0.0309,0.0932,-7.003,335500,39
6obBx07c3W9S8HrMXarqUb,"Coppélia: Coppélia, Act III: Galop final","Léo Delibes;Orchestra of the Royal Opera House, Covent Garden;Mark Ermler",Classical,opera,Calm;Chill;Nostalgic,studying,159.072,0.299,0.337,0.396,0.947,0.916,0.0506,0.113,-17.328,172840,28
5RiGyZADw9PYFrNAmhWIGa,"Les fêtes d'Hébé, RCT 41, Act I Scene 5: Je vous revois, tout cède à la douceur extrême",Jean-Philippe Rameau;Olivia Doray;Reinoud Van Mechelen;Orfeo Orchestra;Gyorgy Vashegyi,Classical,opera,Sad;Calm,studying;sleep,85.748,0.405,0.125,0.243,0.914,0.0,0.0497,0.34,-21.547,67760,22
6abSq0hivs5RJtraGRKKhS,Descarga La Moderna,Ray Barretto,Latin,salsa,Happy,commute;cooking;driving,113.211,0.703,0.51,0.858,0.8,0.394,0.0454,0.0879,-13.915,266600,0
4boMVRx4bLslz2aB5EgSDh,Wildflowers,Stanton Lanier,Chill,new-age,Sad;Calm,studying;sleep,98.386,0.311,0.15,0.0385,0.957,0.893,0.0415,0.0777,-21.73,422880,21
3DQB2U5mrevogzSTMJjwHX,Colômbia,Mc Kanhoto;MC Cebezinho;Mc Kadu,R&B,funk,Calm,commute,159.983,0.724,0.374,0.83,0.149,0.0,0.142,0.31,-13.784,228000,46
7piKDEjJ5IodOee9jM5PJ5,Kaasikku Pogum,Sirkazhi Govindarajan,Classical,classical,Happy;Chill,commute;cooking;driving,113.872,0.438,0.599,0.819,0.882,0.0,0.0717,0.434,-10.558,352120,31
3XKjZcgNYtvCmBpE1nX7Wn,"I am not a woman, I'm a god",Halsey,Pop,indie-pop,Happy,commute;cooking;driving,179.986,0.517,0.7,0.518,0.00375,0.0385,0.0452,0.0634,-6.568,176413,63
3t2LAmQsVGxY3MBlLao4oA,Roubou Meu Coração,Mc Kevin,R&B,funk,Motivated,commute;party,85.001,0.756,0.745,0.545,0.56,0.0,0.052,0.0785,-0.791,189176,48
0ct4oo3yaYWUbnT1OgvBlc,Napule è,Luciano Pavarotti;Pino Daniele,Classical,opera,Sad;Calm;Chill,studying;commute,119.787,0.31,0.351,0.266,0.881,0.0337,0.0358,0.951,-10.87,256786,21
5OotwkHgMpNYfsCwAOs4jP,Private Party,Anirudh Ravichander;Jonita Gandhi,Hip-Hop,hip-hop,Happy;Energetic;Motivated,workout;party,124.031,0.861,0.886,0.898,0.182,1.29e-06,0.122,0.0559,-5.413,216774,63
7N3PAbqfTjSEU1edb2tY8j,Jump - 2015 Remaster,Van Halen,Rock,hard-rock,Happy;Energetic;Motivated,workout;driving,129.981,0.572,0.835,0.795,0.171,0.000377,0.0317,0.0702,-6.219,241599,78
5Mm2tDgfdyaXhR3WqQykrf,起风了,吳青峰,Pop,mandopop,Calm;Romantic;Chill;Nostalgic,commute,73.963,0.548,0.396,0.501,0.484,0.0,0.0265,0.144,-7.788,313565,54
1YbVxHsVtPlWfcLZV9Dd6F,Kereon,Yann Tiersen;Alessandro Simonetto,Chill,ambient,Sad;Calm,studying;sleep,58.582,0.315,0.0392,0.0606,0.989,0.88,0.0385,0.0821,-27.539,152597,18
3Vmo13MxVRKBszmfK61ONH,Gangsta,Karan Aujla;YG,Hip-Hop,hip-hop,Happy,commute;party;cooking;driving,130.154,0.791,0.687,0.513,0.00665,2.12e-06,0.104,0.0986,-6.279,190153,72
4tlaJa7CjOTsLSwqYkk2cV,My Way,Elvis Presley,Rock,rockabilly,Sad;Calm,studying;sleep,102.036,0.516,0.271,0.207,0.864,0.037,0.0267,0.171,-12.138,273893,53
56wJwDGoTKNeM9yKo4EmFB,Morning Has Broken,Phil Coulter;Trad Arr,Classical,opera,Sad;Calm;Chill,studying,113.284,0.479,0.336,0.261,0.952,0.877,0.0316,0.0923,-9.361,171160,20
52173U8Lw9eFYIQUGZUpQT,Feel Inside,D-Block & S-te-Fan,EDM,hardstyle,Energetic;Dark,workout,149.955,0.549,0.921,0.261,0.00734,7.37e-05,0.0636,0.184,-1.185,195200,58
1SaeIOdNmwLaC8OH893sga,Panda,Ilkae,EDM,idm,Sad;Calm,studying;sleep,75.0,0.448,0.016,0.181,0.965,0.949,0.0578,0.108,-24.127,74853,10
38nzEcvHjV3iRLAlq6tQJO,秋の終,neguse.,Pop,j-pop,Energetic;Motivated,workout;driving,185.682,0.387,0.843,0.625,0.00287,0.0,0.0523,0.367,-3.44,225960,37
45ffClKkj594CkU0naaLrM,Way Out,Jack Harlow;Big Sean,Hip-Hop,hip-hop,Happy,commute;cooking;driving,108.025,0.945,0.582,0.907,0.114,0.0,0.0719,0.103,-8.357,168906,0
53Ei3aztvzMHlD2mOYXwnu,Nietykalni,Papa Dance,Pop,synth-pop,Happy;Energetic;Motivated,workout,210.175,0.451,0.913,0.792,0.375,1.72e-05,0.0419,0.25,-6.201,291160,23
79i617mqpQLwUs3WTokYX9,toxin,Benedixhion,Rock,emo,Sad;Dark;Chill,studying;commute;driving,175.94,0.53,0.545,0.148,0.000418,0.801,0.0492,0.115,-7.951,130893,53
18rmNlzEWr9DmYM0iBNUAl,風,Yamazaru,Pop,j-pop,Energetic;Motivated,workout,161.968,0.437,0.961,0.619,0.0599,0.0,0.125,0.367,-1.91,249200,50
7cgpn5IRAcVVVNOfOMlkPI,Hagoromo,Susumu Yokota,EDM,idm,Sad;Calm,studying;sleep,71.114,0.236,0.0964,0.16,0.995,0.916,0.0579,0.0855,-22.262,232493,15
2ZwjgC6JSTllAAY2lJFXQg,"String Quartet No. 9 in A, K.169: 4. Rondeaux (Allegro)",Wolfgang Amadeus Mozart;Hagen Quartett,Classical,classical,Calm,studying;sleep,125.6,0.448,0.113,0.792,0.979,0.878,0.0501,0.1,-22.262,90053,5
4yXtr9EDjYlOgMlrVLx9cA,Dos Locos (Tontos e Loucos) / Novo Namorado,Solange Almeida,Latin,forro,Happy;Energetic;Motivated,workout,177.785,0.68,0.865,0.689,0.123,0.0,0.134,0.608,-4.17,178651,43
7Ga7gr19pLBdso1O2w0Alp,La Perdiste,ZAPEROKO La Resistencia Salsera del Callao,Latin,salsa,Happy;Energetic;Motivated,workout;driving,195.879,0.675,0.812,0.94,0.525,8.83e-05,0.0389,0.192,-5.104,250590,28
4qJRHweiDSSpGDZ4yB9V5J,Mete Seu Cachorro,La Furia,R&B,funk,Happy;Energetic;Motivated,workout;driving,137.559,0.607,0.755,0.707,0.75,0.00772,0.0446,0.168,-5.324,298280,52
2PCTrOWob0vs0io6pfGOYS,Once Upon a December (from Anastasia),Emile Pandolfi,Chill,new-age,Sad;Calm,studying;sleep,72.718,0.239,0.173,0.131,0.981,0.929,0.0362,0.16,-19.353,252253,55
4NjCELMhlCnceQMnb80ggL,"Tubular Bells - Opening Theme / From ""The Exorcist""",Mike Oldfield,Chill,new-age,Calm;Nostalgic,studying;sleep,147.198,0.325,0.266,0.385,0.803,9.29e-05,0.0298,0.0997,-16.968,196680,1
2yKC5fumXaOyhZ0Uu67BcO,A New Dawn,Pional,EDM,minimal-techno,Happy,commute;cooking;driving,110.998,0.84,0.532,0.525,0.0134,0.188,0.0469,0.128,-10.569,220205,50
4qZh3yJ7tILlDD0Wmv7Ftj,"String Quartet No. 3, ""Mishima"": VI. Mishima / Closing",Philip Glass;Carducci String Quartet,Chill,ambient,Sad;Calm,studying;sleep,136.392,0.198,0.0382,0.127,0.989,0.969,0.0443,0.17,-29.885,194373,57
1IaviELtBuKW4nzGaRU4X8,"12 Variations on ‘La belle Françoise’ in E flat, K.353: 12b. Variation XI : Adagio - Pt. 2",Wolfgang Amadeus Mozart;Danielle Laval,Classical,classical,Calm;Nostalgic,studying;sleep,132.919,0.428,0.0349,0.354,0.995,0.951,0.0623,0.155,-25.31,91200,2
0fb9z2qXJ1t7kxYiqIawXt,"La traviata / Act 1: ""Libiamo ne'lieti calici"" (Brindisi)",Giuseppe Verdi;Cecilia Bartoli;Luciano Pavarotti;Coro Sinfonico di Milano Giuseppe Verdi;Orchestra Sinfonica di Milano Giuseppe Verdi;Riccardo Chailly,Classical,opera,Sad;Calm,studying;sleep,110.971,0.423,0.159,0.197,0.977,3.31e-05,0.054,0.0917,-17.058,181533,22
2XMR09PHSSWKGaSLG7hvV1,Bandeira Branca,Dalva De Oliveira,Latin,samba,Happy;Motivated,workout;commute;driving,116.837,0.405,0.717,0.812,0.137,0.0,0.0705,0.369,-6.322,171960,37
2JHX4L5wNhzxVMPwc7UMAw,Na Ja Tu,King,Hip-Hop,hip-hop,Sad,studying;commute,95.172,0.815,0.427,0.167,0.59,0.0,0.082,0.0648,-7.521,202105,57
7kA3xa1iqOLTjPpWiX0sw7,Vida Vazia,Desejo de Menina,Latin,forro,Happy;Energetic;Motivated,workout;driving,160.087,0.601,0.804,0.78,0.69,0.0002,0.0392,0.252,-4.405,210906,48
2pDqDYjyAU6WppdcfwdWf5,Stab,Bodysnatcher,Rock,death-metal,Energetic;Dark,workout,140.006,0.469,0.99,0.102,0.000116,2.59e-06,0.143,0.069,-2.429,171998,22
4atuUpMdGfq9JeRI6OQxM7,Marginais Acústico #1,Pk;Orochi;Felp 22;Adamovich;Marginal Supply;Medellin,R&B,funk,Happy;Romantic,commute;party;cooking,89.016,0.705,0.604,0.691,0.568,0.0,0.231,0.0971,-8.979,226730,48
3g6lu07lXAYkW9ETuTvRIf,"Holy, Holy, Holy",David Nevue,Chill,new-age,Sad;Calm,studying;sleep,126.485,0.27,0.139,0.0938,0.978,0.939,0.0488,0.101,-19.999,300320,21
0Yup6SQDmHmYKG8Faigkqk,"Thendral Vandhu Theendumbothu (From ""Avatharam"")",Ilaiyaraaja;S. Janaki,Pop,k-pop,Romantic;Chill;Nostalgic,commute;cooking,129.904,0.583,0.46,0.534,0.751,0.000147,0.035,0.146,-11.509,321056,62
7FT3zOpwSEmicThgQ5oWmw,Gymnopedie No.1,Dan Gibson's Solitudes,Chill,new-age,Sad;Calm,studying;sleep,79.765,0.138,0.0832,0.0801,0.985,0.878,0.0404,0.068,-19.81,190093,26
3qTNm4Mta37YmEcLeQcdw3,Oru Devathai,Yuvan Shankar Raja;Roop Kumar Rathod,Pop,k-pop,Sad;Chill,commute,120.033,0.625,0.492,0.28,0.163,0.000781,0.0332,0.111,-9.618,296760,63
7lozLnUfzcgEpMMVQI7yhA,Why,Bazzi,EDM,electro,Happy,commute;cooking;driving,113.01,0.676,0.67,0.54,0.353,0.0,0.0374,0.103,-6.584,148259,70
2MfwT3SKUyF0na2LCa2fCp,Cornflower Blue,Flower Face,Chill,ambient,Sad;Calm,studying;sleep,75.862,0.177,0.215,0.0415,0.807,0.000125,0.0335,0.0921,-9.886,188864,57
0yuJtvXsapVOQfNDYxQ5mw,Singularity,Stephan Bodzin,EDM,deep-house,Sad,studying;commute,121.0,0.752,0.486,0.0379,0.0479,0.877,0.0493,0.0926,-12.53,421306,50
7BeyKNY20Ti4CdpxnyUKSB,Cerecloth,Naglfar,Rock,black-metal,Energetic;Dark,workout,115.02,0.361,0.967,0.034,5.79e-06,0.288,0.0778,0.0876,-6.737,245400,20
0CfAmDfI8agDWSFLBBSCEI,In My Life,Gregorian,Chill,new-age,Sad;Calm;Chill,studying,75.971,0.332,0.305,0.109,0.928,4.77e-05,0.0322,0.137,-10.119,149558,21
5mqvRLCiuZkcVdDsB4JtKE,Eu Vejo Deus,Amanda Ferrari,R&B,gospel,Energetic,workout;driving,147.94,0.519,0.755,0.486,0.54,0.0,0.0332,0.25,-3.912,285173,41
6CNXp4dlBuNR1ZhaZ4SFDx,High Speed Daddy,John Lindberg Trio,Rock,rockabilly,Happy;Energetic;Motivated,workout,205.661,0.342,0.896,0.745,0.0277,3.59e-06,0.0952,0.0813,-5.171,167706,24
1skGwRjc7wYY70PJCAkKMr,Love Sick (feat. AR Paisley),Sidhu Moose Wala;AR Paisley,Hip-Hop,hip-hop,Happy,commute;cooking;driving,124.018,0.824,0.543,0.548,0.101,0.0,0.209,0.178,-8.667,232258,70
6j8ATOGSXRxegvNe1JBqwv,Al Compas De La Mentira,Tren Loco,Rock,heavy-metal,Energetic;Motivated,workout,120.007,0.528,0.952,0.545,7.18e-05,0.00413,0.0604,0.0633,-3.685,236306,19
1oi7QvpgDkBFTROce7LkB8,O Mio Babbino Caro,Giacomo Puccini;Kiri Te Kanawa;London Philharmonic Orchestra;Sir John Pritchard,Classical,opera,Sad;Calm,studying;sleep,111.735,0.246,0.125,0.076,0.985,0.000112,0.0431,0.262,-17.825,150133,49
3cAaGWlWEk4XAtRPSgEopn,Alô - Ao Vivo,Chitãozinho & Xororó;Simone & Simaria,Latin,sertanejo,Motivated,workout;commute;driving,130.22,0.544,0.732,0.527,0.542,0.0,0.0418,0.935,-5.088,200341,45
0WnXl0aQDdnL5KFrsZ9rGJ,Hymn,Liz Story,Chill,new-age,Calm;Nostalgic,studying;sleep,171.884,0.293,0.0613,0.363,0.991,0.869,0.0455,0.241,-26.689,257866,20
1kMObCQiYe5opqybH7ZNPD,Rave - Remix,Sam Paganini;Adam Beyer;Layton Giordani,EDM,deep-house,Dark,studying;commute;driving,131.007,0.732,0.627,0.266,0.000174,0.895,0.0524,0.0981,-13.712,239083,60
0wdLeSbEJyg7lkJ6WPD22L,Many Roads To Follow,Paul Collins,Pop,power-pop,Romantic,commute;cooking;driving,125.61,0.551,0.647,0.609,0.56,0.000268,0.0288,0.115,-9.078,144920,20
4ZCLM74MYhUy80TPiaAuee,When the Children Cry,White Lion,Rock,hard-rock,Sad;Calm;Nostalgic,studying;sleep,130.258,0.493,0.242,0.345,0.68,0.0,0.0291,0.071,-13.593,258600,61
4aUsqDkhFNG0IADV9SkaSY,Una Lágrima (Una Lacrima),Estela Nuñez,R&B,r-n-b,Calm;Romantic;Chill;Nostalgic,studying;commute,115.782,0.539,0.37,0.478,0.817,0.0,0.0307,0.393,-11.268,233293,45
3oyc1mIdCBGaU55wX7otqM,Pump It Up - 2021 Remaster,Elvis Costello & The Attractions,Pop,power-pop,Happy;Energetic;Motivated,workout;driving,138.978,0.645,0.809,0.966,0.00921,0.00108,0.0385,0.106,-6.12,196680,62
5PAdbw7X61H3fQ8OwaTuBO,Gaîté parisienne: Barcarolle,Jacques Offenbach;Boston Symphony Orchestra;Seiji Ozawa,Classical,opera,Sad;Calm,studying;sleep,77.356,0.103,0.0725,0.0747,0.96,0.694,0.0375,0.378,-23.629,227973,50
1fHpIPZ2kQdu8P5BvKLSjP,The Death of Me - Rock Mix,Asking Alexandria,Rock,metalcore,Energetic;Dark,workout,95.106,0.383,0.973,0.264,2.92e-05,0.0,0.0691,0.408,-2.305,204817,23
6XmozAAnvBf2VtLL53AkX0,Walk With Us - For Black Lives Matter,Alexis Ffrench,Chill,ambient,Sad;Calm,studying;sleep,168.963,0.299,0.0264,0.235,0.995,0.882,0.0469,0.073,-26.535,120456,57
7r48j4khJzIT2uqcIU33ax,Lala Lori,Fazilpuria;Afsana Khan,Hip-Hop,hip-hop,Happy;Motivated,commute;party;driving,105.037,0.863,0.741,0.682,0.302,0.0,0.194,0.215,-4.294,160000,56
5jXwDTzWWPK4AzJwHEHdkQ,SÚBELE EL VOLUMEN,Daddy Yankee;Myke Towers;Jhayco,Hip-Hop,hip-hop,Happy,commute;party;cooking;driving,101.036,0.83,0.623,0.614,0.0219,0.0,0.0801,0.0812,-4.056,223366,2
3imRMSkPHpFn9p0QcyjEn3,Pensa Bem / Chega Aí / Falando Com os Astros - Ao Vivo,Grupo Sambaí,Latin,pagode,Happy;Motivated,workout;commute;driving,112.043,0.636,0.705,0.686,0.75,1.15e-05,0.0436,0.937,-7.437,405254,42
5QLKWX0W2fcPqeuwG5pg2O,Maravilhoso,Ministério Koinonya de Louvor;Ludmila Ferber,R&B,gospel,Sad;Calm;Chill,studying;commute,99.71,0.325,0.369,0.186,0.871,3.53e-06,0.0327,0.872,-13.408,272770,37
1EGPPReB4V4Nt4xTCyrsRj,Come un fiume tu,Andrea Bocelli,Classical,opera,Sad;Chill,commute,91.541,0.2,0.464,0.113,0.897,2.3e-06,0.0468,0.383,-7.261,285193,21
0xHxeH4QTqlfNrQvczkoTA,I Can't Explain - Stereo Version,The Who,Rock,psych-rock,Happy;Energetic;Motivated,workout;driving,138.825,0.607,0.783,0.843,0.0409,0.0,0.0505,0.0461,-8.391,125967,53
6YtlaPxgVWZHO7OB1atIEf,Kahan Par Hai,MC STAN,Hip-Hop,hip-hop,Dark,commute;party;cooking;driving,141.974,0.706,0.695,0.489,0.461,0.0,0.0541,0.306,-7.103,219758,57
2CTF8nIEKhr6NXKqqFg4kN,Chave do Cofre,Igão;Kyan;Nagalli;Bvga;Toledo,R&B,funk,Happy,commute;cooking;driving,127.974,0.664,0.695,0.697,0.441,0.0,0.247,0.136,-5.646,153774,44
1cd4yqySZHnQ89SEQlmhwV,Acreditar,Roberto Ribeiro,Latin,samba,Happy,commute;cooking,86.475,0.673,0.637,0.811,0.37,0.0,0.293,0.12,-11.704,230600,36
5ff4h9mRnDDG84NSA4TNki,Holiday,Alter Bridge,Rock,grunge,Energetic,workout,140.089,0.457,0.94,0.463,2.04e-05,0.0,0.11,0.301,-5.624,238467,54
0TEm33n5APQRJ45tWmRnxQ,Rocanrol N´n´n´,Las Pastillas del Abuelo,Rock,alt-rock,Happy,commute;cooking;driving,100.022,0.703,0.589,0.931,0.138,2.4e-05,0.0249,0.145,-6.106,266143,50
3hAfhIPK4i1D77Bdiq7t7w,Celtic Prayer,Méav,Chill,new-age,Chill,commute,171.189,0.293,0.444,0.359,0.375,0.242,0.0481,0.111,-10.783,260066,21
04aulIHjjQyDVUUmaFDy8w,Angetenar,Rompasso;Rich The Kid,EDM,edm,Energetic;Dark,workout,109.939,0.708,0.879,0.202,0.0066,0.0,0.342,0.116,-4.437,190909,59
4TmPunCnlJjiKu2iYhqapU,Lost Cause,Billie Eilish,EDM,electro,Calm;Romantic;Chill;Nostalgic,studying,75.051,0.671,0.336,0.518,0.705,0.00751,0.241,0.0577,-8.494,212496,0
6uiTWAJmiA7UO0bb80982m,Bass Rani,Nucleya,EDM,edm,Dark,commute;driving,108.078,0.768,0.576,0.248,0.00705,0.000442,0.0755,0.0735,-12.326,146666,43
59eGOi9E4dV8OE3twHmvFb,"Suite No. 1 pour violoncelle seul in G Major, BWV 1007: Prélude - Opening",Johann Sebastian Bach;Jean-Philippe Audin,Classical,classical,Calm;Nostalgic,studying;sleep,134.081,0.334,0.0699,0.595,0.986,0.853,0.056,0.108,-19.734,158746,0
5E3RRVmYMaVXC6B8TaJ7aK,Candy for the Cannibal,Lordi,Rock,heavy-metal,Energetic,workout,148.032,0.484,0.953,0.481,0.00256,9.44e-05,0.0662,0.273,-7.097,282733,21
3867OELXCNpXgtLMPRRlNd,Black Metal,Venom,Rock,black-metal,Energetic,workout,80.076,0.265,0.756,0.444,0.000939,1.32e-05,0.0571,0.201,-12.136,224160,10
5JuN6H8LK9xysclyk356rl,Who's There,Peter Sandberg,Chill,ambient,Sad;Calm,studying;sleep,136.003,0.554,0.0782,0.0922,0.957,0.944,0.04,0.107,-23.678,157110,50
0cWpzbxRUKyM3x1R7rxBgi,Hall Of Kings,Wisp,EDM,idm,Energetic;Dark,studying;driving,95.739,0.619,0.778,0.228,0.0444,0.598,0.172,0.236,-16.775,267040,11
63xpjDxbwROqqERnq7SvlX,Pot-Pourri: Te Quero Pra Mim / Convite de Casamento / Meu Disfarce,Murilo Huff,Latin,sertanejo,Sad;Chill;Nostalgic,commute,145.069,0.458,0.469,0.303,0.583,0.0,0.0421,0.254,-7.161,323754,53
3XhxhwqJaSF4BkCVWigHig,Wahine Hololio,George Winston,Chill,new-age,Sad;Calm;Nostalgic,studying;sleep,132.482,0.506,0.00873,0.31,0.992,0.817,0.067,0.0925,-20.697,373986,23
5pT0eVpi7qZuqCFtqcErQX,Opera Reload,Living Room,Jazz,jazz,Sad;Chill,studying;commute,79.988,0.373,0.48,0.345,0.307,0.855,0.0326,0.731,-12.869,199564,0
3oHSL6pt9LpNrQZuQGu9wL,"Requiem, K. 626: Lacrimosa","Wolfgang Amadeus Mozart;Michael Finnissy;Academy of Ancient Music;Stephen Cleobury;Choir of King's College, Cambridge",Classical,classical,Sad;Calm,studying;sleep,132.047,0.162,0.0898,0.0413,0.944,0.917,0.0354,0.187,-23.269,169666,62
4J0LMAbGMFktgaR9CfF5FU,"Oh, Round Lake",Novo Amor,Chill,ambient,Sad;Calm,studying;sleep,124.824,0.564,0.227,0.222,0.963,0.000824,0.0407,0.0601,-14.668,175093,51
48oUsw9LrmRT7paajfxU77,大風吹,No Party For Cao Dong,Pop,mandopop,Chill,commute;cooking;driving,175.944,0.523,0.543,0.489,0.0694,0.00234,0.0385,0.0516,-9.544,236080,52
45PD1shJcUVckmslQycpEL,Maravilha Te Amar,Os Travessos,Latin,pagode,Happy;Energetic;Motivated,driving,98.334,0.643,0.848,0.9,0.192,0.0,0.056,0.121,-9.404,189466,51
1yZKiXqW2nLzRjUHyRTYAx,Ponto Final / Ponto Fraco - Ao Vivo,Rodriguinho;Gaab;Mr. Dan;Thiaguinho,Latin,pagode,Energetic;Motivated,workout,149.594,0.501,0.878,0.635,0.469,0.0,0.102,0.696,-4.099,228309,40
73ej5lGd0Pyji6pbIBQ9fi,Holiday (2015 - Remaster),Scorpions,Rock,hard-rock,Sad;Chill,commute,117.95,0.436,0.426,0.305,0.371,0.0133,0.0311,0.242,-8.683,391360,22
4h5X8Gsqd1PjQKgSUjbwHh,Golpe Sem Roupa,Fiduma & Jeca;Guilherme & Benuto,Latin,sertanejo,Energetic;Motivated,workout;driving,117.855,0.622,0.819,0.627,0.352,0.0,0.0524,0.144,-2.683,176277,46
6y2Kaz9QI01XBKJ8mTb7Pf,Skin,Rag'n'Bone Man,R&B,soul,Dark,workout;commute;driving,170.661,0.564,0.745,0.351,0.265,0.0,0.31,0.147,-7.733,239626,68
1B5YsfY3azhY2WBsyK0NgC,I've Earned My Time,Upon A Burning Body,Rock,death-metal,Energetic;Dark,workout,127.343,0.459,0.995,0.29,0.000123,0.0,0.131,0.183,-2.107,187733,23
5J4ZkQpzMUFojo1CtAZYpn,Love Me Harder,Ariana Grande;The Weeknd,EDM,dance,Dark,commute;driving,98.992,0.472,0.714,0.24,0.00937,0.0,0.0334,0.0764,-4.389,236133,78
77NeUUVZdOnXUqeF6Iakb4,By Heart,Jim Brickman,Chill,new-age,Sad;Calm,sleep,131.556,0.41,0.254,0.289,0.484,0.0,0.0284,0.126,-12.033,228053,20
6Upu6yjkdi0DVI8E3IBZEU,Don't Wanna Cry,SEVENTEEN,Pop,k-pop,Happy,commute;party;cooking;driving,100.005,0.781,0.683,0.722,0.164,1.53e-06,0.0325,0.16,-4.258,203426,71
3VV5d66lAtFIusefvr1ssz,Skating,Vince Guaraldi Trio,Jazz,jazz,Calm;Nostalgic,studying;sleep,130.342,0.473,0.297,0.551,0.75,0.535,0.0321,0.129,-17.103,145640,0
1DXTkrWs5R0WFLaE776Ath,Weightless,Old 97's,Pop,power-pop,Chill,commute;cooking,84.097,0.528,0.423,0.474,0.0717,0.00215,0.025,0.276,-10.147,224426,21
3hVc5y5mbcIEPADRGGGru9,One Bottle Down,Yo Yo Honey Singh,Hip-Hop,hip-hop,Dark,commute;driving,131.966,0.655,0.629,0.193,0.00109,0.063,0.0415,0.0752,-7.231,196556,59
4lZ0S6jbJbeOmkfFXfDNxl,Turn Out the Lights,Julien Baker,Chill,ambient,Sad;Calm,studying;sleep,82.5,0.429,0.292,0.0352,0.725,2.1e-05,0.0278,0.0887,-7.65,203973,46
2o3OUVwsBPBypjRQObZsVj,Lotus,Within Destruction,Rock,death-metal,Energetic;Dark,workout,82.862,0.33,0.97,0.251,2.77e-05,0.000117,0.182,0.355,-4.042,212858,47
0DWUfq7vSAArkz82XHnuGm,SEM LIMITES,WC no Beat;LUDMILLA;Vitão,R&B,funk,Happy;Romantic,commute;cooking;driving,141.946,0.721,0.599,0.665,0.416,0.0,0.299,0.14,-5.41,171370,44
2fHFLyzAQYlguX5q0DfKlD,I Know There's Gonna Be (Good Times),Jamie xx;Young Thug;Popcaan,EDM,electronic,Chill,commute;cooking,89.606,0.657,0.597,0.486,0.12,0.0,0.168,0.477,-9.919,213622,59
57NChv3uzjm8y4Y3x3Y8g0,Aç Sesini,Sertab Erener,Pop,j-pop,Energetic;Dark,workout,67.006,0.562,0.751,0.341,0.136,1.45e-06,0.0315,0.0895,-6.478,240933,38
2oGCF7bqdm78ERoKVUp7LT,"12 German Dances, K. 586: No. 2 in G Major",Wolfgang Amadeus Mozart;Wiener Mozart Ensemble;Willi Boskovsky,Classical,classical,Calm,studying;sleep,153.056,0.464,0.125,0.813,0.919,0.13,0.0693,0.284,-16.569,94666,1
2gNMXJDKRmKWuevBGjN8wo,3:59 AM,DIVINE,Hip-Hop,hip-hop,Dark;Chill,commute;driving,97.026,0.669,0.588,0.237,0.177,0.0,0.339,0.179,-6.902,272197,67
1SZp7sIqzHHh1YMaMu8FL2,"12 Variations on an Allegretto in B Flat, K.500: 11. VariatiIon X",Wolfgang Amadeus Mozart;Danielle Laval,Classical,classical,Sad;Calm;Nostalgic,studying;sleep,100.924,0.372,0.0722,0.324,0.993,0.898,0.0331,0.0886,-24.857,64379,9
3Yo9kEVE2UVSVFtxNXK2u2,Broken,12 Stones,Rock,grunge,Energetic;Motivated,workout,96.925,0.531,0.95,0.525,0.00362,0.0,0.0486,0.378,-3.926,179066,53
0dHSlVVbPb7hiGdlkMv6vB,Caminito - Remastered,Libertad Lamarque,Latin,tango,Sad;Calm;Nostalgic,studying;sleep,111.087,0.48,0.101,0.345,0.949,1.24e-05,0.0516,0.109,-11.186,185733,19
5u8XmgNqmWZORE6XByIj1J,O Povo da Periferia (Expressão Ativa),Ndee Naldinho,R&B,r-n-b,Calm;Romantic,studying;commute,133.96,0.804,0.371,0.749,0.515,1.08e-05,0.138,0.173,-15.462,469999,42
6rPO02ozF3bM7NnOV4h6s2,Despacito - Remix,Luis Fonsi;Daddy Yankee;Justin Bieber,Latin,latin,Happy;Energetic;Motivated,workout;driving,178.085,0.653,0.816,0.816,0.228,0.0,0.167,0.0967,-4.353,228826,72
3S0vUpTBgQDPt88rKzssCM,"Lakmé, Act 1: Dôme épais le jasmin ""Flower Duet""",Léo Delibes;Carl Davis;Royal Liverpool Philharmonic Orchestra;Janice Watson;Ruby Philogene;The King's Division Normandy Band,Classical,opera,Sad;Calm,studying;sleep,81.64,0.34,0.217,0.119,0.98,7.67e-05,0.0502,0.301,-15.874,91466,21
6Xt4HVQvuWd8yIgUNT4knk,Don't Forget To Feed The Reindeer,Peggy Lee,Jazz,jazz,Calm,studying;sleep,115.581,0.755,0.224,0.759,0.864,0.0,0.0483,0.335,-11.333,167693,0
7AsG1F1eMWd17RYan8M3Wm,Dil Nu,AP Dhillon;Shinda Kahlon,Hip-Hop,hip-hop,Happy,commute;party;cooking;driving,117.979,0.811,0.655,0.925,0.0947,1.63e-06,0.0353,0.068,-7.118,233666,71
64bYbVvaukSYcWrUrO6klS,Complete Collapse,Sleeping With Sirens,Rock,metalcore,Energetic,workout,163.081,0.416,0.945,0.491,0.000602,0.0,0.195,0.367,-3.641,192553,57
2DQ1ITjI0YoLFzuADN1ZBW,No Limit,G-Eazy;A$AP Rocky;Cardi B,Pop,indie-pop,Energetic,workout;driving,175.957,0.838,0.771,0.405,0.0117,0.0,0.244,0.0853,-3.791,245386,71
6LDFqCyhyk8WOUve5amVjL,Kardia Koita,George Perris;George Dalaras,Classical,opera,Romantic;Chill;Nostalgic,commute;cooking,91.84,0.582,0.45,0.579,0.466,0.0,0.027,0.067,-6.552,209826,22
4BrchLoM7UtgFfMjp3eQ1z,Bitterusso champagne - Ao vivo,O Rappa,R&B,r-n-b,Energetic,workout,170.013,0.459,0.9,0.488,0.301,0.087,0.111,0.874,-5.215,202457,41
7n8sDrEcuMt0yezLDhIbnN,Come Together,Nox Vahn;Marsh,EDM,progressive-house,Energetic;Dark,workout,79.465,0.306,0.851,0.0392,0.00254,0.212,0.056,0.355,-10.907,222142,49
3bmGBhoUWB52iL5GpPRYGT,"Antiche danze ed arie per liuto, Suite No. 3, P. 172: 3. Siciliana. Andantino",Ottorino Respighi;Berliner Philharmoniker;Herbert von Karajan,Classical,classical,Sad;Calm,studying;sleep,105.168,0.212,0.147,0.155,0.969,0.898,0.0406,0.111,-19.979,206000,1
27OeeYzk6klgBh83TSvGMA,WITHOUT YOU,The Kid LAROI,Hip-Hop,hip-hop,Chill,commute;cooking,93.005,0.662,0.413,0.467,0.213,0.0,0.0299,0.134,-7.357,161384,80
39E9H1TC1i2BM2S9oaNbS6,About Damn Time - Purple Disco Machine Remix,Lizzo;Purple Disco Machine,Hip-Hop,hip-hop,Happy;Energetic;Motivated,workout;party;driving,118.991,0.8,0.771,0.886,0.0531,0.0,0.123,0.229,-6.638,218476,5
7Ie9W94M7OjPoZVV216Xus,Not Afraid,Eminem,Hip-Hop,hip-hop,Happy;Energetic;Motivated,workout;party,114.635,0.855,0.954,0.668,0.529,0.0,0.264,0.205,-1.19,248133,81
3zkoCPVFKWD6RpwpqqNyLo,Dulce,Little Symphony,Chill,ambient,Sad;Calm,studying;sleep,81.342,0.183,0.123,0.0448,0.694,0.937,0.051,0.373,-21.108,77647,27
1lyZAqin56kwnPlKLbs5xO,The Coolest Cat,Toini & The Tomcats,Rock,rockabilly,Happy;Energetic;Motivated,workout,104.429,0.646,0.909,0.837,0.182,0.000436,0.04,0.17,-3.308,174066,28
7nHQMSRzvcv9nxp2TmIdtV,某夜後台,my little airport,Pop,cantopop,Chill,commute;cooking,80.002,0.525,0.504,0.555,0.229,0.0333,0.0259,0.128,-11.539,174769,45
5uHy68Q7ZWe8Qq9k7EAprS,Sheesha,Karan Aujla,Hip-Hop,hip-hop,Dark,commute;driving,93.886,0.708,0.672,0.399,0.322,0.0,0.0582,0.135,-7.493,160851,72
12LE4Omy9ze8xTOMofMVB3,"Porkanda Singam (EDM Version) [From ""Vikram""]",Anirudh Ravichander,Hip-Hop,hip-hop,Energetic,workout;driving,158.932,0.685,0.755,0.422,0.102,0.194,0.0476,0.159,-6.045,149433,65
1nQ4jgCNZ6Vj6XUCLjK1Q1,Tô Preparado,DJ PV;André e Felipe,R&B,gospel,Happy;Energetic;Motivated,workout;driving,166.019,0.452,0.832,0.852,0.0766,0.0,0.0652,0.373,-2.839,189085,41
5HCyWlXZPP0y6Gqq8TgA20,STAY (with Justin Bieber),The Kid LAROI;Justin Bieber,Hip-Hop,hip-hop,Energetic,workout;driving,169.928,0.591,0.764,0.478,0.0383,0.0,0.0483,0.103,-5.484,141805,89
43jdwv0eTXxB2NsAiDTqxh,Hopeless Romance,Goodnight Fellows,Rock,alt-rock,Calm;Chill,commute,171.993,0.643,0.349,0.798,0.0329,0.0,0.0406,0.0669,-10.85,211070,36
6jWV2lxYytUjUt9zCEYMJ1,I Desire More,Crystal Aikin,R&B,gospel,Energetic;Dark,workout;driving,200.063,0.258,0.8,0.228,0.142,0.0,0.091,0.144,-4.652,258200,37
4Mh04VNolWA9g97ychP72l,Offshore,Shubh,Hip-Hop,hip-hop,Calm,commute,159.986,0.801,0.346,0.653,0.0468,0.00169,0.252,0.112,-13.455,172054,69
11f1KQMywElQqQn6naiKy4,Llegara la Paz,Pappo;Almafuerte,Rock,heavy-metal,Happy;Energetic;Motivated,workout,140.192,0.365,0.912,0.701,7.24e-05,0.000634,0.0442,0.707,-5.877,214533,37
67u3IsSI1tmEsF7jZWPQWc,When Orange is the Sky,Fabrizio Paterlini,Chill,ambient,Sad;Calm,studying;sleep,127.773,0.309,0.0278,0.24,0.988,0.952,0.043,0.081,-38.497,99049,58
3QFlqpEXLKXpU56dENcuiy,Dale Don Dale,Don Omar,Hip-Hop,hip-hop,Happy;Energetic;Motivated,party;driving,95.022,0.831,0.818,0.819,0.0245,0.000319,0.0824,0.0892,-7.827,212413,1
1dHiSGzb9WFtDKnBFJs4KO,Just Say,Coco & Breezy;Tara Carosielli,R&B,soul,Calm,commute;cooking,119.993,0.83,0.419,0.511,0.0465,0.0145,0.063,0.0815,-9.76,166000,67
7t3Xdbufg7q2onVsR8RBdY,Fire On Fire,Sam Smith,EDM,dance,Sad;Chill;Nostalgic,commute,115.129,0.584,0.408,0.333,0.476,0.0,0.0461,0.18,-7.356,246735,78
4yffABDkB5A9flvr9vQFck,Howlin' for You,The Black Keys,Rock,alt-rock,Dark,workout;commute;driving,132.921,0.725,0.747,0.38,0.0272,0.0468,0.0876,0.104,-5.545,191956,66
22LjfafJJbajmRvtsSTGcZ,"Não É Conselho, É Visão",KayBlack;MC Ryan SP;Nagalli;WEY,R&B,funk,Dark,commute;driving,90.26,0.687,0.707,0.463,0.0866,0.0,0.0865,0.173,-6.417,224000,49
7CcqOJJOMBEDORXJzkDdjP,Zaïs: Overture - Live,Jean-Philippe Rameau;Les Musiciens du Louvre;Marc Minkowski,Classical,opera,Sad;Calm;Chill,studying,127.044,0.367,0.349,0.244,0.872,0.74,0.0532,0.1,-15.256,347000,21
0WtM2NBVQNNJLh6scP13H8,Calm Down (with Selena Gomez),Rema;Selena Gomez,Pop,pop,Happy;Energetic;Motivated,party;driving,106.999,0.801,0.806,0.802,0.382,0.000669,0.0381,0.114,-5.206,239317,92
6L7KVaJCXL8sxUzByOVFKp,"The Seasons, Op. 37a, TH 135 (Excerpts): No. 6, June ""Barcarolle""",Pyotr Ilyich Tchaikovsky;Una Bourne,Classical,classical,Calm;Nostalgic,studying;sleep,155.492,0.207,0.144,0.358,0.994,0.866,0.039,0.33,-26.105,185453,0
6nQanke7CG03HzTKpjXlhV,"Idomeneo, re di Creta, K.366 / Act 3: Marcia - Live",Wolfgang Amadeus Mozart;English Baroque Soloists;John Eliot Gardiner,Classical,classical,Sad;Calm;Nostalgic,studying;sleep,94.799,0.199,0.00734,0.327,0.805,0.000513,0.0379,0.542,-39.346,83666,7
0q59Jkp2k9QEXctrkNokst,Saguaro Dew,Dan Gibson's Solitudes,Chill,new-age,Sad;Calm,studying;sleep,79.387,0.19,0.034,0.0381,0.963,0.575,0.0414,0.337,-26.14,744173,20
4WPXmPeBP3FKFxYD1uioJk,Picky,Joey Montana,Latin,latino,Happy;Motivated,commute;party;driving,93.249,0.803,0.745,0.792,0.159,0.0,0.0689,0.243,-4.685,180640,0
5UGUV0sOHUlckbPNW6AXUd,Silver Surfer,Callejon,Rock,metalcore,Energetic;Dark,workout,90.07,0.4,0.898,0.333,0.000418,0.0,0.0471,0.522,-4.836,211176,27
2MJhYjlmSHLGblwqnblweV,Purcell : King Arthur : Overture to Act 1,William Christie,Classical,opera,Calm,studying;sleep,139.536,0.452,0.151,0.67,0.849,0.177,0.0435,0.592,-22.641,113333,23
1O6OPFAXdTdjHtT7Z2Hlt8,Goodness of God,Bethel Music;Jenn Johnson,Chill,ambient,Sad;Calm,studying;sleep,110.424,0.37,0.119,0.183,0.953,1.97e-06,0.0392,0.099,-11.513,456480,61
7rtoBjKmANfE5lEd8J64uq,"Ciganské melodie, Op. 55, B. 104 - Arr. by Jiri Teml: IV. Kdyz mne stara matka",Anna Netrebko;PKF – Prague Philharmonia;Emmanuel Villaume,Classical,opera,Sad;Calm,studying;sleep,85.104,0.194,0.101,0.0647,0.965,0.0235,0.0385,0.106,-19.646,190480,19
40KUzcToZooV3Gair9v4I9,CHEI DE GATA,Flora Matos,R&B,r-n-b,Happy;Motivated,workout;commute;party;driving,134.945,0.8,0.724,0.685,0.388,0.000145,0.0404,0.125,-8.101,159937,42
2eEpacct3ss21cgswjMEdw,Mess It Up,Gracie Abrams,Pop,indie-pop,Dark,commute;driving,132.992,0.765,0.582,0.36,0.245,8.21e-05,0.12,0.154,-4.528,171280,0
7KRGQmYu7yEixrsG8fME6Z,Kittys Journey,Boris Brejcha,EDM,minimal-techno,Dark,studying;commute;cooking;driving,124.99,0.826,0.577,0.45,0.000236,0.589,0.0469,0.0733,-10.558,464640,47
0lmuyNAxG9YA3LfXftGzPS,For Mark,Joep Beving,Chill,ambient,Sad;Calm,studying;sleep,138.564,0.277,0.0148,0.153,0.994,0.917,0.035,0.103,-33.992,309600,50
4pt5fDVTg5GhEvEtlz9dKk,I WANNA BE YOUR SLAVE,Måneskin,Pop,indie-pop,Happy,commute;party;cooking;driving,132.507,0.75,0.608,0.958,0.00165,0.0,0.0387,0.178,-4.008,173346,83
69qS0nLru3PGLelhY1so3B,"Carmen, Act III, No.19 bis Récit: Que regarde-tu donc? (Carmen/Don José)",Georges Bizet;Angela Gheorghiu;Michel Plasson;Wolff;Orchestre National Du Capitole De Toulouse,Classical,opera,Sad;Calm,studying;sleep,101.144,0.381,0.0792,0.0704,0.984,0.0,0.057,0.141,-20.414,118533,20
5ONoPS5pUghXhLhqaKsFal,This Forever,Kodak Black,Hip-Hop,hip-hop,Motivated,workout;commute;party;driving,161.657,0.753,0.701,0.517,0.00291,7.77e-06,0.405,0.151,-5.249,161115,1
220KFUVjdcPP0Nw0pUpyeU,Crisantemi,Giacomo Puccini;Arioso Quartett Wien,Classical,classical,Sad;Calm,studying;sleep,83.844,0.15,0.106,0.0553,0.842,0.835,0.0426,0.111,-18.592,342893,0
6y07btbdPt9vgKj5O7Rx1M,Ninguém Pode Impedir,Rose Nascimento,R&B,gospel,Dark,workout;commute;driving,135.552,0.525,0.721,0.342,0.743,0.0,0.0413,0.078,-2.376,239053,40
162RpF0I5vMGaBMMsZ6vqb,Dono do Meu Barco,Arena Louvor;Fernandinho,R&B,gospel,Dark,commute;driving,135.998,0.5,0.659,0.315,0.506,0.0,0.0299,0.455,-6.531,434218,40
5lzWaLo9fTcYDHIx1w0MQM,En Esta Tarde Gris (with Leopoldo Federico y Su Orquesta),Julio Sosa;Leopoldo Federico y su Orquesta,Latin,tango,Romantic;Chill;Nostalgic,commute;cooking;driving,115.293,0.48,0.544,0.491,0.871,0.000219,0.067,0.413,-8.386,228173,19
61f7OTlfrjrZqZc8YZtNGd,Real Life (Mixed),Burna Boy;Stormzy,EDM,dance,Chill,commute;cooking,75.493,0.437,0.592,0.632,0.181,6.45e-06,0.299,0.331,-9.726,124000,4
1FqO0g7Qzy9XhSvSJDVHLw,No Es Culpa Tuya,Chuy Lizarraga y Su Banda Tierra Sinaloense,R&B,r-n-b,Happy;Chill,commute;cooking;driving,138.849,0.644,0.525,0.885,0.403,0.0,0.0321,0.0545,-2.972,168293,44
0e8fTfa0ZKCwOi2UdULooT,Particula,Major Lazer;DJ Maphorisa;Nasty C;Ice Prince;Patoranking;Jidenna,EDM,edm,Dark,commute;driving,100.002,0.678,0.735,0.386,0.0265,2.19e-05,0.0488,0.235,-4.725,204654,51
2JJstgu72jt2qlB9Bw384J,Pra Você,Novo Som,R&B,gospel,Sad;Chill,studying;commute,127.68,0.562,0.406,0.263,0.654,0.0,0.0267,0.0753,-9.924,294586,37
3NGT0Td7H4Is1qrlDQJxma,Check Yo Self - Remix,Ice Cube;Das EFX,R&B,funk,Happy;Motivated,commute;party;driving,101.368,0.934,0.735,0.768,0.031,8.6e-06,0.251,0.107,-6.668,273106,71
1H25cHqoclhvwvl7BPyCbW,Hula Hoop,Daddy Yankee,Hip-Hop,hip-hop,Happy;Energetic;Motivated,workout;party;driving,175.998,0.799,0.818,0.951,0.113,0.00315,0.0801,0.0942,-4.628,236493,4
5lNQ2M1yJ1HAQGHgUfLlY3,Selfmade,Sidhu Moose Wala,Hip-Hop,hip-hop,Dark,commute;driving,91.952,0.659,0.666,0.326,0.0988,0.0,0.041,0.278,-4.757,179513,60
2T1SNgLERipx3n6iVTeHZA,Shaky Shaky - Remix,Daddy Yankee;Nicky Jam;Plan B;Rome & Urba,Hip-Hop,hip-hop,Happy;Energetic;Motivated,workout;party;driving,175.908,0.813,0.786,0.828,0.107,0.0,0.154,0.238,-4.133,234560,4
25M56KGDZ2hoxd9X6XoAYk,The Funeral Seemed to Be Endless,Marduk,Rock,black-metal,Energetic;Dark,workout,168.725,0.163,0.98,0.219,1.48e-06,0.253,0.132,0.25,-6.672,213866,16
1Nb2v2LCq4dgZLorOGZhNJ,Weak,Deep Chills;Le Boeuf;Kersty Ryan,EDM,deep-house,Happy,commute;party;cooking;driving,119.023,0.795,0.698,0.739,0.416,4.9e-06,0.0462,0.0834,-5.751,141488,50
4lyY06kGvzvmG6ErToOVLe,Dream 1 (before the wind blows it all away) - Pt. 2,Max Richter,Chill,ambient,Sad;Calm,studying;sleep,64.329,0.314,0.00174,0.0628,0.994,0.97,0.0473,0.11,-37.754,142355,54
2aE4cIKXiR4jFdxHK0n75M,The Mass,ERA,Chill,new-age,Dark,commute;driving,109.753,0.772,0.619,0.338,0.56,0.0423,0.0294,0.105,-8.092,220920,55
3GVkPk8mqxz0itaAriG1L7,Everybody Dies In Their Nightmares,XXXTENTACION,Rock,emo,Happy;Romantic,commute;cooking;driving,129.953,0.734,0.57,0.689,0.847,2.14e-05,0.133,0.112,-7.066,95466,85
7KvKyP3l4lYjB0VVrOsEPr,Vertige - Goa Gil Burning Man Mix,Asia 2001;Goa Gil,EDM,trance,Energetic;Dark,workout;studying,146.027,0.527,0.973,0.182,0.000975,0.719,0.0447,0.367,-9.568,550066,32
369GEQbhFyeOV7SyoleoCr,Sexo,Junior Gonzalez;Larry Harlow,Latin,salsa,Happy,commute;cooking;driving,100.013,0.652,0.696,0.675,0.795,0.00589,0.0373,0.311,-7.248,349733,26
2jt9VV6QGn0tbwkrr26OO6,Arrogant,AP Dhillon;Shinda Kahlon;Gminxr,Hip-Hop,hip-hop,Dark,commute;driving,95.003,0.751,0.739,0.405,0.2,0.0,0.045,0.0926,-6.977,102315,68
6eYsOcDdB5b6rTO5ubMxeV,"Private Party (From ""Don"")",Anirudh Ravichander;Jonita Gandhi,Hip-Hop,hip-hop,Happy;Energetic;Motivated,workout;party,124.031,0.862,0.886,0.896,0.184,1.33e-06,0.123,0.0565,-5.423,216774,71
5JtvedSVWW9McnoEAPJwQm,Sex Sounds,Lil Tjay,R&B,r-n-b,Sad,commute,130.033,0.857,0.427,0.366,0.281,0.0,0.112,0.108,-8.638,162453,76
38LW3UyUW7kT997gH0GszN,"Puccini: La bohème, Act 3: ""Dunque è proprio finita?"" (Rodolfo/Mimì/Marcello/Musetta)","Giacomo Puccini;Giuseppe Di Stefano;Maria Callas;Rolando Panerai;Anna Moffo;Orchestra Del Teatro Alla Scala, Milano;Antonino Votto;Orchestra Del Teatro Alla Scala Di Milan",Classical,opera,Sad;Calm,studying;sleep,80.531,0.18,0.132,0.0552,0.985,0.0115,0.0426,0.108,-15.05,354960,22
6WaxeUC6Fi51agkvyVwhFf,Sheltered Shore,Dan Gibson's Solitudes,Chill,new-age,Sad;Calm,studying;sleep,139.196,0.297,0.158,0.112,0.872,0.0752,0.483,0.972,-30.936,603533,21
4MwKWD6DeX4R4QS741FTbK,MINI GAME ASSOMBRADO CLUB DZ7,DJ GH7;Mc Gw,R&B,funk,Dark;Chill;Nostalgic,commute;driving,130.146,0.692,0.582,0.393,0.562,0.0,0.0734,0.131,-2.514,168089,45
0Ja4hLKiUSw01E01pJ1yGr,Breathe,The Prodigy,EDM,breakbeat,Energetic;Dark,workout;studying;driving,130.041,0.673,0.808,0.303,0.0121,0.878,0.0491,0.037,-6.183,336280,66
4gp3l2UJgijTiAJ9W2nlaV,"Verdi: Aida, Act 2: ""Su! del Nilo al sacro lido"" (Chorus, Amneris, Aida)",Giuseppe Verdi;Riccardo Muti;New Philharmonia Orchestra,Classical,opera,Sad;Calm,studying;sleep,90.051,0.286,0.166,0.0385,0.982,0.000864,0.0421,0.0384,-17.15,169373,21
22qzLnVq7so9wQK0bxWc6v,A Gente Se Pá - Ao Vivo,Atitude 67,R&B,funk,Energetic;Motivated,workout;driving,167.923,0.627,0.759,0.635,0.477,0.0,0.0824,0.779,-4.195,190099,48
5MTxU2PS6IJVhFHtzMlvyB,Prajna,Little Symphony,Chill,ambient,Sad;Calm,studying;sleep,86.731,0.157,0.118,0.262,0.845,0.908,0.0521,0.119,-23.331,76190,27
39QJ7KkN3L8LLqQqsO85W1,Saiyaan Ji,Yo Yo Honey Singh;Neha Kakkar;Nushrratt Bharuccha,Hip-Hop,hip-hop,Happy,commute;party;cooking;driving,130.024,0.896,0.678,0.604,0.0137,4.1e-05,0.0815,0.11,-2.546,205450,57
2P13hDaVsOIvltSsXmZzXs,Is This the Life I Chose?,Aaryan Shah,R&B,soul,Sad;Calm;Chill,studying,93.941,0.599,0.332,0.184,0.744,6.93e-05,0.0497,0.133,-9.434,217173,54
3jUOrQ2uKek4CMgJEa4ihB,Bica Na Canela,MC Hariel,R&B,funk,Dark,workout;commute;party;driving,127.868,0.712,0.719,0.469,0.324,0.0,0.393,0.0395,-2.993,242823,51
2oBXk4qijx2rEbezdwGyea,Atrai Meu Coração (Ao Vivo),Filhos Do Homem,R&B,gospel,Sad;Calm,sleep,139.852,0.544,0.271,0.233,0.418,7.32e-05,0.0259,0.106,-13.203,322561,39
6KuIO7Ya84QfWoR0JLXn6B,Sirion,Little Symphony,Chill,ambient,Chill;Nostalgic,studying;commute,95.325,0.115,0.43,0.362,0.879,0.978,0.06,0.119,-26.167,127467,28
1sroeVHD561J3z28gphnlf,Tibeyan Da Putt,Sidhu Moose Wala,Hip-Hop,hip-hop,Happy;Chill,commute;cooking;driving,116.498,0.54,0.56,0.727,0.0466,0.0,0.381,0.218,-8.176,308571,61
53lFtfrl5Of2Hkr5eiNscQ,時光機,Terence Siufay,Pop,cantopop,Chill,commute,126.898,0.588,0.465,0.392,0.345,0.0,0.0293,0.0763,-7.488,208004,54
7urxY2iebJABhKrHwmqG95,"La Boutique fantasque, P.120 - Arr. Respighi: 14. Galop",Gioachino Rossini;National Philharmonic Orchestra;Richard Bonynge,Classical,classical,Calm;Nostalgic,studying;sleep,115.119,0.366,0.289,0.402,0.937,0.822,0.0443,0.317,-18.305,295160,0
6Qe3oEUnOc3YkmDtvoFRLj,All Made Up,The Reflectors,Pop,power-pop,Happy;Energetic;Motivated,workout,156.836,0.411,0.918,0.673,0.00822,6.68e-05,0.0477,0.109,-6.479,131573,19
3B9LsCt8XcnoY6WuQZrGWP,5:50 AM (feat. André Freitas) - Ao Vivo,Resgate;André Freitas,R&B,gospel,Dark,commute,83.267,0.286,0.632,0.231,0.0892,1.43e-05,0.0547,0.683,-6.876,301866,39
1ziPUOfnmbNmEPS7ToCGMK,El Inventor Del Mal,Los Antiguos,Rock,heavy-metal,Energetic;Dark,workout,92.718,0.424,0.915,0.245,7.29e-06,0.0689,0.0308,0.391,-5.182,283376,35
7rgUYidQh5tH0YlXCoKaYJ,You Really Got A Hold On Me - Remastered 2009,The Beatles,Rock,psych-rock,Calm;Romantic;Chill,studying;commute,77.643,0.373,0.388,0.687,0.525,0.0,0.0337,0.267,-9.31,181346,53
5vCFfES6cDhDWyTYH4ZwZb,Ready 2 Wear - Benny Benassi Remix,Felix Da Housecat;Benny Benassi,EDM,chicago-house,Dark,commute;cooking;driving,129.983,0.67,0.679,0.43,0.0119,0.0538,0.267,0.0856,-5.989,379520,15
1wn8wa2Vbsj5TZfKQN3rbM,"Vespri Siciliani - Mercé, dilette amiche",Giuseppe Verdi;Vincenzo Ciliberti,Classical,classical,Romantic;Chill;Nostalgic,studying;commute;cooking,125.921,0.336,0.485,0.546,0.949,0.937,0.052,0.844,-11.719,214455,0
2MzU5lu3pSa0WkDKT13NqX,Worlds On Fire,Afrojack;R3HAB;Au/Ra,EDM,edm,Energetic;Dark,workout;driving,124.039,0.621,0.756,0.265,0.0752,1.17e-06,0.114,0.65,-5.623,174193,1
5OGh55D2BCGYzwn3wEeJAN,Christmas Time Is Here,Vince Guaraldi Trio,Jazz,jazz,Sad;Calm,studying;sleep,75.271,0.367,0.122,0.104,0.984,4.4e-05,0.0319,0.172,-21.34,163093,0
47NLAeGZM4cNB3vaOAL5Ik,涙の海で抱かれたい~SEA OF LOVE~ [2018 Remaster],サザンオールスターズ,Pop,j-pop,Happy;Energetic;Motivated,workout,138.915,0.515,0.927,0.708,0.021,0.0,0.0463,0.131,-3.745,267253,38
4xzYXvgKLkX8YRgw8kuvvZ,Nosso Sonho Não é Ilusão / Tão Só - Ao Vivo,Só Pra Contrariar,Latin,pagode,Dark,commute;cooking;driving,134.053,0.651,0.668,0.445,0.75,1.08e-05,0.0364,0.931,-8.194,241613,45
03Bw46XAhNczTEJvT7jtzK,The Release,Paul Cardall,Chill,new-age,Sad;Calm,studying;sleep,80.689,0.279,0.0509,0.0401,0.981,0.945,0.0371,0.11,-18.247,203546,21
1T7QAliOBS2iHntHcTs6jI,The Other Side,Mike Rowland,Chill,new-age,Sad;Calm,studying;sleep,82.104,0.172,0.17,0.121,0.902,0.84,0.0319,0.0965,-14.268,348493,21
6L5QMBrydoaapTDMQ0Anui,Guilty All the Same (feat. Rakim),Linkin Park;Rakim,Rock,grunge,Energetic;Motivated,workout,100.012,0.566,0.969,0.641,0.0287,0.000442,0.046,0.281,-3.369,355120,59
4vHmjZItpw8mWbcRBeWShV,"Le nozze di Figaro, K.492 / Act 3: (La marcia)",Wolfgang Amadeus Mozart;Radio-Symphonie-Orchester Berlin;Ferenc Fricsay,Classical,classical,Calm;Nostalgic,studying;sleep,124.632,0.602,0.25,0.362,0.964,0.89,0.0422,0.175,-12.717,74866,9
6iHbjtE81qfwU4RacVYDqP,Everytime I See You,E-Dee,EDM,j-dance,Happy,commute;cooking;driving,129.378,0.521,0.686,0.624,0.0141,0.0,0.291,0.0846,-8.002,206222,31
1qSnfG6dFPlAo6kq8OAVED,我只在乎你,Teresa Teng,Pop,mandopop,Sad;Chill,commute,140.128,0.553,0.478,0.154,0.915,0.000316,0.0285,0.277,-9.405,252146,52
16frIpnyUb9poRwQxQTmaC,Come With Me,Surfaces;salem ilese,R&B,soul,Happy,commute;cooking;driving,111.936,0.876,0.565,0.931,0.16,0.0284,0.0333,0.114,-6.569,209732,72
1mpVT3sGSMQzhsmDR5O68R,Una Vez Mas,Willie Gonzalez,Latin,salsa,Chill,studying;commute;cooking,95.77,0.692,0.427,0.867,0.547,1.69e-06,0.0347,0.0826,-11.57,346973,28
3uGsBBESeDs4s50u0AoZU6,"Ernani / Part 4: ""Solingo, errante misero"" - Live In New York / 1981",Giuseppe Verdi;Dame Joan Sutherland;Marilyn Horne;Luciano Pavarotti;New York City Opera Orchestra;Richard Bonynge,Classical,opera,Sad;Calm,studying;sleep,85.646,0.27,0.255,0.136,0.969,9.37e-06,0.0568,0.717,-16.1,413053,21
7sJ0VFD8RTibWzn8oBUhzW,Esperar o Sol,Flora Matos;Stereodubs,R&B,r-n-b,Happy,commute;driving,95.273,0.579,0.731,0.5,0.364,0.0,0.26,0.224,-7.382,201226,44
6m4KhMLYzj28XmOtLL4cMU,Linia życia,Kombi,Pop,synth-pop,Energetic;Motivated,workout,154.997,0.506,0.912,0.57,0.00145,0.00283,0.0443,0.345,-10.595,250133,26
6etAsc19pzAmugWALZjpDo,Vallut Bass,AKA AKA;Junge Junge,EDM,minimal-techno,Dark,studying;commute;driving,121.984,0.776,0.608,0.347,0.146,0.894,0.0398,0.0815,-10.491,211475,52
02tjXDTJtONTpjw4XZny3n,As the Darkness Falls,Maxence Cyrin,Chill,ambient,Sad;Calm,studying;sleep,67.631,0.335,0.197,0.176,0.957,0.867,0.0407,0.13,-26.478,100600,51
6DkBCYkJW2hMahel7CK8CD,Caipira,Chitãozinho & Xororó,Latin,sertanejo,Calm;Romantic;Chill,commute,70.867,0.315,0.391,0.502,0.307,0.0,0.0329,0.623,-8.259,276680,45
6lfSsCL894Qw15xbt7cSUy,"Jai Jai Shivshankar (From ""War"")",Vishal Dadlani;Benny Dayal,Hip-Hop,hip-hop,Energetic;Motivated,workout;party,129.036,0.825,0.904,0.528,0.257,1.21e-05,0.0787,0.0715,-5.414,230557,59
5Qkixf9OjJp5a4XphaONKO,Surrender,Elvis Presley,Rock,rockabilly,Happy,commute;cooking,82.61,0.454,0.666,0.894,0.758,2.89e-05,0.0379,0.275,-8.193,112226,44
79MHQXymz8cGX8OOAjXn7J,Baby Marvake Maanegi,Raftaar,Hip-Hop,hip-hop,Energetic;Motivated,workout;driving,179.993,0.658,0.815,0.559,0.00132,0.0106,0.0559,0.178,-5.898,187541,59
7qEPgeBTHIzhc8ddT725Yi,Never Lose Sight of The Goals,For Today,Rock,death-metal,Energetic;Dark,workout,183.604,0.278,0.952,0.165,2.31e-05,0.221,0.28,0.112,-5.278,306320,22
0m85o7Xiapkqe39TV6fMOG,Pot-Pourri: Me Faz um Dengo / Disritmia - Ao Vivo,Roberta Sá;Martinho Da Vila,Latin,mpb,Happy,commute;cooking,87.91,0.644,0.685,0.563,0.598,0.00187,0.072,0.913,-8.624,323778,43
4I4CvvN1DT1yhnbukLbsd7,Ligger med en ful (feat. Markus Krunegård),Little Jinder;Markus Krunegård,Pop,synth-pop,Dark,commute;driving,108.949,0.685,0.731,0.388,0.136,5.89e-06,0.036,0.101,-5.087,182841,26
12V0iduYsoXxsQYTSeFB2H,Viah,Jass Manak,Hip-Hop,hip-hop,Energetic;Dark,workout;driving,169.975,0.533,0.757,0.358,0.00733,0.0,0.0453,0.111,-6.73,162441,59
6wfm9juwwokarp3HiI1tg2,Late,Nils Frahm,Chill,ambient,Sad;Calm,studying;sleep,103.431,0.348,0.00533,0.216,0.986,0.898,0.0415,0.108,-37.7,198584,60
58HvfVOeJY7lUuCqF0m3ly,MIDDLE OF THE NIGHT,Elley Duhé,Pop,pop,Dark,commute;driving,185.727,0.41,0.611,0.0899,0.0228,0.0,0.0467,0.116,-8.271,184447,90
70XnKsO3UnIT4FnEwChQXx,= (Equal Sign),j-hope,Pop,k-pop,Happy;Motivated,commute;driving,105.848,0.673,0.75,0.708,0.0155,5.44e-06,0.0655,0.348,-5.831,114477,73
3uZiNvBNQldjl4OJiKsuxe,Brothers Anthem,Ajay-Atul;Vishal Dadlani,Hip-Hop,hip-hop,Dark,commute;driving,95.032,0.552,0.668,0.152,0.421,0.0117,0.0473,0.159,-9.111,353676,59
2EFMxVVT7hykww7WqBnLEs,Sundhari Neeyum Sundharan Njanum,Kamal Haasan;S. Janaki,Pop,k-pop,Calm;Romantic,studying;commute,112.882,0.831,0.368,0.696,0.956,0.215,0.0353,0.158,-10.158,315010,49
3UPxTUgfoxubx8fC3wOJ0P,Angels of the Reef,Dan Gibson's Solitudes,Chill,new-age,Sad;Calm,studying;sleep,83.687,0.117,0.11,0.0449,0.977,0.741,0.0442,0.702,-26.081,350201,22
1TRgZ55GFCKSbrTb62rmra,No Competition,Jass Manak;DIVINE,Hip-Hop,hip-hop,Happy,commute;party;cooking;driving,90.019,0.868,0.635,0.621,0.164,0.0,0.227,0.0898,-6.352,205500,67
1smXC6H0O8po3P4bS7MrgC,Konuşamıyorum (Sazlıklardan Havalanan),İlhan İrem,Pop,j-pop,Chill,commute;cooking;driving,108.427,0.607,0.536,0.562,0.162,0.0692,0.0323,0.0935,-13.088,226493,41
4Ei691AKbjiGscPcMUdA4s,Facing the Sun,Fritz Kalkbrenner,EDM,minimal-techno,Chill,commute;cooking;driving,103.994,0.678,0.552,0.421,0.0061,0.000773,0.0848,0.0977,-12.34,313084,55
0RGp4KA9wvndxqPIWoKwnD,Yalgaar,Ajey Nagar (CarryMinati);Wily Frenzy,Hip-Hop,hip-hop,Happy;Energetic;Motivated,party;driving,92.033,0.726,0.818,0.812,0.538,1.01e-06,0.176,0.111,-6.522,195652,61
028JwvqdCMMYgbC5nCduyL,"無限旅程 - 電視劇 ""生命之旅"" 主題曲",Kenny Bee,Pop,cantopop,Dark;Chill,commute;driving,124.164,0.566,0.554,0.25,0.48,0.0,0.0297,0.165,-9.1,185866,18
0PnOZo90GANTX2gFRiqUn7,Esta Cobardía,Valentín Elizalde,R&B,r-n-b,Happy;Chill,commute;cooking;driving,137.885,0.551,0.529,0.886,0.641,9.17e-06,0.0729,0.207,-8.839,151920,45
3NYCaxkggl0Hh8vQptSUvV,Enola Gay - Remastered 2003,Orchestral Manoeuvres In The Dark,Pop,synth-pop,Happy;Energetic;Motivated,workout;driving,143.319,0.559,0.764,0.932,0.00441,0.0299,0.0348,0.0807,-7.058,213693,69
3z5ggGtcs4t8pizW521gW9,Pretend We're Dead,L7,Rock,grunge,Happy;Energetic;Motivated,workout;studying;driving,115.152,0.569,0.789,0.911,5.62e-06,0.642,0.0309,0.0811,-8.559,235093,60
0byw9oyQKnZ1fUWHfLQ9Wq,Pure,Cigarettes After Sex,Chill,ambient,Sad;Calm,studying;sleep,134.475,0.537,0.211,0.0399,0.557,0.804,0.0312,0.101,-13.477,254626,55
7ob56J7oycNWZP29dTVVPF,Nada Vai Superar Você,Mc Davi;Gaab;Mc Don Juan,R&B,funk,Motivated,workout;commute;driving,170.084,0.536,0.707,0.614,0.145,0.0,0.0745,0.0869,-4.774,333176,48
10jQGZHLCP8LW6hYMv1E2G,"Wagner: Tristan und Isolde, Act 3: ""Mild und leise wie er lächelt"" (Isolde's Liebestod)",Richard Wagner;Daniel Barenboim;Berliner Philharmoniker;Waltraud Meier,Classical,opera,Sad;Calm,studying;sleep,71.895,0.163,0.251,0.0346,0.977,0.0065,0.0385,0.232,-14.492,417613,23
42lrNigOec2O6S5enOL4qa,Kyrie Eleison,Dan Gibson's Solitudes,Chill,new-age,Sad;Calm,studying;sleep,91.37,0.214,0.162,0.0386,0.918,0.298,0.0384,0.112,-22.062,391333,45
1QRyL0hj1iKafA4gbSaxB7,Você - Ao Vivo,Novo Som;Catedral,R&B,gospel,Happy;Motivated,workout;commute;driving,113.272,0.654,0.742,0.785,0.581,2.23e-05,0.0259,0.712,-6.54,369400,37
7CRfakcQM3EFAWt9Rai1Xm,Se Toca Essa Moda,Jads & Jadson,Latin,sertanejo,Happy;Energetic;Motivated,workout;party;driving,119.96,0.716,0.764,0.673,0.163,0.0,0.0397,0.315,-4.644,204546,43
5aDhyRgQvfbRguxrGLypvu,Nostalgia (Live),Yanni,Chill,new-age,Dark,commute;driving,90.505,0.253,0.69,0.198,0.48,0.0553,0.0392,0.723,-7.445,271040,33
4HrGkz7sfAy0KMxbHTBpSW,y can't we b friends?,Bryce Vine,EDM,electro,Motivated,commute,87.958,0.665,0.737,0.514,0.115,0.0,0.0769,0.372,-2.976,155310,0
4lmN6bo60CdadoGImyU9X2,Caigo a los Pedazos,Asspera,Rock,heavy-metal,Energetic;Dark,driving,95.005,0.562,0.847,0.364,2.66e-05,0.0189,0.0268,0.931,-5.563,297062,26
7xcqbjV2NfxlnJzqdRuO7E,Odd Look,Kavinsky;The Weeknd,Rock,alternative,Energetic;Dark,workout,104.947,0.627,0.897,0.257,0.246,0.0,0.0504,0.117,-3.647,252853,55
1G0z8l6A0dinLBPhsY7TWN,Coisa da pele - Ao vivo,Jorge Aragão,Latin,mpb,Happy;Energetic;Motivated,workout,102.493,0.501,0.864,0.745,0.771,0.00384,0.0926,0.979,-8.877,235866,46
5OYpK0rK5cY8jJrqjiwfsw,Tu ci sei,Andrea Bocelli,Classical,opera,Sad;Chill,commute,159.797,0.205,0.484,0.147,0.845,7.37e-06,0.0449,0.293,-7.968,285796,20
1RdD6om9qJgYyCyVT5OdKe,Quiero Volver A Enamorarte,Yan Collazo,Latin,salsa,Energetic;Motivated,party;driving,100.084,0.738,0.806,0.646,0.582,0.0246,0.0467,0.113,-6.383,259522,36
7MAw33OyE75nD1om6y9bHR,AGAINST ALL ODDS,AP Dhillon;Gurinder Gill;Gminxr;Shinda Kahlon,Hip-Hop,hip-hop,Happy,commute;party;cooking;driving,158.028,0.828,0.642,0.726,0.227,7.51e-06,0.306,0.275,-8.459,170126,62
5I9sHwLDX28tLtzVgKLtpr,Everybody Loves Somebody,Dean Martin,Jazz,jazz,Calm;Romantic;Chill;Nostalgic,studying;commute,119.182,0.366,0.391,0.461,0.854,0.0,0.0425,0.352,-12.322,164546,68
31KNUC2lCIPdEeR9GSppuG,Over the Rainbow,The Ten Tenors,Classical,opera,Sad;Calm,studying;sleep,84.822,0.343,0.0681,0.187,0.962,1.16e-05,0.0367,0.0759,-19.981,194880,18
0ed0TFN1qhHxiaFs2uNtl7,Valjean's Confession - Live,Alfie Boe;Rob Houchen,Classical,opera,Sad;Calm,studying;sleep,89.193,0.391,0.111,0.153,0.902,0.0,0.0424,0.0867,-18.189,122440,21
22QRsnGR9m9fLv3czhFE0v,Crush Me,The Muffs,Pop,power-pop,Energetic,workout,116.782,0.495,0.964,0.488,0.000128,0.0,0.0586,0.251,-3.755,108360,24
5x6z3EzVJqHb7IxAaI8Qgd,Compass,Vybz Kartel,EDM,j-dance,Dark,commute;cooking;driving,138.148,0.702,0.562,0.498,0.168,9.26e-06,0.538,0.0715,-8.636,228466,21
4HMsQy6myJNy1GoCLsIDDR,與海無關 (《比悲傷更悲傷的故事》影集版插曲),告五人,Pop,mandopop,Calm;Nostalgic,studying;sleep,78.155,0.654,0.227,0.373,0.906,2.14e-05,0.0298,0.091,-12.619,245231,52
6q6zmOARk8moaflhyCfso5,Shippuden,7 Minutoz,R&B,r-n-b,Sad;Chill,commute,103.102,0.599,0.461,0.0954,0.584,0.00891,0.0424,0.288,-9.47,190104,44
2KziBBkP0lG6SC5oq5UMpj,Hell's Kitchen,Ronan Hardiman,Chill,new-age,Dark,commute;driving,135.943,0.473,0.663,0.208,0.188,0.0533,0.0706,0.359,-14.057,174053,21
7KtQd5BN1cGQIvefTWEZLq,Kaththi - Theme,Anirudh Ravichander,Hip-Hop,hip-hop,Happy;Motivated,workout;commute;party;driving,140.14,0.705,0.73,0.819,0.159,0.000239,0.346,0.154,-7.886,63706,55
7abco3aS6sgkHhPwui25AR,Ready To Dream - Dream Village 2017 Anthem,Audiotricz;Ivar Lisinski,EDM,hardstyle,Energetic;Dark,workout;driving,140.267,0.354,0.843,0.215,0.00476,0.0,0.0772,0.0593,-5.139,203890,21
0OvC1QkWdBI3ORrp2lEhNO,Pind Da Riwaaz,Wazir Patar;Azaad,Hip-Hop,hip-hop,Happy;Energetic;Motivated,party,87.989,0.904,0.767,0.656,0.0457,9.17e-06,0.232,0.072,-1.909,188181,62
1Lg48034U6ywV9IOEpOdYg,Beyond the Peak,Lauge;Baba Gnohm,Chill,ambient,Sad;Calm,studying;sleep,140.025,0.665,0.236,0.0605,0.612,0.842,0.0291,0.101,-16.209,473142,0
41Q2plsnTdz4V67yFLFcM1,Uyan Sunam Uyan,Sukriye Tutkun,Jazz,jazz,Romantic;Chill,studying;commute;cooking,115.923,0.688,0.436,0.676,0.859,0.0,0.029,0.127,-8.006,284466,38
1jjmqxL4LmMpjEqOQCAZfT,Conto as Horas,Salvador Da Rima;MC Ryan SP,R&B,funk,Romantic,commute;cooking,89.97,0.755,0.528,0.434,0.318,0.0,0.51,0.193,-5.919,170666,47
4QqDGFPT83vItfFd7v38Y8,Seresteiro das Noites,Amado Batista,Latin,sertanejo,Happy;Chill,commute;cooking;driving,121.77,0.697,0.598,0.874,0.176,0.0,0.0292,0.0429,-7.097,258920,53
0WXWiXfd4V6MCkBkrUV0NK,Evening Light,Akira Kosemura,Chill,ambient,Sad;Calm,studying;sleep,123.787,0.393,0.0399,0.147,0.982,0.892,0.0469,0.109,-27.124,141315,53
4Re2j770hsrfyVftqUN7UQ,Ela Tá Tá Tá,MC Marks;Mc Davi;Mc Don Juan,R&B,funk,Happy;Motivated,workout;commute;party;driving,121.009,0.877,0.721,0.867,0.103,0.0,0.0465,0.285,-6.438,190412,42
6YuVmHEXQU3Dgg3w3LSZnZ,Demonon Vrosis,Rotting Christ,Rock,black-metal,Energetic;Dark,studying,107.994,0.493,0.935,0.221,0.00431,0.638,0.0843,0.138,-3.148,296173,42
52LbfFLnCm9liqK6VBBoQD,Up n Stuck,22Gz;Kodak Black,R&B,r-n-b,Energetic;Dark,workout;driving,140.89,0.869,0.802,0.346,0.0978,0.0,0.504,0.0998,-3.37,193970,0
2eiLEt0CbVjbC2OB3W7Gi1,"Verdi: Aida, Act 2: ""Chi mai fra gl'inni e i plausi"" (Schiave, Amneris)",Giuseppe Verdi;Riccardo Muti;New Philharmonia Orchestra,Classical,opera,Sad;Calm,studying;sleep,88.389,0.19,0.0638,0.0496,0.987,0.0032,0.0413,0.167,-24.536,172066,22
7tZQznsUajYIVj4IwALXmz,Outlaw,Sidhu Moose Wala;Byg Bird,Hip-Hop,hip-hop,Dark,commute;driving,94.006,0.727,0.672,0.135,0.181,0.0,0.0426,0.189,-4.782,179375,68
2B7RVALbwFp9H5CJTanJMj,Pandemierda (Kornvid 19),Asspera,Rock,heavy-metal,Dark,workout;commute;driving,139.97,0.61,0.75,0.155,0.000315,0.182,0.0392,0.15,-5.136,407721,24
3N9HZDtk850gBsmc1kDxlY,"Die Jahreszeiten Hob. XXI:3, Pt. 3, Autumn: No. 20, So lohnet die Natur den Fleiß",Joseph Haydn;Sigiswald Kuijken;Helmut Wildhaber;Krisztina Laki;Peter Lika;La Petite Bande;The Choir Of The Flanders Opera,Classical,classical,Sad;Calm,studying;sleep,125.517,0.364,0.104,0.147,0.979,4.97e-06,0.0424,0.0723,-21.888,355693,0
4TujvPqDwwcewGVv1TgLLI,"Prelude in G Major, K.15g",Wolfgang Amadeus Mozart;Erik Smith,Classical,classical,Sad;Calm,studying;sleep,182.218,0.193,0.0844,0.237,0.685,0.0,0.0494,0.113,-22.463,63360,15
0g9ZJthUXOHRZi8VGlTeg1,Emaús,Dunamis Music;MORADA,R&B,gospel,Dark,workout;commute;driving,139.997,0.355,0.741,0.22,0.322,0.0,0.0498,0.105,-5.185,390838,38
29MM1MWCWDE93xViFBXAJD,Liberdade,Dj GM;MC GP;Mc Kako;MC Tuto;Love Funk,R&B,funk,Motivated,workout;commute;driving,113.28,0.665,0.718,0.603,0.0908,0.0,0.48,0.0702,-3.375,248470,54
2Lv8YAE0aVRaa4oBqPstSN,AVENTURA NA IGREJINHA OO2,DJ KS SHEIK,R&B,funk,Romantic;Chill;Nostalgic,commute;cooking,79.589,0.67,0.519,0.447,0.459,0.00496,0.554,0.107,-5.731,249461,47
0pYmuht36fZzdpHMhEB2Al,What $ Love - Roman's Remix,Romanthony;Roman,EDM,chicago-house,Dark,workout;commute;party;driving,120.538,0.823,0.708,0.478,0.0371,5.16e-06,0.273,0.0638,-7.411,334617,5
7qt641kuazHzMIn4lbkns5,Deep,Peter Sandberg,Chill,ambient,Sad;Calm,studying;sleep,48.232,0.207,0.0748,0.0385,0.904,0.9,0.0328,0.0571,-22.754,269861,45
2y6fWmxZm3k16NbN28Sr0o,50 ML de Saudade (Ao Vivo),Zé Felipe & Miguel;Paraná,Latin,sertanejo,Happy,commute;driving,105.779,0.674,0.737,0.5,0.547,0.0,0.0524,0.902,-4.523,193353,52
273QnyCvJB65rScHJ1nPZb,Make You Feel My Love,Adele,R&B,soul,Sad;Calm,studying;sleep,65.18,0.317,0.172,0.0963,0.907,0.000383,0.0326,0.105,-10.636,212040,77
2NgPplXFmGoBHtFMQNpIHa,Wouldn't It Be Nice - Stereo / Remastered 2012,The Beach Boys,Rock,psych-rock,Happy;Motivated,workout;commute;driving,125.17,0.374,0.728,0.677,0.718,0.0,0.036,0.114,-4.76,154466,0
6UvWAyZcwqy6Zm6d0RFzBZ,De Contramano,Tita Merello;Francisco Canaro,Latin,tango,Calm;Chill,studying;commute,85.143,0.673,0.372,0.853,0.881,0.0,0.314,0.112,-9.663,113733,18
6gMU4twSmwzHRw71m4RIbr,Cavalleria Rusticana - O Lola ch'hai di latti la cammisa,Pietro Mascagni;Vincenzo Ciliberti,Classical,opera,Sad;Calm;Chill,studying,123.356,0.32,0.333,0.282,0.966,0.885,0.0345,0.135,-9.705,250302,0
3t7VXgubK0AzyKZNLIq1C7,Under You,Ten City,EDM,chicago-house,Happy;Chill,commute;cooking;driving,103.287,0.663,0.57,0.687,0.0426,0.0122,0.0304,0.281,-10.465,262733,5
0RHSbNoNzJAU0cyn7iODIe,Sundial Dreams,Kevin Kern,Chill,new-age,Calm;Nostalgic,studying;sleep,100.197,0.593,0.156,0.424,0.98,0.867,0.0309,0.116,-18.356,286493,50
2KPcujYDaukvtfRR0Zmu0O,Mandatory Suicide,Slayer,Rock,death-metal,Energetic;Dark,workout;studying,148.005,0.367,0.997,0.269,0.000499,0.694,0.106,0.0928,-2.911,245133,50
6YWMJefmWqHxxfg6YF6zI6,Nada por Mim / Nas Nuvens / É Demais / Cheiro de Amor,Encontro de Batuqueiros,Latin,samba,Happy,commute;cooking,89.152,0.539,0.637,0.922,0.709,0.0,0.0462,0.257,-6.814,420500,36
16e88gyG4rLhaAAYqRPujQ,There Were Bells,Brian Eno,Chill,ambient,Sad;Calm,studying;sleep,77.303,0.144,0.275,0.039,0.798,0.363,0.036,0.0965,-15.408,292466,41
6YhmCXNLuVzvfc44ZB1uhM,Message In A Bottle - Remastered 2003,The Police,Rock,rock,Happy;Energetic;Motivated,workout;driving,151.12,0.568,0.808,0.849,0.0327,1.08e-05,0.0378,0.218,-7.042,290280,3
6KDFXYRMTHDEL1CZxunACW,Como Esta,Soo Wincci,Pop,mandopop,Dark,commute;cooking;driving,125.024,0.608,0.646,0.401,0.0738,0.0,0.0447,0.121,-6.183,188100,21
5zGtItgkDE0pUB1WbSe3Po,Tuyo Siempre,Andrés Calamaro;Vicentico,Rock,alt-rock,Happy;Romantic,commute;cooking,89.945,0.706,0.525,0.73,0.682,9.34e-05,0.0298,0.175,-8.879,171978,1
4nqUyhQ711Nh8tAoHOLd9y,Vara De Família - Ao Vivo,Galocantô,Latin,samba,Happy;Energetic;Motivated,driving,94.904,0.459,0.849,0.799,0.298,0.0,0.279,0.506,-6.037,259106,38
3bCY1AEmb9sG70e3phwWuH,Balaclava,Nu:Tone,EDM,drum-and-bass,Energetic;Dark,workout;studying,174.001,0.531,0.977,0.197,0.00048,0.889,0.0776,0.235,-4.602,332240,15
3atuAh3Kz3idmHgGiGd3H6,Tribute to Chronical Deep - Atmospheric Mix,Roctonic SA;Home-Mad Djz,EDM,deep-house,Sad;Dark;Chill,studying;commute;driving,115.014,0.636,0.534,0.228,9.34e-05,0.914,0.0382,0.0568,-14.72,370260,27
17QyLPoSpTDv6ThFqn9Ciw,Agnus Dei,All Angels,Classical,opera,Sad;Calm,studying;sleep,178.682,0.0892,0.206,0.031,0.989,0.677,0.0445,0.0794,-15.654,384293,20
3eTkGlxdDL66WJewOd7GP0,Sometimes Someone,Yiruma,Chill,new-age,Sad;Calm,studying;sleep,71.394,0.541,0.224,0.175,0.99,0.909,0.0735,0.145,-17.388,204044,41
5szudEU7dQ4ezb4vmPLMsI,Chaos,Big Sean;Hit-Boy,Hip-Hop,hip-hop,Dark,commute;driving,104.991,0.652,0.66,0.255,0.000724,0.000963,0.0364,0.134,-5.319,180247,0
1SdItcSOTD14tvIo8UzA6k,Summer Vibe,Forrest Nolan,Pop,indie-pop,Happy,commute;party;cooking;driving,136.024,0.891,0.627,0.922,0.435,0.0,0.0566,0.266,-8.458,200292,61
7vF1YyBRmpbfTqPuPJbi7j,The Endless War,Impaled Nazarene,Rock,black-metal,Energetic;Dark,studying,89.176,0.401,0.938,0.316,2.02e-06,0.787,0.0533,0.454,-4.99,252466,19
6gjKCRIhOog8CAAVbkQgPp,Satan - 30 Something Years Later Mix / Edit,Orbital,EDM,breakbeat,Energetic;Dark,workout,119.989,0.56,0.907,0.114,7.73e-05,0.0392,0.0489,0.258,-5.678,229672,15
0IyKiw1Lfke7OIPiMe372r,Selene,Joan Sebastian,R&B,r-n-b,Happy;Energetic;Motivated,party;driving,104.488,0.764,0.797,0.977,0.486,0.0,0.0382,0.0599,-6.558,158313,42
3XFGaB9OVoNMCcNY9DnqG7,Tractor - Club Edit,Talhain,EDM,minimal-techno,Energetic;Dark,workout;studying,124.988,0.792,0.861,0.179,0.000929,0.912,0.0383,0.088,-2.834,235930,18
2b75Q3C7hQcJ4XOA6Sb81N,Outras Freqüências - Ao Vivo,Engenheiros Do Hawaii,Latin,mpb,Dark,commute;driving,93.09,0.676,0.676,0.253,0.377,2.57e-05,0.0336,0.751,-8.241,193866,41
576v1keY82NOPITMNu0wD2,Filhaal2 Mohabbat,B Praak;Akshay Kumar;Nupur Sanon;Ammy Virk,Pop,pop,Dark;Chill,commute,85.186,0.574,0.578,0.274,0.296,0.0,0.0343,0.114,-3.188,300196,67
7j8TrYTzW4N8d3D3qRPBwq,De Vuelta A Casa,Eddie Santiago,Latin,salsa,Happy;Energetic;Motivated,workout;party;driving,176.461,0.745,0.806,0.873,0.578,0.000962,0.0491,0.0478,-7.622,286693,31
6JcXPrTAXG4GZ3iSEwl8wh,Psyko Soldier - Original,Psyko Punkz;Villain,EDM,hardstyle,Energetic;Motivated,workout,149.981,0.575,0.875,0.537,0.00689,0.112,0.0486,0.155,-4.834,327536,24
7vd1j4IDTU0koES9M8dvBQ,Kiss The Rain,Yiruma,Classical,classical,Sad;Calm,studying;sleep,132.691,0.56,0.0519,0.182,0.99,0.905,0.0423,0.117,-22.616,260653,61
3QwiidVHfeE9y5jl4n2MTC,_WORLD,SEVENTEEN,Pop,k-pop,Happy;Energetic;Motivated,workout;party;driving,111.01,0.709,0.809,0.788,0.312,0.0,0.0541,0.0899,-3.198,178453,78
7h5pDH0iwJH7pylIlhNjVW,"Der Nussknacker, Op. 71: Marsch der Zinnsoldaten",Pyotr Ilyich Tchaikovsky;phil Blech Wien;Anton Mittermayr,Classical,classical,Calm;Romantic;Chill;Nostalgic,studying,134.927,0.585,0.309,0.578,0.992,0.918,0.0945,0.0558,-12.274,164640,0
3vRYtf5xgPrYeVzAmqvzTd,The Salmon Dance,The Chemical Brothers,EDM,breakbeat,Happy;Motivated,workout;commute;party;driving,124.013,0.863,0.736,0.739,0.0421,5.03e-05,0.0439,0.0968,-6.888,220226,55
76ku1JFJDzFwNi9ggow1zG,Se dice de mi,Tita Merello,Latin,tango,Romantic;Chill;Nostalgic,studying;commute;cooking,89.241,0.465,0.437,0.423,0.855,0.0,0.303,0.363,-15.77,208533,24
1406eGydAvhfLJr58x88QJ,藍白紅風格練習,my little airport,Pop,cantopop,Sad;Chill,studying;commute,69.551,0.469,0.435,0.265,0.964,0.00286,0.0544,0.118,-9.943,58789,26
4g5gY2cBL8jg0AlArNCqjy,"3 Études de Concert, S. 144: No. 3 in D-Flat Major ""Un sospiro""",Franz Liszt;Daniil Trifonov,Classical,classical,Sad;Calm,studying;sleep,68.981,0.238,0.0568,0.0335,0.984,0.91,0.0409,0.0953,-26.529,319346,0
1aUfggX5E0nKDikNuiDQ3D,Ishq Tera,Guru Randhawa,Hip-Hop,hip-hop,Happy,commute;cooking;driving,120.668,0.438,0.689,0.507,0.117,7.23e-06,0.0479,0.154,-5.387,211931,58
6SPLYHHBN0dKGaoD2Jcccs,Hills,AP Dhillon,Hip-Hop,hip-hop,Sad;Calm,commute,96.012,0.779,0.331,0.182,0.411,0.00577,0.0794,0.11,-10.115,159942,68
6QvYmrqFKRSVrcVgvoA7Ar,Tippa My Tongue,Red Hot Chili Peppers,Rock,alt-rock,Happy;Energetic;Motivated,workout,88.418,0.573,0.913,0.795,0.00861,0.0273,0.0409,0.114,-6.52,260808,4
1kNq9snS5B7Dju47zvK1ub,Crush On You - Remix,Lil' Kim;Lil' Cease,Rock,alternative,Happy,commute;party;cooking,88.837,0.766,0.693,0.771,0.281,0.0,0.272,0.123,-7.832,275946,0
0qHnnTrylCi1qnzdd4gM1S,Joy To The World - Remastered 1999,Nat King Cole,Jazz,jazz,Calm;Romantic;Chill,studying,102.213,0.553,0.337,0.664,0.818,0.0,0.0303,0.113,-10.334,84986,0
0lzQFk4zRJbdfitf68v1Di,You Raise Me Up,The Texas Tenors,Classical,opera,Sad;Calm;Chill,studying;commute,55.835,0.0906,0.365,0.0493,0.706,3.08e-06,0.0332,0.116,-8.525,291960,19
2xIbHYxBs1fiR4NkPc8z33,Ready fi di party,Tony Matterhorn,EDM,j-dance,Romantic,commute;party;cooking;driving,120.999,0.911,0.616,0.467,0.569,0.00795,0.272,0.154,-12.46,59600,19
5E73WRgx5QymAZBW3kbTR0,Polo Jeans,Mac Miller;Earl Sweatshirt,Hip-Hop,hip-hop,Romantic,commute;party;cooking;driving,147.025,0.732,0.635,0.581,0.493,7.02e-06,0.41,0.388,-7.891,211682,0
6TAbbhxDGOq97WUQCNBYc4,"The Nutcracker, Op. 71, TH.14 / Act 1: No. 2 March",Pyotr Ilyich Tchaikovsky;Boston Symphony Orchestra;Seiji Ozawa,Classical,classical,Calm;Nostalgic,studying;sleep,75.981,0.615,0.194,0.589,0.973,0.808,0.0393,0.12,-20.573,145013,0
4ied2cNjrZItCr6a4gZBHO,Jogo do Amor,Kamisa 10;Felipe Araújo,Latin,pagode,Energetic;Motivated,workout;party,150.07,0.712,0.856,0.527,0.313,0.0,0.0852,0.173,-5.665,231606,42
5R3KGS53DCrlbi6cxECAEH,無人知曉,Hebe Tien,Pop,mandopop,Sad;Chill,studying;commute,129.386,0.471,0.432,0.159,0.859,0.0,0.0454,0.0915,-7.846,288733,55
1BBLD1ud5QeAlugtiHUPUn,The Jungle - Original Mix,Jungle Wonz,EDM,chicago-house,Happy,studying;commute;cooking;driving,125.004,0.781,0.587,0.799,0.182,0.495,0.0904,0.0345,-12.05,310000,8
7he38NZUICh6T2dP5CpbAJ,Zephyr,Little Symphony,Chill,ambient,Sad;Calm;Nostalgic,studying;sleep,129.282,0.185,0.119,0.346,0.811,0.853,0.0527,0.118,-23.618,83809,27
4TBK6E1ERSKdIvD1jF4lt5,Louder (feat. Sian Evans) - Radio Edit,DJ Fresh;Sian Evans,EDM,drum-and-bass,Energetic,workout,139.85,0.31,0.926,0.493,0.0184,0.00792,0.0464,0.483,-1.131,206776,55
5tyReDTH3MpN7J5pk2LuGx,Thandi Hawa,Ritviz,EDM,edm,Chill,commute;cooking;driving,195.004,0.619,0.558,0.514,0.0558,0.00935,0.177,0.16,-12.15,203076,54
6mB30by6NLprtBHdZAKStz,Congresso Celestial,Deise do Vale,R&B,gospel,Dark,workout;commute;driving,141.858,0.503,0.717,0.205,0.48,0.0,0.0421,0.122,-5.188,303826,42
73eCSQ1DxQbaOnzy8PhKx3,就是愛妳,David Tao,Pop,mandopop,Romantic;Chill;Nostalgic,commute;cooking;driving,148.1,0.607,0.55,0.543,0.571,0.0,0.0251,0.0787,-6.658,261906,58
4diMr8l7HCK1OdrQM3LAzq,Afterlife,Red Hot Chili Peppers,Rock,alt-rock,Happy;Energetic;Motivated,workout,93.104,0.561,0.866,0.824,0.00623,0.039,0.0352,0.0414,-5.258,254301,63
0QqnU2evpS37pFD4tkWk1D,Have Yourself a Merry Little Christmas,Andrea Bocelli;Matteo Bocelli;Virginia Bocelli,Classical,opera,Sad;Calm,studying;sleep,66.16,0.252,0.147,0.255,0.905,7.3e-06,0.0371,0.139,-13.363,243160,35
2kmwkxaPjSwJ1fe7SFROTs,綠光,Stefanie Sun;Shen Darren,Pop,mandopop,Energetic,workout,106.017,0.589,0.874,0.417,0.107,0.0,0.0766,0.0978,-4.971,191560,47
7c2NySdyrbnsRcxPvGRAMq,The Beating Of Her Heart,Digitonal,EDM,idm,Happy;Romantic;Chill,studying;commute;cooking;driving,170.01,0.55,0.525,0.664,0.301,0.867,0.043,0.106,-10.994,273213,8
6UdhadB8RTc9cVGIljWdqv,Vibrations on a String,Rival Consoles,EDM,idm,Dark,studying;commute;driving,120.028,0.534,0.674,0.0333,0.0439,0.858,0.04,0.319,-13.005,369659,35
6c54piwnmdwbH59DmMV3s1,"Me, Myself And Hyde - Live in Worcester, MA / November 2019",Ice Nine Kills,Rock,metalcore,Energetic;Dark,workout,170.211,0.226,0.984,0.0834,0.000218,4.99e-05,0.337,0.688,-4.879,249466,25
6LIFtIdsUIqXshMNryReHQ,Sodium,Overseer,EDM,breakbeat,Energetic;Dark,studying;driving,100.012,0.407,0.82,0.0348,5.03e-05,0.925,0.0354,0.0979,-9.037,260359,16
7DBV4x6vQZBIUn2lKOIfDu,Soltera,Dvice;Alex Kyza,Latin,latino,Happy;Energetic;Motivated,party,92.01,0.745,0.878,0.866,0.417,1.03e-06,0.0883,0.628,-3.435,184764,42
2NYZhu1CMIeXcHsRSiVtgj,Le Premier jour du reste de ta vie - Live 2001,Étienne Daho,Pop,synth-pop,Dark,commute;cooking;driving,126.168,0.58,0.667,0.41,0.0638,0.0,0.0333,0.817,-8.62,253600,24
382fDqZfxHrDu6MvnvIJlb,"Verdi: Aida, Act 1, Scene 1: ""Se quel guerrier io fossi!"" (Radamès)",Giuseppe Verdi;Riccardo Muti;Plácido Domingo;New Philharmonia Orchestra,Classical,opera,Calm;Nostalgic,studying;sleep,77.823,0.43,0.215,0.459,0.965,1.79e-06,0.0581,0.188,-19.196,56173,25
7qD4aSbbZT1Z5guskaz2eG,Waxing Moon,Peter Kater,Chill,new-age,Sad;Calm,studying;sleep,59.942,0.258,0.268,0.0926,0.982,0.912,0.0309,0.0703,-12.475,467565,21
7elLKWtTEMCbOmYZ37ci9r,Temple White,Ludovico Einaudi,Chill,ambient,Sad;Calm,studying;sleep,72.204,0.303,0.00958,0.212,0.991,0.953,0.054,0.109,-28.556,264844,65
5xYpEeGFXmkGMBQ22NfKfO,Keep Me,Novo Amor,Chill,ambient,Sad;Calm,studying;sleep,104.784,0.567,0.131,0.0657,0.888,0.0553,0.029,0.158,-14.124,194560,69
7BhAdDWaUxtdeGkjqZEoi7,Santa Claus Is Coming To Town,Justin Bieber,Pop,pop,Happy;Energetic;Motivated,driving,104.998,0.639,0.836,0.814,0.027,0.0,0.048,0.283,-4.878,216720,2
3e7aCXFfpVncLO8IzvhRlb,A Letter From Prison,Dario Marianelli,Chill,ambient,Sad;Calm,studying;sleep,112.168,0.288,0.0323,0.0345,0.975,0.96,0.0362,0.106,-25.465,140760,50
6LgkG3CQKp6qejNMpOatMj,Sintoma de Amor / Depois do Amor / Agenda - Ao vivo,LUDMILLA,R&B,funk,Happy,commute;cooking;driving,156.935,0.502,0.68,0.786,0.754,0.0,0.0347,0.0866,-6.172,325002,56
1VJBQdDrOblSLmoZMeh1xh,Knocking At Your Back Door,Deep Purple,Rock,psych-rock,Energetic;Motivated,workout;driving,121.699,0.524,0.818,0.525,0.000915,4.47e-05,0.0406,0.0916,-6.701,425200,54
04n3BXCeZP0S0pOAyGKOWt,Give Love On Christmas Day,The Jackson 5,R&B,soul,Romantic;Chill;Nostalgic,commute;cooking,141.868,0.488,0.451,0.576,0.65,0.0,0.026,0.0639,-8.381,183546,0
2RgwqyqQLRJUEvq0eFm4KU,Returning,Tony O'Connor,Chill,new-age,Sad;Calm,studying;sleep,85.488,0.139,0.064,0.059,0.984,0.894,0.038,0.169,-21.933,578760,32
3LlEnO0INKAExVe4JMi7p7,Khatam Hue Waande,Emiway Bantai,Hip-Hop,hip-hop,Happy;Energetic;Motivated,party,99.995,0.756,0.903,0.729,0.232,0.0,0.14,0.0548,-2.088,193882,58
6IZIvFwOGpJgI3xEdBNjCB,"Vestland, Vestland",Sissel,Classical,opera,Calm;Nostalgic,studying;sleep,171.267,0.285,0.121,0.623,0.99,0.0,0.0358,0.117,-12.077,138693,21
2bPWLtJe3v33z1j40sWB8a,Strange (feat. Hillary Smith),Kris Bowers;Hillary Smith,Jazz,jazz,Sad;Calm,studying;sleep,70.453,0.251,0.15,0.0727,0.989,0.972,0.0342,0.113,-15.076,198640,59
1uOe9m9bAiAY4kGnGDu1Ns,Amiga Mía,Los Prisioneros,Rock,alt-rock,Happy,commute;party;cooking;driving,135.276,0.79,0.606,0.903,0.014,0.00488,0.0519,0.133,-7.699,244053,0
3CTJWZbJuoPwXV0oJPYE9K,Garden of Stars,Brian Eno,Chill,ambient,Sad;Calm,studying;sleep,71.699,0.108,0.24,0.0381,0.531,0.167,0.0309,0.13,-16.343,259053,46
1OD2YXIOmfYmBAYfV1maRV,Movements (Chapter III),Leon Vynehall,Chill,ambient,Sad;Calm;Chill,studying,103.981,0.52,0.304,0.0392,0.816,0.366,0.0284,0.0948,-15.255,231640,55
1kl9shHWQQdpPFV3w8e7ZQ,"Carnaval, Op. 9: No. 5, Eusebius (Live in Japan, 2022)",Robert Schumann;Pavel Nersessian,Classical,classical,Sad;Calm,studying;sleep,109.738,0.369,0.0283,0.0644,0.995,0.869,0.0369,0.144,-32.145,95840,0
1RVkG2ABrR1Rxj7M7K8TUY,Cabô Meu Pai / Uma Prova De Amor / Quando A Gira Girou - Ao Vivo,Diogo Nogueira,Latin,mpb,Happy;Motivated,commute;driving,107.993,0.628,0.728,0.776,0.736,0.0,0.0459,0.609,-6.87,293653,39
4bhlpQbaclmDNlfYLWhGLV,"Nao Peide Aqui, Baby - Live",Mamonas Assassinas,R&B,r-n-b,Happy;Energetic;Motivated,workout;party;driving,141.51,0.714,0.767,0.695,0.0372,0.00121,0.0548,0.36,-7.093,123320,42
0cRNPYxzXLNLQd1g4kKYS6,Fate - Instrumental Radio Edit,NG Rezonance,EDM,trance,Energetic;Dark,workout;studying,150.054,0.416,0.981,0.0662,7.87e-05,0.928,0.0943,0.187,-3.653,134800,28
6Zsi7i2cx3K1gjLjZKek9H,Ten,Melorman,EDM,idm,Dark;Chill,studying;commute;driving,160.002,0.549,0.566,0.0367,0.044,0.946,0.0361,0.11,-11.218,252000,10
0A43Vnq27Uy8Rnin8E5e4Y,Pledge Your Allegiance,Upon A Burning Body,Rock,death-metal,Energetic;Dark,workout,120.025,0.544,0.997,0.104,0.000267,0.0,0.196,0.334,-2.488,199906,25
1q7lXLClV7PU8XmtqBi7DV,"Perfidia, Frenesí, La Última Noche - Medley",Plácido Domingo,Classical,opera,Romantic;Chill;Nostalgic,commute;cooking,113.831,0.423,0.488,0.496,0.751,0.0,0.0374,0.393,-7.557,271773,24
56htcPzeEr0wdHHxs6H9Y5,Feel The Bass,JW,Pop,cantopop,Happy;Energetic;Motivated,workout;party,130.001,0.72,0.906,0.669,0.00648,0.000121,0.0928,0.347,-7.319,259000,19
1c9vj1fPj8VHSjf9llQwDN,Fígado Encharcado no Álcool,Unha Pintada,Latin,forro,Happy;Energetic;Motivated,workout;party;driving,134.987,0.725,0.821,0.76,0.51,0.0,0.0417,0.256,-3.128,199616,42
6pfdfnkhql0kR3x5cRZhQI,Yeha Noha (Wishes Of Happiness And Prosperity),Sacred Spirit,Chill,new-age,Calm;Romantic;Chill,commute,94.015,0.576,0.384,0.513,0.31,0.0267,0.0335,0.113,-16.737,243666,53
4d25P8ZpLeH8kCyLW44Eud,O Mundo Vai Cobrar,Danieze Santiago,Latin,forro,Dark,workout;commute;party;driving,113.965,0.84,0.733,0.473,0.625,0.0,0.031,0.271,-4.788,174445,43
5B4dKEFwXSEAJYTuXFogA6,Lsd Party - Vertical Mode Remix,Mad Tribe;Vertical Mode,EDM,trance,Energetic,workout;studying,142.004,0.637,0.984,0.486,0.00125,0.774,0.0577,0.616,-6.352,496901,30
5VpxiOMJLS8aotjSLimzvh,Merry Christmas Everyone - For Nest Audio Sessions,Olivia Dean,R&B,soul,Sad;Calm,studying;sleep,90.521,0.592,0.249,0.155,0.834,0.00125,0.0402,0.113,-8.86,154133,0
5svGKYMK4zhSzZqX0g88Lr,2012,The Word Alive,Rock,metalcore,Energetic;Dark,workout,150.059,0.467,0.873,0.177,0.000241,1.1e-06,0.0411,0.527,-4.968,181706,24
6EfakWtzal4GMETNR7xymd,Dirge for November,Opeth,Rock,death-metal,Sad;Calm;Chill,studying;commute,139.089,0.275,0.377,0.123,0.0124,0.658,0.0409,0.117,-8.181,473666,28
2pOf0PQbBm4lMNbinCSFkD,"Verdi: Aida, Act 2: ""Vieni, o guerriero vindice"" (Coro)","Giuseppe Verdi;Riccardo Muti;Chorus of the Royal Opera House, Covent Garden;New Philharmonia Orchestra",Classical,opera,Calm;Romantic;Chill;Nostalgic,studying;commute,74.563,0.204,0.35,0.467,0.961,0.544,0.0322,0.294,-11.773,139666,23
028odW9VHEdtpcVVMxMs75,House Train - Steve Silk Hurley's Original House Mix,"Steve ""Silk"" Hurley;Risse",EDM,chicago-house,Energetic;Motivated,workout;studying;party,119.04,0.79,0.875,0.597,0.00248,0.623,0.0604,0.127,-5.985,429471,11
3bn2CIC96nTpmEnv14V5Bj,Work Your Body (feat. Jameisha Trice),Bad Boy Bill;Bravo;Jameisha Trice,EDM,chicago-house,Happy;Energetic;Motivated,workout;party,125.002,0.703,0.96,0.857,0.0617,0.0698,0.0723,0.67,-2.44,197760,4
6G2IXaarVeVde7CaMOxvNh,Halloween,AFI,Rock,alternative,Energetic;Dark,workout,99.762,0.286,0.929,0.127,0.00231,0.00074,0.091,0.0946,-8.494,238106,1
6L9MB7o26MmvG6ST9TSOYa,Lullaby,Mike Rowland,Chill,new-age,Sad;Calm,studying;sleep,79.071,0.231,0.198,0.209,0.924,0.867,0.0336,0.0881,-15.35,262626,21
4oJ9pDKSasSPj3GNN8ABo9,Adi Aathadi,Ilaiyaraaja;S. Janaki,Pop,k-pop,Romantic;Chill;Nostalgic,commute;cooking,84.456,0.498,0.494,0.598,0.749,0.0174,0.042,0.0822,-10.941,276609,48
2Bespjwj6IhSFsJrMuvBDw,Moongil Vittu,Vidyasagar;Madhu Balakrishnan,Pop,k-pop,Romantic,commute;cooking;driving,112.979,0.577,0.647,0.528,0.627,0.0,0.0323,0.37,-5.773,75053,48
6P8dmbcOEz7XPFQjd1V6d5,Nesamaguren,Stephen Zechariah;Saindhavi,Hip-Hop,hip-hop,Sad;Chill,studying;commute,149.658,0.413,0.419,0.264,0.602,0.000113,0.0314,0.13,-10.592,263600,64
6PEdCE0cepdEqbUmAiyFUN,Sonhei Que Tava Me Casando - Ao Vivo,Wesley Safadão,Latin,forro,Energetic;Motivated,workout,167.948,0.435,0.916,0.554,0.293,0.0,0.117,0.767,-3.489,162146,43
3vVYHLjVOXa0EQl4G34pLm,Warning Call (Theme from Mirror's Edge Catalyst),CHVRCHES,Pop,synth-pop,Dark,commute;driving,94.963,0.54,0.693,0.104,0.00333,1.32e-05,0.0332,0.0714,-6.393,272146,43
5PzWVmfzu7rePAuFkxPQf0,Repeat Until Death,Novo Amor,Chill,ambient,Sad;Calm,studying;sleep,143.887,0.233,0.15,0.0875,0.982,0.36,0.0336,0.154,-11.736,234080,69
7iaApbCDpEVdB19skRl8cO,Remnant,aus,EDM,idm,Sad;Calm,studying;sleep,119.209,0.393,0.153,0.0662,0.943,0.336,0.0478,0.0942,-19.231,254400,13
6Db6Z7x1XV6nWedaggoC4y,Talismã / Hoje Eu Sei / Vida Vazia - Ao Vivo,Clayton & Romário,Latin,sertanejo,Sad;Chill,commute,111.855,0.438,0.465,0.222,0.244,0.0,0.0296,0.954,-4.526,353720,48
4fTRTem3txsZES3SZGgVIo,Crown Shy,Plaid,EDM,idm,Dark;Chill,commute;driving,94.873,0.553,0.591,0.266,0.00156,0.186,0.0463,0.426,-10.061,230787,15
1N90cV79gbBgO0bOs74Y0t,"Heatstroke (feat. Young Thug, Pharrell Williams & Ariana Grande)",Calvin Harris;Young Thug;Pharrell Williams;Ariana Grande,EDM,progressive-house,Happy;Motivated,workout;commute;party;driving,110.124,0.786,0.735,0.747,0.362,0.0,0.0495,0.176,-4.502,229640,48
1U1DPITWh5M62hz7SvD2gP,"Tosca, SC 69 / Act 3: ""E lucevan le stelle"" - Live",Plácido Domingo;Orchestra Del Teatro Dell'Opera Di Roma;Orchestra del Maggio Musicale Fiorentino;Zubin Mehta,Classical,opera,Sad;Calm;Chill,studying;commute,87.467,0.181,0.382,0.113,0.986,0.0324,0.0529,0.66,-12.775,160000,19
1TVBfNI6MU8MEOuaqA8gxJ,"Águas De Março - Live At Credicard Hall, São Paulo / 2012",Maria Rita,Latin,samba,Romantic;Chill;Nostalgic,studying;commute;cooking,144.806,0.536,0.444,0.503,0.888,1.46e-05,0.0783,0.741,-12.188,223440,37
34fyjViTs96VuHTC7CBfOI,Perfeito Amor,Kemuel,R&B,gospel,Sad;Calm;Chill,studying,83.041,0.462,0.318,0.24,0.584,0.0,0.0262,0.0929,-9.413,477102,37
5MelKhNFnoYM6W43IhPAs0,Culpados - Ao Vivo,Henrique & Juliano,Latin,sertanejo,Romantic;Chill;Nostalgic,commute;cooking;driving,104.009,0.495,0.515,0.451,0.662,0.0,0.0341,0.302,-5.5,160407,53
4trEYmH1XLvRC6XNkPpOMK,Dadaloğlu,Cem Karaca,Rock,psych-rock,Calm;Chill;Nostalgic,studying,92.322,0.311,0.306,0.392,0.602,0.0248,0.0552,0.121,-22.672,278506,34
73tHDm0hBREbIJU4NrbGKy,"Sonata for Piano and Violin in E flat, K.481: 3f. Variation 5",Wolfgang Amadeus Mozart;Arthur Grumiaux;Walter Klien,Classical,classical,Calm,studying;sleep,166.114,0.336,0.155,0.871,0.99,0.791,0.0399,0.153,-20.784,75986,10
6vVl5QZF1qR1a5ijjiEkch,Tenderness,Orlando Voorn,EDM,detroit-techno,Happy;Energetic;Motivated,workout;party,131.608,0.755,0.892,0.964,0.0438,0.306,0.0504,0.0676,-6.236,337151,6
6FfLg6FFqhCsrFOaHIGkg0,Honeypie,JAWNY,Pop,indie-pop,Happy,commute;party;cooking;driving,115.035,0.74,0.688,0.935,0.061,0.0,0.0916,0.138,-4.361,135581,75
4u7IQqFz6ZSZoLwTcWDfLQ,Secrets,The PropheC,Hip-Hop,hip-hop,Romantic,commute;cooking,121.05,0.817,0.475,0.736,0.356,8.85e-06,0.0465,0.26,-5.627,192475,60
1OjJsjcatXLusDH4E3f4gH,The Stars We Follow,Federico Albanese,Chill,ambient,Sad;Calm,studying;sleep,124.963,0.462,0.0787,0.04,0.971,0.873,0.0362,0.108,-24.908,234027,53
7rqHDLh1wDJEVIqdwqhJ55,Guiding Light - Solo Piano Version,Alexis Ffrench,Chill,ambient,Sad;Calm,studying;sleep,68.246,0.314,0.0324,0.233,0.986,0.921,0.053,0.115,-24.132,196857,24
5Npe3of0NOoDVamMLyz1Sd,Your Name Is Wild,Guided By Voices,Pop,power-pop,Energetic;Dark,workout,135.901,0.319,0.993,0.257,0.0281,0.138,0.0887,0.138,-4.549,121906,20
7nziCzPuyKub9Ra5o5OSEy,Deep In My Soul,D-Block & S-te-Fan,EDM,hardstyle,Energetic;Dark,workout,150.181,0.499,0.863,0.316,0.0115,0.0,0.128,0.0824,-4.629,241600,54
6dkOuMxup0yGf2gbW7sEGG,Kiss The Dragon - D-Unity Remix,Marshall Jefferson;Jay C;K'Alexi Shelby;D-Unity,EDM,chicago-house,Energetic;Dark,workout,123.008,0.604,0.941,0.313,0.0428,0.209,0.0634,0.158,-6.353,438569,10
1VsLooKcj4aeV9BFI2hkj0,I Am III,Bölzer,Rock,black-metal,Energetic;Dark,workout,122.936,0.228,0.981,0.0379,1.86e-05,0.0318,0.136,0.192,-6.099,563226,17
4AQujgKKlS7R02rw3R3JYy,Chýbanie,Desmod,Rock,punk,Sad;Dark;Chill,commute,76.114,0.562,0.514,0.215,0.0652,1.42e-05,0.0264,0.104,-6.82,207168,38
6bWj1Lr2CVhwzshkp42As8,The Center Will Not Hold,Solomun,EDM,minimal-techno,Happy,studying;commute;cooking;driving,119.992,0.694,0.657,0.707,0.125,0.928,0.0366,0.111,-8.15,230239,19
6t8fO77SHrCqszDxX1CRMl,Motives,Davis John Patton,Chill,ambient,Sad;Calm,studying;sleep,137.896,0.512,0.159,0.0797,0.849,1.75e-06,0.0305,0.103,-11.108,243478,52
292yiMUvysKNUHCjRRrROQ,El Cayuco,Tito Puente,Latin,salsa,Happy,commute;party;cooking;driving,126.27,0.744,0.656,0.822,0.577,0.353,0.089,0.0524,-7.501,156771,34
0sSapNABKrGwgaMhn0p8uL,Long Drive,Mika Singh,Hip-Hop,hip-hop,Energetic;Dark,workout,87.015,0.753,0.89,0.283,0.44,6.82e-06,0.187,0.0854,-5.022,268442,58
24QPFge0DNpnbnhawmzNVQ,Pela Manhã,Ednaldo Mendes,R&B,gospel,Sad;Chill,studying;commute,143.085,0.265,0.423,0.158,0.857,3.65e-06,0.0284,0.352,-4.454,293169,39
0RsFWbLEMprg5i0SGILYLD,Rei do Agro,Antony & Gabriel,Latin,sertanejo,Energetic;Motivated,workout,104.267,0.643,0.905,0.606,0.34,3.5e-06,0.0587,0.342,-3.732,208868,50
1huZlA5IzMJPKt993mDiGO,Untitled,Casino Versus Japan,EDM,idm,Sad;Calm;Chill,studying,179.911,0.425,0.349,0.0374,0.144,0.927,0.0341,0.101,-16.889,420333,12
3bURbpWSxXGl1R741ekg07,"Piano Sonata No. 3 in B-Flat Major, K. 281: II. Andante amoroso",Wolfgang Amadeus Mozart;Mao Fujita,Classical,classical,Calm;Nostalgic,studying;sleep,94.362,0.4,0.0334,0.367,0.993,0.938,0.0502,0.11,-26.333,313866,16
4few8px3a1LDk4AmBWLdY5,Café da Manhã,Roberto Carlos,Latin,mpb,Sad;Chill,commute,175.614,0.298,0.497,0.323,0.338,6.72e-06,0.0306,0.145,-6.448,242480,42
40qzhvupGghPn1kgdFoksM,It's All Right - Eric Kupper Remix [Mixed],Sterling Void;Paris Brightledge;Eric Kupper,EDM,chicago-house,Energetic;Motivated,workout,118.996,0.665,0.867,0.648,0.00243,0.0206,0.0287,0.0873,-5.577,468050,10
6oZYLz0vZy8HhqwioRYtTp,Territorial Pissings,Nirvana,Rock,grunge,Energetic;Dark,workout,182.7,0.285,0.979,0.108,0.000144,0.0,0.175,0.334,-4.428,142946,59
1v6YXPMW3oXItzCKvRgn05,Seven - Dimitri K Edit,E-Force;Dimitri K,EDM,hardstyle,Energetic;Dark,workout,99.984,0.684,0.961,0.0463,0.139,0.0,0.149,0.192,-0.093,155931,20
0Z2SFlnXH9yMN36djUeqyE,Fuck Em All,Sidhu Moose Wala;Sunny Malton,Hip-Hop,hip-hop,Dark,commute;driving,92.013,0.818,0.726,0.345,0.0916,1.01e-06,0.216,0.106,-6.694,234130,64
4iFoGE9sWSzHY8iGUNwN1q,Starlight - The Mike Huckaby S Y N T H Mix,Model 500,EDM,detroit-techno,Dark,studying;commute;driving,121.991,0.671,0.653,0.152,0.542,0.91,0.095,0.157,-21.422,484357,8
2Sx6EqFWMHBgBezhxtas3e,Scream My Name,Tove Lo,Pop,synth-pop,Dark,commute;driving,105.013,0.689,0.687,0.381,0.113,1.88e-05,0.0551,0.19,-5.076,214626,42
2grJEu2P4KD1YDq2ZaaLoL,Punk Superstars,GUFI,Rock,punk-rock,Happy;Energetic;Motivated,workout,167.044,0.508,0.956,0.783,0.000782,1.97e-05,0.0587,0.0991,-6.303,187742,38
1HxNA8JjIIfVGqMr7Jm59f,Mejilla Izquierda,Los Caligaris,Rock,alt-rock,Energetic;Motivated,workout;party,150.079,0.757,0.888,0.543,0.132,0.0,0.156,0.139,-5.636,229280,50
0qfsgqyonHi2uusP2jNPwT,Bolo Um,MC Neguinho do Kaxeta,R&B,funk,Happy;Motivated,workout;commute;party;driving,129.947,0.852,0.722,0.694,0.0604,0.0,0.0662,0.325,-2.283,265520,41
1b6lpVZclOgQR7OO3iN87y,Plata o Plomo,Malon,Rock,heavy-metal,Energetic,workout,119.982,0.543,0.968,0.476,3.5e-06,4.61e-05,0.0522,0.16,-3.971,153026,20
7rXAo8EAnXAZFVBZ4NCGPN,Maari’s Aanandhi,Ilaiyaraaja;M. M. Manasi,Pop,k-pop,Sad;Calm;Chill;Nostalgic,studying;commute,98.004,0.637,0.357,0.313,0.584,0.0151,0.0246,0.15,-9.917,259591,43
6jd7yLNatOkOFdyW3irQNp,Hoy Es Tarde (with Leopoldo Federico y Su Orquesta),Julio Sosa;Leopoldo Federico y su Orquesta,Latin,tango,Romantic;Chill;Nostalgic,commute;cooking;driving,110.176,0.499,0.562,0.645,0.768,0.0,0.127,0.461,-9.072,170853,19
12XAcd4rKXY5S68laQxJu1,Paixão Antiga,Tim Maia,Latin,mpb,Motivated,workout;commute;driving,140.372,0.528,0.702,0.561,0.48,3.02e-06,0.0282,0.488,-7.152,246560,39
1VumK3MVDswF8swkslzz7d,A Melhor Coisa Que Já Fiz,Ozéias de Paula,R&B,gospel,Calm;Romantic;Chill;Nostalgic,studying;commute,91.711,0.304,0.399,0.446,0.79,1.51e-05,0.0304,0.0992,-8.176,168334,38
2jrc5wSJd4NYsewjDsoNEa,Beethoven's Silence,Ernesto Cortazar,Chill,new-age,Sad;Calm,studying;sleep,140.672,0.272,0.272,0.0873,0.975,0.964,0.0382,0.146,-16.22,158538,51
09tZsv2ZZ4uF1VhQg45YIe,Cavalo Preto,Sérgio Reis,Latin,sertanejo,Calm,commute;cooking,116.535,0.751,0.476,0.961,0.186,0.0,0.0308,0.235,-9.372,165093,48
2V2eTjrcr4EsBsfgCuTcLe,It's Gotta Be Funky,Fast Eddie;Mike Dunn;The Renegades,EDM,chicago-house,Happy;Energetic;Motivated,workout;party,122.552,0.83,0.933,0.738,0.0287,0.167,0.0708,0.0743,-6.854,283278,8
5CiADzdth0kZgDzNhwa5L5,Fields of Gold,Kevin Kern,Chill,new-age,Sad;Calm,studying;sleep,176.152,0.412,0.0521,0.0962,0.953,0.849,0.0572,0.0935,-18.266,290613,46
4i4xsQZC4W300oTLjiGwZQ,"Cavalleria Rusticana - Mamma, quel vino è generoso",Pietro Mascagni;Vincenzo Ciliberti,Classical,opera,Sad;Calm;Chill,studying;commute,102.923,0.202,0.381,0.126,0.957,0.813,0.041,0.227,-16.957,388000,0
2ZZ3SXe3q8fwzVtIrQpEKy,La noyée - Amelie soundtrack,Mercuzio Pianist,Chill,ambient,Calm;Nostalgic,studying;sleep,129.95,0.567,0.243,0.422,0.995,0.892,0.0581,0.0981,-21.787,130652,51
7jkfwumh6cQYFsIsqPJ7ps,Winter Wonderland,The Platters,R&B,r-n-b,Romantic;Chill,commute;cooking,102.511,0.648,0.463,0.744,0.806,0.0,0.032,0.396,-7.572,133133,0
2N0oWy78RT70bW10QfIVHT,Top Boy,AP Dhillon,Hip-Hop,hip-hop,Happy;Romantic,commute;party;cooking;driving,169.819,0.804,0.609,0.652,0.375,1.74e-06,0.268,0.109,-8.481,136941,63
4rfh0qEv1HdKRXWiRXfzWF,"It's Been a Long, Long Time",Harry James,Jazz,jazz,Calm;Nostalgic,studying;sleep,75.258,0.277,0.216,0.362,0.945,0.00116,0.03,0.325,-9.66,205773,61
5aCz72uSSO7dTV0kYfhn1J,"No Matter What (From ""Whistle Down The Wind"")",Collabro,Classical,opera,Sad;Calm,studying;sleep,93.799,0.349,0.267,0.11,0.829,0.0,0.0338,0.0788,-12.843,211546,22
5vyRNIsjHH6pZu1dKBddOO,Si Supieras,Daddy Yankee;Wisin & Yandel,Hip-Hop,hip-hop,Energetic;Motivated,workout,184.018,0.691,0.894,0.623,0.291,0.0,0.115,0.104,-1.681,241880,4
09v1z9imk160lC4DByT4RX,Exhale,Jim Brickman,Chill,new-age,Sad;Calm,studying;sleep,119.811,0.43,0.091,0.0742,0.977,0.913,0.0346,0.0984,-18.793,278639,19
4c4z3fEOq1WNcrOsI9SxKI,Forever Young,The Tenors,Classical,opera,Sad;Calm;Chill,studying,131.884,0.402,0.331,0.0794,0.564,0.0,0.0345,0.0773,-9.699,216386,23
2WkOVkZNTj2Ys77uUnKPpk,O Bondoso Amigo,J Neto,R&B,gospel,Sad;Calm;Chill,studying;commute,81.506,0.239,0.392,0.284,0.792,0.000172,0.0336,0.12,-6.409,190473,39
6Q6c35I06abXcqCZD2b1eT,Ah! Como Eu Amei,Benito Di Paula,Latin,mpb,Sad;Chill,commute,128.36,0.578,0.451,0.28,0.247,0.0,0.0332,0.0823,-13.806,194133,45
6iDZO7Qbi9R0L54D7DiJVV,Fuego,Dimitri Vegas & Like Mike;Kim Loaiza,EDM,progressive-house,Dark,commute;party;driving,95.94,0.704,0.718,0.475,0.144,0.0,0.0527,0.0541,-5.243,199357,70
4xQY6PYbE5N5En4xv5nQtM,Solitaire,Joey Niceforo,Classical,opera,Sad;Calm,studying;sleep,116.226,0.23,0.26,0.165,0.538,0.0,0.0339,0.115,-10.575,322560,19
30GqVivI3eb7OgonUemcjf,Joga O Bum Bum Tam Tam,MC Fioti,R&B,funk,Romantic;Nostalgic,commute;cooking,131.959,0.932,0.485,0.43,0.609,0.0295,0.0965,0.141,-8.926,155454,61
2DCPy4g8lxYR2e22vhYBxx,Plastic Head TV,Fairmont,EDM,minimal-techno,Sad,studying;commute,123.008,0.81,0.42,0.0362,0.00349,0.547,0.0585,0.108,-9.689,408869,35
502iZHUJUEN0aBw0lGvLaS,Reünie (Après-Ski) - Dj Maurice Remix,Immer Hansi;DJ Maurice,EDM,hardstyle,Happy;Energetic;Motivated,workout,164.943,0.529,0.988,0.858,0.0981,0.0,0.0905,0.293,-2.532,193593,24
32TkZ0EXNV01d6i3FquAiC,Si La Invitará Esta Noche,Alberto Vazquez,R&B,r-n-b,Sad;Calm;Chill;Nostalgic,studying;commute,120.592,0.573,0.367,0.303,0.655,3.68e-06,0.0321,0.0786,-9.494,191611,43
5utYhzfINlpLxPxyFfXeeE,Ancient Dream,Zimmz,EDM,techno,Energetic;Dark,workout;studying,130.004,0.696,0.883,0.181,0.0281,0.436,0.0538,0.0841,-7.335,491154,39
5UvLQncwvEGiRLn0xEZw45,Off The Ground,Sub Focus,EDM,drum-and-bass,Energetic;Dark,workout;driving,174.01,0.582,0.791,0.0422,0.0296,0.105,0.0427,0.118,-3.643,242750,67
3XsnWRMGM7gooBbdY6huSr,Bebel,DJ Lg do Sf;GORDÃO DO PC;DJ 2K DO TAQUARIL;MC Garoto;Mc Leozin,R&B,funk,Happy,commute;party;cooking;driving,129.811,0.874,0.616,0.803,0.691,0.00106,0.0602,0.139,-0.079,132048,47
0JWpbl3Ppr71ONy6VDP5vu,Hold Me Now,Caskets,Rock,metalcore,Energetic;Dark,workout,140.049,0.498,0.92,0.346,0.00331,2.77e-06,0.0497,0.142,-6.465,239848,55
6R84ZlQF7gGkPB6o3GLZXB,The Age Of Love (Charlotte de Witte & Enrico Sangiuliano Remix),Age Of Love;Charlotte de Witte;Enrico Sangiuliano,EDM,trance,Energetic;Dark,workout;studying,130.004,0.748,0.908,0.0576,0.0588,0.894,0.0504,0.0943,-8.319,489480,58
58B68xfkvG0dogDZn15FLx,El Amor Es Triste - Love Is Blue,Angelica Maria,Rock,rock-n-roll,Romantic;Chill,studying;commute;cooking,115.904,0.619,0.42,0.69,0.742,4.78e-06,0.0297,0.351,-10.822,142440,36
3ZpS3Gak4z8s7U653UxJa4,Sauflied,Schmutzki,Rock,punk-rock,Happy;Energetic;Motivated,workout,170.987,0.547,0.932,0.833,0.0174,5.95e-05,0.0869,0.128,-3.122,120773,40
2RWApboy1wKHMeLD6KlFI9,Que Me Perdone Tu Señora,Manoella Torres,R&B,r-n-b,Romantic;Chill,commute;cooking,90.777,0.608,0.447,0.673,0.335,3.51e-05,0.0663,0.169,-12.151,150640,46
4wLWMbVA8PIQYkmIqIqMZH,Agro Meração,Antony & Gabriel,Latin,sertanejo,Happy;Energetic;Motivated,workout;party,130.109,0.706,0.925,0.678,0.141,0.0,0.0885,0.409,-3.664,154940,50
1z4xKO3Aoy5QbYJkZ3O94X,Seeker,Tony O'Connor,Chill,new-age,Sad;Calm,studying;sleep,65.25,0.44,0.228,0.086,0.916,0.733,0.0381,0.472,-18.67,506760,22
4y1N0YFguPqanlgfZB0YGa,Crown of Talons,Conan,Rock,black-metal,Sad;Calm;Chill,studying;commute,104.286,0.381,0.382,0.0945,0.0316,0.872,0.0345,0.131,-12.715,587666,19
5ea9yZi9Dv6MuJa8V2kpUq,What I Might Do,Ben Pearce,EDM,deep-house,Dark,studying;commute;driving,122.04,0.839,0.644,0.385,0.0502,0.836,0.0731,0.104,-8.39,195737,54
6egkvLCcA2onpiYgat3cB6,L-O-V-E,Nat King Cole,Jazz,jazz,Calm;Romantic;Chill,studying;commute,78.231,0.425,0.373,0.663,0.686,0.0,0.0801,0.077,-7.543,155306,0
0tyWs7VaLmVvUkFXd9nyfj,Cuando Me Enamoro,Andrea Bocelli,Classical,opera,Romantic,commute;cooking;driving,102.068,0.615,0.602,0.521,0.591,2.51e-06,0.044,0.102,-6.765,235446,58
0usNFsDDoVMYVE732zM3QI,KR L$DA SIGN,Emiway Bantai,Hip-Hop,hip-hop,Motivated,workout;commute;party;driving,139.961,0.709,0.716,0.608,0.129,0.0,0.246,0.243,-4.644,492160,59
7IuqrIXZcAWtlm644QCpDm,Olhos de Luar - Ao Vivo,César Menotti & Fabiano;Luan Santana,Latin,pagode,Dark,workout;commute;driving,203.994,0.28,0.746,0.473,0.535,0.0,0.0613,0.941,-4.766,285200,42
7BkC2ioCrseNYouUq8pCnJ,"La clemenza di Tito, K.621 / Act 1: Marcia (I)",Wolfgang Amadeus Mozart;Staatskapelle Dresden;Karl Böhm,Classical,classical,Calm;Nostalgic,studying;sleep,93.46,0.638,0.22,0.452,0.964,0.938,0.0374,0.104,-13.991,80000,6
04VUjNx30IrigVZU3CQmrQ,Mercy,Badshah,Hip-Hop,hip-hop,Happy;Energetic;Motivated,party,89.972,0.835,0.767,0.786,0.0716,0.000187,0.0877,0.173,-5.181,162404,63
2qRIlgecg2ElwrVhHjNrl5,La Casa del Ritmo,Daiquiri,Latin,salsa,Happy,commute;cooking;driving,100.82,0.826,0.544,0.967,0.436,0.0131,0.0857,0.061,-13.297,219133,34
6TT5vTinGLuUQcepMyZ21G,Kanashii Ureshii,frederic,Rock,j-rock,Happy;Energetic;Motivated,workout;driving,141.978,0.525,0.815,0.743,0.00154,4.7e-05,0.0791,0.362,-3.853,285761,53
2oa53bhiNPCz2CGh26AYxi,Colourway,Novo Amor,Chill,ambient,Sad;Calm;Chill,studying;commute,158.924,0.261,0.371,0.149,0.96,0.856,0.0313,0.109,-10.112,228164,60
4MmwDwI3O7nUDWIrXbfaOj,Wrong Boy Chat,Flowidus;Dread MC,EDM,drum-and-bass,Energetic,workout,87.029,0.61,0.938,0.452,0.00143,0.296,0.084,0.398,-3.475,229625,19
3gNZ3rS9jlde0beJgpYuSR,Oh Senhor,MC Neguinho do Kaxeta,R&B,funk,Romantic,commute;cooking,159.875,0.799,0.493,0.661,0.572,0.0,0.465,0.0911,-8.004,140142,45
7p0nLpkKaAeebJ1SIP46HM,Hollow (feat. Sabelle),My Buddy Mike;Sabelle,EDM,deep-house,Dark,commute;driving,99.98,0.688,0.661,0.367,0.0126,0.0,0.0319,0.188,-7.161,232936,45
5hLlyqBfelpxulHg6n8rVT,El Chico Del Apartamento 512,Selena,Latin,latin,Happy;Energetic;Motivated,party,102.088,0.746,0.852,0.904,0.5,3.95e-06,0.0334,0.165,-4.329,208333,0
4yI1wZFvbyNE26RRV4oVVD,King of Love,Dave Edmunds,Pop,power-pop,Happy;Energetic;Motivated,workout;driving,173.636,0.388,0.831,0.8,0.16,0.0,0.055,0.156,-8.686,191320,25
3rdxkiSVNtrYwleW3TJMFs,Ayo Technology,Revelries,EDM,edm,Energetic;Dark,workout;driving,126.042,0.74,0.82,0.354,0.0183,5.04e-06,0.13,0.313,-6.695,165739,59
0VLEB9HAFntcswJYRRTTd1,Longing,Gustavo Santaolalla,Chill,ambient,Sad;Calm,studying;sleep,92.163,0.453,0.0208,0.0436,0.944,0.9,0.0486,0.111,-22.219,105773,51
4yKfh6nuxQ003pFLU4FWLK,Turandot / Act 2: Popolo di Pekino,Giacomo Puccini;Sabin Markov;Wandsworth School Boys Choir;London Philharmonic Orchestra;Zubin Mehta,Classical,opera,Sad;Calm,studying;sleep,75.979,0.246,0.0603,0.0386,0.974,0.051,0.0395,0.104,-20.853,108240,21
5qIf6OQHWYqqYnXZ0RGr5U,Preludio Al Vento,Yiruma,Chill,new-age,Sad;Calm,studying;sleep,78.959,0.32,0.128,0.059,0.971,0.863,0.0442,0.171,-18.064,218000,46
113BXsPoRxN46YSFuXmL5L,Final Journey - Live in Wacken 2017,Accept,Rock,heavy-metal,Energetic;Dark,workout,127.962,0.451,0.995,0.0646,3.64e-05,0.234,0.0901,0.971,-6.043,318013,20
27IvH8LRZSlEtBEN5MlTQt,Bring Me Back A Song,Nightnoise,Chill,new-age,Sad;Calm,studying;sleep,80.345,0.114,0.261,0.0453,0.835,0.962,0.0323,0.0973,-16.25,289506,21
6yKkA8HzwWTZ5taIMaG4Nm,My Foolish Heart,Bill Evans Trio,Jazz,jazz,Sad;Calm,studying;sleep,114.521,0.395,0.121,0.139,0.935,0.397,0.0327,0.697,-23.427,297320,60
1cWNKK948isGJ9QSayCLDT,Southern Sun - DJ Tiësto Remix,Paul Oakenfold;Carla Werner;Tiësto,EDM,trance,Energetic,workout;studying,137.047,0.623,0.905,0.438,0.09,0.482,0.0411,0.3,-8.458,278290,36
6ExvIqyqDDtxtCsXbRpr7i,"Requiem: XVI. Libera Me, Dies Irae, Requiem Aeternam",Giuseppe Verdi;Sir Colin Davis;Christine Brewer;London Symphony Orchestra,Classical,opera,Sad;Calm,studying;sleep,81.396,0.181,0.0375,0.0386,0.929,0.000423,0.0548,0.111,-24.623,444906,22
429GaRIWKJ3EU1GAQPbLcr,"Piano Concerto No. 21 in C Major, K. 467: II. Andante",Wolfgang Amadeus Mozart;London Mozart Players;Howard Shelley,Classical,classical,Sad;Calm,studying;sleep,179.223,0.137,0.0311,0.063,0.982,0.972,0.0381,0.0908,-28.208,433666,64
6NHjL6DkSsaGjFz2KJN1q2,Cheiro Bom do Seu Cabelo - Ao vivo,LUDMILLA,R&B,funk,Happy,commute;cooking;driving,91.963,0.629,0.65,0.896,0.732,6.51e-06,0.0374,0.26,-6.209,167313,55
7eYDuhteaIONrstHRLCHrQ,Messa da Requiem: 2. Dies irae,Giuseppe Verdi;Berliner Philharmoniker;Carlo Maria Giulini;Ernst Senff Chor,Classical,opera,Sad;Calm,studying;sleep,142.48,0.23,0.266,0.197,0.851,0.531,0.0353,0.0642,-13.933,168139,20
1WOxGNutRwrbik8BA5f2AY,Immunity,Jon Hopkins,Chill,ambient,Sad;Calm;Chill,studying,139.878,0.434,0.305,0.0594,0.892,0.942,0.0364,0.111,-18.173,596773,51
54AgI9qiaqc2VNgFUPEMZX,Deus do Impossível - Ao Vivo,Aline Barros,R&B,gospel,Dark;Chill,commute;driving,105.475,0.346,0.55,0.197,0.476,1.09e-06,0.0284,0.967,-6.238,209600,41
3r48P6vC6SJxSdD3IprD0z,"Serenade in G Major, K. 525 ""Eine kleine Nachtmusik"": 2a. Romance (Andante) - Pt. 1",Wolfgang Amadeus Mozart;Gürzenich Orchestra Köln;Günter Wand,Classical,classical,Sad;Calm,studying;sleep,67.144,0.259,0.109,0.251,0.867,0.816,0.0383,0.443,-16.585,86880,5
7yI7YDsXGrwUX8sFTXXnVV,Say It Ain't So,Weezer,Rock,alt-rock,Chill,commute;cooking;driving,151.779,0.635,0.551,0.451,0.00743,1.82e-05,0.0354,0.07,-7.136,258825,1
6c6Zt0g2m2s4yLxnK1NazG,Conscious,Ann Clue,EDM,minimal-techno,Dark,workout;studying;commute;driving,124.974,0.8,0.733,0.186,0.0388,0.833,0.0515,0.114,-11.452,455040,38
49LsXfN39wR3GEzqOkJ01q,Rocket to the Moon,Jim Brickman,Chill,new-age,Sad;Calm,studying;sleep,137.67,0.315,0.275,0.162,0.984,0.834,0.0428,0.105,-14.689,151133,22
1CbQHLrNnIit9VPgCoZo3b,All The Dreams We Shared (Karl8 x Andrea Monta Rework),Talla 2XLC;Karl8;Andrea Monta,EDM,techno,Dark,workout;commute;driving,123.818,0.542,0.714,0.246,0.292,0.281,0.0512,0.127,-8.22,206612,42
6LvHrLiW1z8PS7MIAiufKg,Bad Boy X Bad Girl (feat. Nikhita Gandhi),Badshah;Nikhita Gandhi,Hip-Hop,hip-hop,Energetic;Motivated,party;driving,100.516,0.896,0.764,0.601,0.174,2.36e-05,0.0767,0.0677,-4.271,199402,59
21KMRkNwCYBsigyFvBsZWk,Owharoa,Little Symphony,Chill,ambient,Sad;Calm;Chill;Nostalgic,studying,79.953,0.104,0.316,0.307,0.838,0.798,0.0642,0.604,-23.74,99047,26
24AuGLZl2PN4spCRGcJZDT,"一起衝一起闖 (電影""黃金兄弟""主題曲)",Ekin Cheng;Jordan Chan;謝天華;錢嘉樂;林曉峰,Pop,cantopop,Happy,commute;cooking;driving,155.995,0.68,0.666,0.959,0.269,0.0,0.0325,0.0866,-9.454,191893,18
6XSvWZ6UYFnjeUtEm2wf3L,第十支煙,my little airport,Pop,cantopop,Dark,commute;cooking;driving,134.119,0.564,0.665,0.494,0.131,0.026,0.0642,0.0971,-9.257,236448,31
2HmPWoNpHOaDENBDuXOjVV,The Christmas Song (Chestnuts Roasting on an Open Fire),Sammy Davis Jr.,Jazz,jazz,Sad;Calm,studying;sleep,82.484,0.297,0.0915,0.201,0.94,6.85e-06,0.0325,0.32,-20.631,205066,0
60U2xgJjlGAMWYN3p49CGU,Acelera e Pisa - Ao Vivo,André e Felipe,R&B,gospel,Happy;Energetic;Motivated,workout,136.93,0.673,0.936,0.855,0.143,0.0,0.071,0.425,-4.239,187720,41
1jz0PUb4rChtZUk4Itn1Co,Telusaa Telusaa,Jubin Nautiyal;Sameera Bharadwaj,Pop,k-pop,Dark,commute;driving,167.953,0.499,0.636,0.35,0.769,0.0087,0.0558,0.113,-8.176,264544,56
6EwRpLL5QThnF2k1sZzQpC,Kadhal Oru Aagayam,Hiphop Tamizha;Teejay;Al Rufian,Hip-Hop,hip-hop,Dark;Chill;Nostalgic,commute;driving,143.96,0.488,0.585,0.399,0.664,0.0,0.0263,0.386,-4.39,161762,64
5AMMS8dWO1A4FbVjpJ44Rs,False Alarm,Matoma;Becky Hill,EDM,edm,Dark,commute;driving,102.972,0.65,0.732,0.179,0.00668,4.03e-05,0.0301,0.0606,-6.762,224271,0
78YCFnhSZPZbkdYEpmPFf7,Uni Version,alva noto,EDM,idm,Sad;Calm;Chill,studying;commute,157.578,0.672,0.394,0.0375,0.135,0.873,0.0908,0.108,-14.627,287693,14
5QDOCYTL7R6q81UNP4V5hq,Fuiste y Serás,Malon,Rock,heavy-metal,Energetic;Dark,workout,138.045,0.56,0.934,0.0787,0.000213,0.00176,0.0802,0.236,-5.151,272693,25
7kb31fjEs2qD0hOriq93wj,Absent Minded,Gabríel Ólafs,Chill,ambient,Sad;Calm,studying;sleep,138.394,0.267,0.0781,0.0776,0.978,0.933,0.036,0.116,-20.715,278693,52
3RwVwSd9y9kjJpQSRjVWqv,Solos En El Cuarto,Pedro Arroyo,Latin,salsa,Happy;Energetic;Motivated,workout;driving,172.711,0.663,0.822,0.84,0.506,0.0018,0.0429,0.0773,-4.359,276560,31
0pycFs4JU3nSdoF4WvOIOX,Tenderfoot,The Lemonheads,Pop,power-pop,Energetic;Dark,workout,161.605,0.323,0.901,0.345,0.0545,0.221,0.107,0.134,-8.54,121640,22
2TFq6oCLFBm3GfrwtsVj0i,Pra Ser Levada em Conta - Ao Vivo,Taty Girl,Latin,forro,Energetic;Motivated,workout,86.92,0.478,0.946,0.577,0.0394,4.02e-06,0.172,0.343,-3.488,154775,40
2modLBwKrCrLQTZNuSsVik,Treat Street,George Winston,Chill,new-age,Romantic;Chill;Nostalgic,studying;commute;cooking;driving,132.603,0.413,0.505,0.51,0.883,0.84,0.0326,0.173,-12.033,292245,20
3jQe4AVg43Oh6byqoVUgjQ,Last Dream Before Sunrise,Poemme,Chill,ambient,Sad;Calm,studying;sleep,61.882,0.118,0.296,0.184,0.946,0.972,0.0737,0.111,-23.831,317047,41
4xgXA4ipRmQqrrvT6ZBSRX,BOP,DaBaby,Hip-Hop,hip-hop,Happy;Energetic;Motivated,workout;party;driving,126.764,0.77,0.786,0.837,0.189,0.0,0.368,0.129,-3.909,159714,0
2NnxpyqHcLYG9R1bBkfJ4N,Maruthamalai Maamaniye,Madurai Somasundaram,Classical,classical,Romantic;Chill;Nostalgic,studying;commute;cooking,95.758,0.349,0.495,0.608,0.991,0.684,0.0918,0.353,-12.433,411040,35
4NWOuAxMDvUFWTi3knp7s2,Narayan,The Prodigy,EDM,breakbeat,Energetic;Dark,workout,129.182,0.638,0.927,0.0384,0.000393,0.0987,0.0621,0.451,-6.672,545960,45
2apYPJ1hp446VmnrBjzFNn,"Adagio in F, K.410",Wolfgang Amadeus Mozart;Holliger Wind Ensemble,Classical,classical,Sad;Calm,studying;sleep,134.365,0.156,0.0173,0.144,0.996,0.884,0.041,0.0719,-26.986,96000,5
5pAo2q7eVt65OSkwYgqhHl,Daaru Desi,Benny Dayal;Shalmali Kholgade,Hip-Hop,hip-hop,Happy;Energetic;Motivated,party;driving,94.014,0.703,0.781,0.679,0.194,0.000368,0.0468,0.0928,-6.876,269200,59
1fegrYOHE2jFp9V91uCAKs,第一默契 - 独唱版,Lara Liang,Pop,mandopop,Romantic;Nostalgic,commute;cooking,95.993,0.717,0.49,0.633,0.85,0.0,0.0277,0.102,-5.35,207500,29
3zFLqLlp8jnOSJJW9p8Iwh,November Sky,Yanni,Chill,new-age,Romantic;Chill,studying;commute;cooking;driving,93.241,0.568,0.541,0.508,0.395,0.955,0.0264,0.0778,-11.245,286373,35
1U82gUMih9tyunTPWnxvlR,Sad Girl Summer,Maisie Peters;Cavetown,Pop,indie-pop,Dark,commute;driving,156.15,0.642,0.634,0.35,0.213,0.00898,0.0448,0.216,-7.573,174917,0
7qpLvsz6U3TSYxLIg82tVd,ICE,Jack Harlow,Hip-Hop,hip-hop,Happy,commute;party;cooking;driving,96.499,0.937,0.632,0.542,0.0265,0.0,0.157,0.111,-7.407,147415,1
65usiCnRUHhBgd1CIlwGf5,Pakkam Vanthu,Anirudh Ravichander;Hiphop Tamizha,Hip-Hop,hip-hop,Happy;Energetic;Motivated,workout;party,140.034,0.762,0.964,0.846,0.353,0.00278,0.138,0.489,-2.981,258359,56
21bFBk0oi19JQzHJoifZSn,Allah Maaf Kre,Amrit Maan;Tehjeeb Hafi,Hip-Hop,hip-hop,Romantic;Chill;Nostalgic,commute;cooking;driving,97.922,0.544,0.501,0.517,0.455,0.0,0.0625,0.108,-7.152,210000,57
0SShlR5RlMpTzifqbPnVhl,In For The Kill,La Roux,Rock,alternative,Happy;Energetic;Motivated,workout,150.063,0.627,0.973,0.894,0.00137,0.0,0.0435,0.0851,-0.223,250160,0
7gJ8X7H3mlQXZjhwwXD2YJ,Fx,Yo Speed,EDM,breakbeat,Energetic,workout;studying,130.004,0.613,0.952,0.448,0.00018,0.49,0.051,0.155,-4.973,301850,12
1iU39tifNECGtzHFRnAliE,Tempo Perdido - Ao Vivo,Jota Quest;Dado Villa-Lobos;Marcelo Bonfá,R&B,r-n-b,Energetic;Dark,workout,172.825,0.203,0.876,0.365,0.000248,0.0,0.223,0.762,-5.872,295480,43
0YxrPdW9NpNFtqh7Fw0rva,Raise a Hallelujah - Live,Bethel Music;Jonathan David Helser;Melissa Helser,Chill,ambient,Energetic;Dark,workout,81.972,0.452,0.866,0.291,0.0041,0.0,0.04,0.134,-4.431,470880,63
1n1b2lwdRdWF5RAaA0vewk,Aahun Aahun,Neeraj Shridhar;Master Saleem;Suzi Q,Hip-Hop,hip-hop,Happy;Energetic;Motivated,workout;party,129.966,0.78,0.904,0.664,0.163,8.54e-05,0.2,0.0662,-5.509,290493,58
2Bs4jQEGMycglOfWPBqrVG,Steal My Girl,One Direction,Pop,pop,Energetic;Motivated,workout,77.217,0.536,0.768,0.545,0.00433,0.0,0.0347,0.114,-5.948,228133,80
6XvzSF3NDwOKP6RF0YmXEU,Four,Sleeping At Last,Chill,ambient,Sad;Calm,studying;sleep,125.386,0.349,0.106,0.138,0.966,1.55e-05,0.037,0.106,-13.263,291688,47
2MnEG4htbbdfoUsyzxZ4BM,Throwaway (with Clairo),SG Lewis;Clairo,R&B,soul,Calm,commute;cooking,140.034,0.789,0.49,0.869,0.784,0.000598,0.0392,0.112,-6.588,180000,61
0Ky7JyHcnmJsCecMAYChcO,The Lonely Shepherd,André Rieu;Johann Strauss Orchestra,Classical,opera,Sad;Calm,studying;sleep,72.843,0.166,0.287,0.0745,0.817,0.853,0.0352,0.0944,-12.622,208133,54
5dLcRQwMP3lfaaZpldHEZV,Repetition,Logistics,EDM,drum-and-bass,Dark,studying;commute;driving,172.016,0.608,0.678,0.143,0.0296,0.858,0.0331,0.131,-6.94,276893,17
6tzOEJ2tqSiAxHw9CAT9Ru,別勉強,G.E.M.;Eric Chou,Pop,mandopop,Sad;Calm;Chill,studying;commute,164.104,0.376,0.378,0.248,0.669,0.0,0.0387,0.094,-10.372,262597,53
27rdGxbavYJeBphck5MZAF,Nothing Breaks Like a Heart (feat. Miley Cyrus),Mark Ronson;Miley Cyrus,EDM,dance,Energetic;Dark,workout;driving,114.066,0.601,0.794,0.244,0.00987,1.36e-06,0.0671,0.388,-5.844,217466,78
0MtRspmmNTRJa4Ebd2AMuN,"Christmas Oratorio, BWV 248: X. Sinfonia (Arr. Anna Saradjian)",Johann Sebastian Bach;Lang Lang,Classical,classical,Sad;Calm,studying;sleep,82.472,0.499,0.059,0.171,0.995,0.89,0.0546,0.0889,-20.969,157400,0
6OIimGJRONHhuZXSHkl1Qk,Quero Aprender Com Jesus,Thalles Roberto,R&B,gospel,Calm;Nostalgic,studying;sleep,124.639,0.502,0.182,0.469,0.623,0.0,0.0452,0.124,-11.302,312280,39
1zOOl8f7qkjj0AmvlCfLyQ,The Drum,Alan Walker,EDM,electro,Energetic;Dark,workout;driving,127.993,0.783,0.762,0.33,0.158,6.56e-05,0.0507,0.092,-4.727,189287,71
14okV3iEWZeXDiprLkqU2G,Strumień Świadomości,Truchło Strzygi,Rock,black-metal,Energetic;Dark,workout,94.63,0.276,0.886,0.365,7.66e-05,0.0378,0.0905,0.362,-6.04,195797,22
2TE4xW3ImvpltVU0cPcKUn,Merry Christmas Everyone,Shakin' Stevens,Rock,rock-n-roll,Happy;Energetic;Motivated,workout,202.899,0.534,0.904,0.96,0.129,0.0,0.0369,0.128,-3.315,220160,63
3jpGc7gcoTyQsrlfQ332Ql,"Deceiver, Deceiver",Arch Enemy,Rock,death-metal,Energetic;Dark,workout,178.864,0.185,0.983,0.102,1.66e-05,0.191,0.235,0.197,-7.301,231773,50
3JeLa5o0NxQjQHhVYaTLV0,CIRCUS (Korean Ver.),Stray Kids,Pop,k-pop,Happy;Energetic;Motivated,party;driving,98.004,0.788,0.795,0.703,0.031,0.0,0.0948,0.0302,-3.676,194400,70
7oFvnVEGN3hcThYaXFTSk3,Inevitable,Alberto Vazquez,Rock,rock-n-roll,Sad;Calm,commute,130.768,0.735,0.367,0.328,0.359,1.02e-05,0.0379,0.126,-12.055,179954,28
0JBlB87v8DaQS60V7m3T7V,Isso É Porte de Bandido,MC Saci;GORDÃO DO PC;DJ TH DO PRIMEIRO,R&B,funk,Happy;Energetic;Motivated,workout;party,130.139,0.917,0.904,0.767,0.521,0.0,0.296,0.301,0.105,166153,42
1oJa8ytiFWCXtstYCbTWnH,男神與寇比力克,my little airport,Pop,cantopop,Dark;Chill;Nostalgic,commute;driving,140.258,0.44,0.515,0.396,0.78,0.0816,0.0321,0.477,-9.762,116271,29
2mldMnu7kHSm4l5se4Zo7Y,Vikram Title Track - Telugu,Anirudh Ravichander;Prudhvi Chandra,Hip-Hop,hip-hop,Energetic;Dark,workout,169.982,0.643,0.874,0.118,0.253,0.00198,0.0508,0.127,-3.604,218823,57
3UqtYwSgAQV2nkCEmtVXqh,"Verdi: Aida, Act 2: Ballabile",Giuseppe Verdi;Riccardo Muti;New Philharmonia Orchestra,Classical,opera,Calm;Nostalgic,studying;sleep,79.378,0.399,0.264,0.595,0.93,0.773,0.0349,0.275,-21.574,246800,24
053FOrIRjARWjqnsecCIve,Kindness - Ann Clue Remix,Giorgia Angiuli;Ann Clue,EDM,techno,Sad;Calm,studying;commute,120.013,0.925,0.355,0.11,0.00209,0.834,0.0527,0.102,-11.38,423998,40
6QG28i3telpJqlbdAi9Sbw,Mirror Reflection & The Hammer Reinvention,Woods Of Ypres,Rock,black-metal,Energetic;Dark,workout,129.815,0.482,0.949,0.254,0.000243,0.000882,0.0742,0.0692,-4.914,422693,21
7o9yuI0dvhbNVkiUaG1z7T,The Dance,Rhythim Is Rhythim;Derrick May;Mayday,EDM,detroit-techno,Happy;Energetic;Motivated,workout;studying;party,128.939,0.763,0.963,0.655,0.0343,0.894,0.0677,0.108,-8.451,433333,12
2xl13vHsIHqhxrO2on5VKE,"Rigoletto, Act I: Questa o quella per me pari sono",Giuseppe Verdi;Alfredo Kraus;Gianandrea Gavazzeni;Orchestra del Maggio Musicale Fiorentino,Classical,opera,Calm;Nostalgic,studying;sleep,85.597,0.462,0.216,0.51,0.935,3.63e-05,0.0869,0.699,-19.135,99706,20
2U67EmIoFt4YGBuJHJ6lmE,Strange Planet,Shpongle;Astrix,EDM,trance,Sad;Dark;Chill,studying;commute;driving,110.005,0.665,0.54,0.034,0.0541,0.846,0.0398,0.11,-14.452,535653,40
3pNnSLPQUHxUrLMoiMNN6d,Captivated,LTN;Ghostbeat;Nina Carr,EDM,trance,Dark,workout;studying;commute;driving,117.99,0.737,0.741,0.212,0.118,0.504,0.0302,0.148,-6.638,187118,48
0LSZbKPyg7reKZhbWR4Huo,"Mile Tum Se Bichhad Ke Hum (From ""Salaami"")",Alka Yagnik;Kumar Sanu;Kavita Krishnamurthy,Pop,k-pop,Happy,commute;cooking;driving,107.245,0.511,0.662,0.858,0.562,0.0,0.0414,0.348,-9.704,421266,45
7JhZI4MzYLnjQdvxco3kVU,Bulb,Ardhito Pramono,Pop,j-pop,Chill,commute;cooking,76.988,0.561,0.427,0.449,0.109,0.0,0.0387,0.327,-9.38,225500,36
6I0SHRGKjSnGUEAdQBEkP5,Waiting for a Girl Like You,Foreigner,Rock,hard-rock,Dark;Chill,commute;driving,201.13,0.312,0.528,0.397,0.267,3.88e-06,0.0333,0.0369,-7.324,291986,2
3sGXoCI6hZ14nJcFd5sxiy,太陽は罪な奴,サザンオールスターズ,Pop,j-pop,Energetic;Motivated,workout,201.51,0.325,0.966,0.619,0.0272,3.01e-05,0.221,0.356,-4.597,261506,44
0B8saEM7u2C9UgiZJMQqTT,The Christmas Song (Chestnuts Roasting On An Open Fire),Nat King Cole;John Legend,Jazz,jazz,Sad;Calm;Chill,studying;commute,81.943,0.226,0.382,0.165,0.845,0.0,0.0288,0.111,-9.243,210026,0
2WoluqyWzsgRmFCeHeGlnm,SNEAKERS,ITZY,Pop,k-pop,Energetic;Motivated,workout;party;driving,119.986,0.935,0.849,0.551,0.0192,0.0,0.0779,0.0223,-3.047,179453,78
61F8lOj2yTuHdLAViGzZcS,O Tannenbaum,Vince Guaraldi Trio,Jazz,jazz,Sad;Calm;Nostalgic,studying;sleep,123.338,0.577,0.191,0.343,0.908,0.00824,0.0405,0.126,-15.938,309386,0
4mFDB35IaTzrzqMn4spMqo,Leave Home,The Chemical Brothers,EDM,breakbeat,Energetic;Motivated,studying;driving,108.012,0.626,0.848,0.611,0.0123,0.798,0.0431,0.695,-8.691,332788,47
1U5dlNaOJXEaHfh09NkSib,勝利雙手創 - 電視劇:我來自潮洲 主題曲,Johnny Ip,Pop,cantopop,Romantic;Chill,commute;cooking,172.064,0.616,0.484,0.744,0.518,8.6e-06,0.0288,0.317,-11.95,215840,25
1CU49Tn0AuZH9TYQWPE1Bu,Baila Monito,El Perro Chocolo,Latin,latino,Happy;Romantic;Chill,commute;cooking;driving,142.365,0.652,0.531,0.713,0.547,1.16e-06,0.15,0.201,-8.304,181923,38
12ZpSrEsrNSfT29sXLddXC,Que Nadie Sepa Mi Sufrir,Alfredo De Angelis;Carlos Dante;Orquesta de Alfredo De Angelis,Latin,tango,Happy;Chill,commute;cooking;driving,100.948,0.445,0.533,0.769,0.974,0.00411,0.0443,0.201,-7.736,182666,20
2A36UllDcR0fSNMtXlVhA6,Chronic,Original Sin;Trigga,EDM,drum-and-bass,Happy;Energetic;Motivated,workout,175.041,0.68,0.967,0.68,0.000364,0.156,0.112,0.151,-2.384,200228,18
7dSGmCi7S81C9fFiIw2yv1,紫釵恨,張偉文;胡美儀,Pop,cantopop,Sad;Chill;Nostalgic,studying;commute,62.793,0.303,0.422,0.348,0.825,0.000937,0.0297,0.138,-10.643,208493,22
281dh3JPngsDSwadH7gELk,Dolphin Magic,Ken Davis,Chill,new-age,Sad;Chill,studying;commute,111.41,0.242,0.423,0.0394,0.954,0.00195,0.041,0.204,-12.657,313840,21
6QNphn62YKaHG1hrnPSoHi,A Gangster's Wife,Ms Krazie;Chino Grande,Latin,latin,Dark;Nostalgic,commute,89.995,0.822,0.59,0.383,0.429,0.0,0.18,0.102,-8.005,229640,75
04c69EYAZezTpT8COSYBIZ,No Way,Toni Braxton,R&B,soul,Romantic;Chill;Nostalgic,studying;commute;cooking,75.08,0.69,0.409,0.555,0.601,4.79e-06,0.0441,0.173,-8.304,211186,0
2fyDWKsx5904KnZMGllmAv,A Sad Cartoon,Loathe,Rock,metalcore,Energetic;Dark,workout;studying,137.711,0.421,0.89,0.131,0.000527,0.434,0.0742,0.2,-7.077,315880,55
1h1wLlhSniqtEeQm6eqkzq,Отношения = говно,Electroforez,Pop,synth-pop,Energetic;Dark,driving,97.972,0.57,0.802,0.312,0.0122,0.0,0.0629,0.496,-5.405,195773,39
21xptWBvVjNALhb4QNypJR,"Piano Sonata No. 17 in B-Flat Major, K. 570: I. Allegro",Wolfgang Amadeus Mozart;Ingrid Haebler,Classical,classical,Calm;Nostalgic,studying;sleep,135.595,0.37,0.091,0.6,0.995,0.929,0.0476,0.144,-23.86,397013,4
0ybRC3er244EuG42zjm83G,"Les petits riens, K.app.10 (ballet): No. 14 without indication, attr. to Mozart",Wolfgang Amadeus Mozart;Concerto Köln;Anton Steck,Classical,classical,Calm;Nostalgic,studying;sleep,124.555,0.536,0.248,0.406,0.897,0.758,0.046,0.0764,-15.041,95453,3
673Cv1wGcW2G6dYqmkzzTa,"Lyric Pieces III, Op. 43 (Excerpts): No. 1, Sommerfugl",Edvard Grieg;Una Bourne,Classical,classical,Calm;Nostalgic,studying;sleep,139.681,0.29,0.219,0.635,0.96,0.612,0.0362,0.514,-22.958,75693,0
6ZOzWPUbMxH24uWHP1k5Eq,Mañana en el Abasto,Sumo,Rock,punk-rock,Dark,commute;driving,97.082,0.744,0.549,0.351,0.0784,0.00237,0.0271,0.0886,-14.125,248306,44
3B8vWrQFz67fYB0olCe20u,Ullathil Nalla Ullam,Sirkazhi Govindarajan,Classical,classical,Romantic;Chill;Nostalgic,commute;cooking,77.224,0.191,0.536,0.608,0.969,0.00339,0.046,0.14,-12.125,234133,46
5O4b8bkVLKEsuLiNaUIq98,I've Got the Feeling,Retrospect,EDM,hardstyle,Energetic;Dark,workout,155.003,0.491,0.897,0.338,0.000473,0.00219,0.118,0.849,-4.643,248826,0
5J7fw04ZUbiK1Q6jDHftKf,Faz no Vinte e Dois o Que Não Fez no Vinte e Um,Dj Wesley Gonzaga;MC Fahah;MC Saci;Mc Rodrigo CN,R&B,funk,Happy;Motivated,commute;party,86.571,0.803,0.721,0.682,0.66,1.02e-06,0.34,0.328,-3.051,161587,42
4jd5ASxC2M8Xh4rHNAcLLV,Noite Fracassada,Jads & Jadson,Latin,sertanejo,Happy;Energetic;Motivated,workout,157.541,0.487,0.853,0.834,0.294,0.0,0.11,0.164,-3.507,190946,50
6EhGW7loyDD2BwPqeAKvoK,Tua Forte Mão - Ao Vivo,Paulo Cesar Baruk;Leandro Rodrigues,R&B,gospel,Sad;Dark;Chill;Nostalgic,commute;driving,139.714,0.538,0.532,0.336,0.519,0.0,0.0403,0.681,-8.487,270813,39
0AmA8MQue1LBuYZSAdBMsj,Téir Abhaile Riu,Celtic Woman,Classical,opera,Happy;Romantic;Chill,commute;cooking;driving,124.334,0.515,0.595,0.704,0.8,0.0,0.0504,0.0746,-6.76,244413,55
7ifU1Gcuw0AbhNno1NV1zl,Adios Amor,Juanello,Rock,rock-n-roll,Calm,commute;cooking,107.922,0.73,0.438,0.817,0.232,1.8e-05,0.0372,0.0928,-12.178,146280,28
5o8OPxIhE4Qcq3fBb2yh03,Fogo na Inveja,MC Menor da VG,R&B,funk,Happy,commute;party;cooking,86.767,0.767,0.621,0.502,0.162,0.0,0.434,0.256,-7.093,173011,47
5pphjFmCfn4HV086P6UfHn,Gravedigger - Mutilator Remix,Krowdexx;Mutilator,EDM,hardstyle,Energetic;Dark,workout,160.117,0.517,0.983,0.131,0.0173,5.01e-05,0.368,0.33,-1.584,165375,21
1cKV1k0E3pZMLhwDwOYiq8,Heartland,Celtic Thunder,Classical,opera,Romantic;Chill;Nostalgic,commute;cooking,91.026,0.309,0.434,0.462,0.474,0.00155,0.0356,0.317,-11.351,379133,22
0NXH0Te1ZDnKGDPqwomITQ,Winter Wonderland - Single Version,Louis Armstrong,Jazz,jazz,Calm;Nostalgic,studying;sleep,77.108,0.431,0.215,0.401,0.777,0.0,0.0523,0.179,-11.471,181446,0
5kqNIqFjijuzvVLhuY9B8j,La Zona,Bad Bunny,Latin,latino,Happy;Energetic;Motivated,party;driving,93.992,0.762,0.801,0.81,0.2,7.04e-05,0.0409,0.254,-3.661,136892,79
0JW5JIm6DivJhbSfibFd3G,Por Te Amar Demais,Gusttavo Lima,Latin,sertanejo,Happy;Energetic;Motivated,workout,182.066,0.572,0.86,0.897,0.081,0.0,0.114,0.146,-3.471,197783,52
6csdf0ta8g9IRbJwO4CBDb,"Piano Sonata No. 11 in A Major, K. 331: I. Variation 1",Wolfgang Amadeus Mozart;Christoph Eschenbach,Classical,classical,Calm;Nostalgic,studying;sleep,125.665,0.462,0.109,0.565,0.995,0.841,0.0643,0.0925,-25.548,77133,9
1y9yrb1BMEqqBaFGoMmeIV,慢慢等,WeiBird,Pop,mandopop,Romantic;Chill;Nostalgic,commute;cooking;driving,128.03,0.657,0.525,0.41,0.634,0.0,0.0329,0.123,-8.333,221531,57
57kHGfhabS1KDPd1860BlF,Epiphany,Michael Ball;Imelda Staunton,Classical,opera,Dark,workout;commute;driving,111.145,0.469,0.728,0.443,0.491,0.000119,0.247,0.416,-8.149,217293,21
4sCcDvX30uu39ozvxcRsqB,"Vilambara Idaiveli - From ""Imaikkaa Nodigal""",Hiphop Tamizha;Christopher Stanley;Sudarshan Ashok;Srinisha Jayaseelan,Hip-Hop,hip-hop,Energetic;Motivated,driving,108.065,0.631,0.818,0.551,0.11,0.0,0.0338,0.091,-3.922,273396,61
24YmWQgunJGAU8El3ndkyn,In the Flesh?,Pink Floyd,Rock,psych-rock,Sad;Chill,commute,152.1,0.316,0.49,0.267,0.416,0.367,0.0391,0.0537,-14.578,198221,58
6GWQkU4AmwFLNRdOhvIWKA,Escola da Vida,Mc Vzs;DJ Vilão,R&B,funk,Sad,commute,80.011,0.737,0.496,0.29,0.373,0.0,0.0638,0.243,-4.189,210000,44
66kO1Sr99392GvDZWKdCiv,When You Came into My Life - Studio Edit,Scorpions,Rock,hard-rock,Dark,commute;driving,125.966,0.63,0.656,0.0848,0.0508,0.00158,0.0302,0.111,-6.415,210760,54
2YpeDb67231RjR0MgVLzsG,Old Town Road - Remix,Lil Nas X;Billy Ray Cyrus,Hip-Hop,hip-hop,Happy,commute;party;cooking;driving,136.041,0.878,0.619,0.639,0.0533,0.0,0.102,0.113,-5.56,157066,79
2AlYncTpVHKwHb55F9lF6O,Deep End Freestyle,Sleepy Hallow;Fousheé,R&B,r-n-b,Calm,commute;cooking,133.928,0.868,0.479,0.776,0.703,0.0,0.445,0.102,-6.687,115200,67
2HXixVqzzm9rEUIMAWzshl,I Hate Myself for Loving You,Joan Jett & the Blackhearts,Rock,punk-rock,Energetic;Motivated,workout,117.932,0.611,0.882,0.605,0.0847,1.08e-06,0.0538,0.192,-11.225,246800,68
7MtXu7mXRMdICKyTOb8CuR,Baitikochi Chuste,Anirudh Ravichander,Hip-Hop,hip-hop,Romantic;Chill;Nostalgic,studying;commute;cooking,89.749,0.588,0.443,0.642,0.583,0.0,0.0694,0.136,-6.197,206666,56
1ZTR28M0vQ2EYniYNyuFWJ,Blessed - Original Mix,Tom Hangs;Shermanology,EDM,progressive-house,Energetic;Motivated,workout,125.981,0.619,0.906,0.557,0.0315,0.156,0.0396,0.0782,-4.183,182487,24
4NHyYN4FiMFP594Ygf8Qik,Freestyle pra Faixa Rosa,BIN;WillsBife,R&B,funk,Calm,commute;cooking,128.945,0.813,0.411,0.809,0.107,0.0,0.601,0.054,-9.125,135813,45
7b0yiad9yxqvw3YcHqUeHJ,If I Get Caught,dvsn,R&B,soul,Calm,commute;cooking,149.019,0.797,0.492,0.875,0.159,0.0,0.0815,0.0584,-5.288,186114,0
0d0oCKpagxERDFdn0jxrcj,Wayward Sisters,Abel Korzeniowski,Chill,ambient,Sad;Chill,studying;commute,97.833,0.281,0.443,0.055,0.699,0.92,0.0322,0.155,-12.56,175706,48
7vrHbwWSg3GutLqvpX0JQq,The One Thing Needful,Anaal Nathrakh,Rock,black-metal,Dark,workout;studying;commute;driving,114.877,0.36,0.729,0.0764,6.46e-06,0.894,0.122,0.077,-3.251,232744,17
3yiEaNgKJWN3gCfHfB8Q1u,Chances,AP Dhillon;Gurinder Gill;Money Musik,Hip-Hop,hip-hop,Dark,commute,85.036,0.621,0.705,0.437,0.195,4.19e-06,0.222,0.292,-5.604,172235,61
7nUgqMvj2oBzlsUjwvRVl8,Fantasia's Lullaby,Kevin Kern,Chill,new-age,Calm;Nostalgic,studying;sleep,132.38,0.563,0.0196,0.385,0.995,0.933,0.0469,0.114,-23.289,225680,20
6AEo2whektNuFVPqrixupY,Shelter,Ocoeur,EDM,idm,Sad;Calm,studying;sleep,68.61,0.146,0.0734,0.033,0.858,0.944,0.0375,0.0769,-23.291,343225,10
1ChcgTQZdf9ngSgZ9dmILP,Nenje Nenje,Harish Raghavan;Mahathi,Jazz,jazz,Dark;Chill;Nostalgic,commute;driving,114.969,0.669,0.509,0.376,0.493,0.000268,0.0277,0.0804,-8.594,344234,56
6KZRdzBCxBuDj42kxWfvnc,Work.Groove - Original Mix,Mark Farina;Homero Espinosa,EDM,chicago-house,Sad,studying;commute,122.012,0.811,0.456,0.375,0.075,0.884,0.0749,0.0949,-9.76,332512,8
0A2ThtXfxrXAiU1fz6wHst,捨不得,Z.TAO,Pop,mandopop,Sad;Dark;Chill,commute;driving,134.024,0.596,0.521,0.343,0.0622,0.0,0.0307,0.0891,-7.908,236911,34
1OlAhefycDO9yO4RgLPN5j,Rainbow,Frank Steiner Jr.,Chill,new-age,Sad;Calm,studying;sleep,84.525,0.259,0.115,0.145,0.953,0.422,0.0507,0.109,-20.641,113706,51
2E2G88mTTJjbbmEpqTkbaV,Tu Meri,Vishal Dadlani,Hip-Hop,hip-hop,Dark,commute;cooking;driving,127.961,0.679,0.687,0.424,0.0779,0.0,0.0294,0.704,-5.522,257089,62
0JiPUFfWlhT1SJ92eZ84GU,Aan Milo Sajna,Ajoy Chakrabarty;Parveen Sultana,Classical,classical,Energetic;Motivated,workout,68.144,0.367,0.836,0.503,0.797,0.000963,0.135,0.216,-4.875,322533,36
5mBaOyYkmoH2EmVIRHTIDq,"Peer Gynt Suite No. 1, Op. 46: I. Morning Mood",Edvard Grieg;Berliner Philharmoniker;Herbert von Karajan,Classical,classical,Sad;Calm,studying;sleep,89.704,0.132,0.0447,0.0388,0.983,0.925,0.0401,0.13,-20.733,239520,0
3bRDwPweJL0BAvh4EfpG9u,Locked Out of Heaven - Sultan and Ned Shepard Remix,Bruno Mars;Sultan;Shepard,EDM,dance,Energetic;Dark,workout;driving,128.02,0.588,0.844,0.22,0.00481,0.0473,0.0484,0.356,-5.25,410859,0
2lW5yKm8tZxLTleYMkyAft,Pensamiento y Palabra,Víctor Manuelle,Latin,salsa,Happy;Energetic;Motivated,workout,91.789,0.514,0.852,0.746,0.288,3.25e-05,0.0639,0.125,-5.471,288373,34
7lmf9IqXVEIJP4OpqoZElC,"Il trionfo dell'innocenza: ""Vanne pentita a piangere""",Antonio Caldara;Cecilia Bartoli;Les Musiciens du Louvre;Marc Minkowski,Classical,opera,Sad;Calm,studying;sleep,80.32,0.219,0.0479,0.0719,0.984,0.0283,0.0586,0.126,-23.857,525400,20
4hFjUsE7zmtCk8SFUtm6VQ,El Charro Viejo,Joan Sebastian,R&B,r-n-b,Happy;Chill,commute;cooking;driving,96.705,0.57,0.532,0.886,0.476,0.000633,0.0666,0.0414,-7.336,172895,45
0y3PBRBMFfkkbLoAVZqpFc,Corre Pro Meu Mar - Acústico / Ao Vivo,Maneva;Gabriel Elias,R&B,r-n-b,Sad;Chill;Nostalgic,studying;commute,122.741,0.481,0.449,0.338,0.638,0.00264,0.0338,0.705,-10.907,203924,40
7CjM9CV5iSpK3Wa0XWAole,The Embrace,George Skaroulis,Chill,new-age,Sad;Calm,studying;sleep,94.236,0.256,0.0762,0.117,0.99,0.929,0.0446,0.0916,-22.708,192133,19
0aB9h7JRpZvJvAqnaMyhzm,So Sick,Jubël,EDM,house,Dark,commute;driving,99.86,0.575,0.75,0.298,0.294,0.0,0.0589,0.138,-6.636,177634,0
0HOrX3f1vhUpn5hknKAM9W,"Christmas Oratorio, BWV 248 / Pt. 5 - For the 1st Sunday in the New Year: No. 51 Terzetto: ""Ach, wann wird die Zeit erscheinen?""",Johann Sebastian Bach;Gundula Janowitz;Christa Ludwig;Fritz Wunderlich;Münchener Bach-Orchester;Karl Richter,Classical,classical,Calm;Nostalgic,studying;sleep,73.48,0.343,0.243,0.417,0.943,0.0,0.0578,0.532,-15.404,320173,0
2bcXqcKUWe1cjU5yzs6yu6,What Gently Flutters,Dustin O'Halloran;Bryan Senti,Chill,ambient,Calm;Nostalgic,studying;sleep,94.275,0.302,0.096,0.382,0.972,0.903,0.0309,0.098,-28.927,128048,0
43hajUyjyHEJCIoDtXSs63,What Have I Done to Deserve This?,Pet Shop Boys;Dusty Springfield,Pop,synth-pop,Happy;Energetic;Motivated,workout;party,118.02,0.711,0.875,0.925,0.128,0.00132,0.0336,0.159,-5.24,260413,0
1G3kwVs3JHqN5UPiFXcAID,Moth To A Flame (feat. The Weeknd) - Adriatique Remix,Swedish House Mafia;Adriatique;The Weeknd,EDM,progressive-house,Energetic;Dark,workout;driving,120.013,0.663,0.817,0.113,0.000118,0.37,0.0332,0.0683,-7.793,389956,59
7M7kfDUAgKAN50JR93mlpU,Everything,Commix,EDM,drum-and-bass,Energetic;Motivated,workout;studying,174.018,0.658,0.944,0.563,0.000411,0.902,0.0728,0.0937,-4.337,345492,16
49MaeQHQvaHG8CXS99kR6Q,La traviata / Act 1: Libiamo ne'lieti calici,Giuseppe Verdi;Luciano Pavarotti;Dame Joan Sutherland;The London Opera Chorus;National Philharmonic Orchestra;Richard Bonynge,Classical,opera,Sad;Calm,studying;sleep,110.022,0.395,0.246,0.208,0.967,7.77e-06,0.0644,0.505,-16.601,167026,52
5XsoDbDt98b0FkFLOhsJuS,Lat Lag Gayee,Benny Dayal;Shalmali Kholgade;Pritam,Hip-Hop,hip-hop,Happy;Energetic;Motivated,workout;party,131.991,0.79,0.892,0.896,0.228,1.18e-06,0.0404,0.206,-4.038,280369,65
0P92G94rnQ2gFaxuMGfKsu,Summer Love,Rudimental;Rita Ora,EDM,edm,Dark,workout;commute;driving,159.916,0.56,0.724,0.279,0.174,0.00321,0.0458,0.149,-6.263,258140,0
57uVLvxN3mK6k5oVLIngBq,O Descobridor dos Sete Mares,Lulu Santos,R&B,r-n-b,Happy;Energetic;Motivated,workout;party;driving,136.776,0.783,0.834,0.971,0.00215,0.0401,0.0382,0.0316,-9.728,224333,45
2uywAmOhGEHYUK8uIyD3JD,"Libiamo ne' lieti calici, Brindisi - La Traviata Atto I",Renata Tebaldi,Classical,opera,Calm;Chill;Nostalgic,studying,105.32,0.424,0.316,0.358,0.914,3.55e-05,0.0494,0.341,-13.664,184280,44
2Wkm4JBcIV2uSuu4qlbqFN,Dionysus,BTS,Pop,k-pop,Energetic;Motivated,workout,176.084,0.502,0.91,0.588,0.04,0.0,0.107,0.319,-2.769,249215,68
2w7Vt7DZtaLX45PWua98lj,Elsa / Quiero Amanecer / Cariñito - En Vivo,Yahaira Plasencia;Mauricio Mesones,Latin,salsa,Happy;Energetic;Motivated,party;driving,103.944,0.71,0.796,0.707,0.576,3.49e-05,0.117,0.381,-8.245,326875,31
6fKSBgaJyoPSttcFgjDaIg,Inquire Within,Hypocrisy,Rock,black-metal,Energetic;Dark,workout;studying,140.11,0.346,0.9,0.248,9.17e-06,0.692,0.0451,0.12,-7.899,347466,18
6H3rK2Gdu2EI8aaGgUBBer,悲情歌聲,Jody Chiang,Pop,mandopop,Sad;Chill;Nostalgic,studying;commute,108.195,0.591,0.429,0.324,0.739,0.0,0.0331,0.219,-8.8,252400,21
2jSOD3Ki2aY8R9GcVrcqBI,Single Girl,Sandy Posey,Rock,rock-n-roll,Calm;Romantic;Chill,studying;commute,106.93,0.657,0.381,0.692,0.769,0.0,0.0308,0.108,-10.865,152947,52
2OKo7g3KfmCt3kyLvUAL0g,The Search,NF,Hip-Hop,hip-hop,Energetic;Dark,workout;driving,119.957,0.789,0.786,0.39,0.596,0.0,0.297,0.0997,-4.788,248040,74
3xDfRWPT7Bsnh1sXHLuEhZ,Marchef w butonierce,Pidżama Porno,Rock,punk-rock,Happy;Energetic;Motivated,workout,128.879,0.456,0.961,0.709,0.0459,0.00454,0.0854,0.333,-6.749,206560,35
41vzOoyErnPT7zkxo2hvOa,"4 Impromptus, Op. 90, D. 899: IV. Allegretto - Trio",Franz Schubert;Yanica Hristova,Classical,classical,Sad;Calm,studying;sleep,67.716,0.318,0.0543,0.0388,0.991,0.932,0.0385,0.111,-24.681,497146,0
7oX7pXziD0WcYYi8DLmvnL,CDs e Livros,Asas Livres,Latin,forro,Happy,commute;cooking;driving,131.854,0.774,0.528,0.847,0.614,0.0,0.032,0.416,-4.404,203807,40
6XmBh5HSdVzEAaqzEftL9t,Adi Penne,Stephen Zechariah;Srinisha Jayaseelan,Hip-Hop,hip-hop,Romantic,commute;cooking;driving,107.978,0.591,0.648,0.423,0.449,0.0,0.0392,0.382,-7.556,301862,68
5sPsANAMyZijdGhEABiBLG,"Piano Sonata No. 15 in F Major, K. 533: II. Andante",Wolfgang Amadeus Mozart;Giuseppe Greco,Classical,classical,Sad;Calm,studying;sleep,135.551,0.364,0.017,0.0929,0.992,0.889,0.044,0.0847,-29.337,397980,7
4eP7VbswtkGd5Hlyj4E7Qx,Nevada,Kerala Dust,EDM,electronic,Calm;Nostalgic,studying;sleep,108.018,0.913,0.141,0.364,0.617,0.907,0.105,0.084,-14.659,363094,55
26OQPubivPkritGBui3SF6,Samba Makossa,Chico Science;Nação Zumbi,R&B,r-n-b,Dark,commute;cooking;driving,122.095,0.489,0.696,0.485,0.0283,0.0541,0.0722,0.17,-10.355,183573,40
0NHlPYnisv4NcPCa4a6qcG,Vinayagane Vinai Theerpavane Revival,Sirkazhi Govindarajan,Classical,classical,Happy,commute;cooking;driving,99.91,0.42,0.666,0.653,0.818,0.123,0.077,0.377,-9.957,184117,47
1pOztoC78d5UyrI5jGckM9,Tome Forró,Zé Vaqueiro,Latin,forro,Happy;Energetic;Motivated,workout;party,159.932,0.761,0.882,0.978,0.516,0.0,0.052,0.138,-3.176,94678,39
1BFbjceoOgsreEBUHqFS1X,Motor,Maglore,R&B,r-n-b,Sad;Calm;Chill,studying,120.726,0.414,0.329,0.146,0.824,0.076,0.0359,0.0906,-8.788,223701,39
0mlp9sYi9O7f7xYalECbFW,Christmas In The City,Marvin Gaye,R&B,funk,Chill,commute;cooking;driving,98.844,0.392,0.514,0.556,0.00404,0.00108,0.0287,0.156,-10.452,228533,0
3VpQWglejczAMkxS5vUXw1,In Our Memories,Roman Messer;Diandra Faye,EDM,trance,Energetic;Dark,workout,138.128,0.493,0.975,0.132,0.000642,0.161,0.0866,0.153,-4.327,208695,40
1XNAH3h63O1hWFcgyHGbjf,Nervous,John Legend,R&B,soul,Dark;Chill;Nostalgic,commute;driving,123.107,0.545,0.587,0.359,0.414,0.0,0.0634,0.224,-4.842,188046,67
4Srslh9EEeiJupAPAVGuMx,Heaven,Bazzi,EDM,electro,Happy,commute;cooking;driving,114.986,0.798,0.575,0.683,0.14,3.62e-06,0.035,0.056,-5.515,153391,0
5qBTgZFjztQUPWm6oIIQFv,Scenery,Yiruma,Chill,new-age,Sad;Calm,studying;sleep,119.454,0.456,0.182,0.155,0.992,0.87,0.065,0.098,-17.393,291720,44
1vGfZYrNSxT72PdgToMubU,Such a Night,Elvis Presley,Rock,rockabilly,Happy;Energetic;Motivated,workout;driving,171.755,0.418,0.766,0.906,0.747,0.0,0.0862,0.222,-11.415,178760,54
0K2ZTt8Hf6TS1MlfI4vWvH,Do It,Lenine,Latin,mpb,Energetic;Motivated,workout,145.226,0.569,0.878,0.53,0.214,2.84e-06,0.11,0.98,-7.78,210560,38
6Nq5Eem7uBLDlBjPVYXYn2,Echoes,Rival Consoles,EDM,idm,Dark,commute;driving,121.03,0.647,0.676,0.171,0.0232,0.381,0.0453,0.0528,-12.66,331514,35
4nAvEP0TxzNPiu710Dl5va,Générique de fin,Gabriel Yared,Chill,ambient,Sad;Calm,studying;sleep,87.964,0.114,0.121,0.0778,0.981,0.958,0.0392,0.215,-21.115,101375,52
1cy4FxrVbTfYRMlAF0n6LX,High Hopes - Live,Pink Floyd,Rock,psych-rock,Sad;Calm;Chill,commute,74.93,0.445,0.332,0.144,0.479,0.00503,0.0265,0.968,-16.167,474066,45
1iu3LJxEZXTsmAXrVOOU0j,I Only Rewind,Tubeway Army,Pop,synth-pop,Happy;Motivated,workout;commute;driving,141.891,0.627,0.704,0.781,0.0458,0.0859,0.0497,0.113,-8.415,250026,0
2UOpRmjNLkg9LmRydkIckC,Goodness,Simon Wester,Chill,ambient,Sad;Calm,studying;sleep,96.864,0.257,0.0551,0.0445,0.92,0.917,0.0317,0.0804,-25.138,180594,48
7z24lughlSF6j1O99tyRSW,Lucia di Lammermoor - Scena della pazzia,Gaetano Donizetti;Vincenzo Ciliberti,Classical,opera,Sad;Chill,studying;commute,100.233,0.221,0.402,0.0374,0.988,0.834,0.0375,0.161,-9.277,879905,0
6jWAQNlfoScyyDijaa7uVO,Out Of Blue,Clint Mansell,Chill,ambient,Sad;Calm,studying;sleep,81.018,0.146,0.143,0.173,0.978,0.829,0.0324,0.117,-19.2,122810,43
5HhIkPBBueX2cO8OFQqr5q,O minorenne,Patrizio,Classical,opera,Dark;Chill,commute,81.45,0.264,0.567,0.314,0.0605,5.23e-05,0.0331,0.254,-6.895,272773,19
5oDkgd1jpgrT0wcHwtsSQq,Em Ti Esperarei - Salmo 27,Trazendo a Arca,R&B,gospel,Dark,commute;driving,139.975,0.481,0.697,0.271,0.131,0.0,0.0328,0.0718,-4.878,314586,38
4hFloLLbiSgP8VdvVWZWse,"8 Variations on ‘Dieu d'amour’ from ‘Les mariages samnites’ by Grétry in F, K.352: 5. Variation IV",Wolfgang Amadeus Mozart;Danielle Laval,Classical,classical,Sad;Calm;Nostalgic,studying;sleep,94.6,0.369,0.179,0.326,0.993,0.948,0.0505,0.0622,-23.731,92986,2
2Ih217RCGAmyQR68Nn7Cqo,You Know How We Do It,Ice Cube,R&B,funk,Happy,commute;cooking;driving,92.869,0.747,0.52,0.601,0.0977,0.0537,0.0357,0.142,-10.523,232773,79
4t65MMRZCmeqXc0KukJiJi,喜歡你,LaLa Hsu,Pop,mandopop,Sad;Calm;Chill,studying;commute,109.909,0.552,0.362,0.26,0.695,4.46e-05,0.0273,0.164,-7.679,256506,50
7hKjFE33KtlOy2tPvsBXQF,Comatose,Stumbleine,EDM,idm,Sad;Dark;Chill,studying;commute;driving,114.989,0.403,0.508,0.133,0.199,0.84,0.0335,0.0826,-11.019,222000,29
4co1QFnOx9cpKRp3Ru6eJF,Azhagaai Pookkuthey,Vijay Antony;Janaki Iyer;VV Prassanna,Pop,k-pop,Dark;Chill;Nostalgic,commute;driving,149.825,0.618,0.522,0.356,0.695,8.94e-06,0.0461,0.0944,-7.94,296813,54
1odvBIeCuunsPjXJoDneHN,Errar de Novo - Ao Vivo,Akatu;Grupo Menos É Mais,Latin,samba,Happy;Energetic;Motivated,workout;driving,166.021,0.601,0.809,0.929,0.667,0.0,0.0661,0.252,-6.206,165722,37
0SfzAOlEhramLKdGms2xLa,Seja Mais Você - Ao Vivo,Samba De Raiz,Latin,samba,Happy,commute;cooking;driving,96.251,0.485,0.673,0.615,0.666,0.0,0.109,0.657,-11.898,218466,39
5cTFePNnVuEbNGVdAS9bJF,Heroe,Il Divo,Classical,opera,Sad;Chill,commute,119.634,0.345,0.423,0.15,0.376,7.39e-06,0.0328,0.11,-6.962,257265,21
01zp4taj3AApYlN2iejw3W,Pump It Up,Elvis Costello & The Attractions,Pop,power-pop,Happy;Energetic;Motivated,workout;driving,138.978,0.645,0.809,0.966,0.00921,0.00108,0.0385,0.106,-6.12,196680,0
4FyyPz7aB3NGy4MHehD662,Diastric Alchemy,Rotting Christ,Rock,black-metal,Energetic,workout,137.493,0.283,0.9,0.417,0.00138,0.12,0.0526,0.0537,-7.861,298933,17
3Jj1ZyH3UKnnM7LDMkohiJ,Engel,Doro,Rock,heavy-metal,Dark;Chill,commute;driving,107.054,0.482,0.558,0.112,0.00594,9.72e-05,0.0275,0.125,-5.879,313626,20
5t5rCnsgRBtcKqTB7SbD1Q,High Enough,Damn Yankees,Rock,hard-rock,Sad;Dark;Chill,commute,81.814,0.273,0.537,0.232,0.0241,0.0,0.0306,0.0922,-9.612,287320,60
1d6KC8pW1xegjOHNSVnpeG,Looking Back,Jim Brickman,Chill,new-age,Sad;Calm,studying;sleep,127.683,0.392,0.087,0.11,0.964,0.903,0.0452,0.0865,-18.895,192093,22
6CfSkSgeS4qR7EucYNfpIY,Fight Fire With Fire,Ran-D;LePrince,EDM,hardstyle,Energetic;Dark,workout,155.022,0.515,0.851,0.274,0.0608,0.0,0.062,0.209,-3.353,235919,55
4nbILrYODP667b3d66ZMzI,Sway (Quien Sera),Dean Martin,Jazz,jazz,Calm;Nostalgic,studying;sleep,120.036,0.601,0.239,0.569,0.727,1.43e-06,0.0384,0.0748,-12.175,162960,59
5xHV6zfQoihD3HJsJXM4tL,Drawing Straws,Netsky,EDM,drum-and-bass,Energetic;Dark,workout;studying,173.037,0.524,0.971,0.35,9.24e-05,0.899,0.0721,0.349,-3.72,255261,18
3UG2ESq7kmd3gHLAnPqnYK,Trovão Azul,MC Hariel,R&B,funk,Chill,commute;cooking;driving,128.325,0.673,0.564,0.572,0.25,0.000574,0.442,0.0785,-5.802,169845,42
0BT1RPTo2QBVlKMGa3UFMY,It's Allright,Sterling Void;Paris Brightledge,EDM,chicago-house,Happy;Motivated,workout;commute;driving,120.323,0.68,0.746,0.686,0.00626,0.000214,0.0391,0.297,-8.989,411213,8
4iFiFqYJpZWBMn98i7sC4d,Grey Cloud Lullaby,Slow Meadow,Chill,ambient,Sad;Calm,studying;sleep,63.438,0.0911,0.163,0.0393,0.945,0.965,0.0382,0.0975,-17.135,274218,57
2cxH8WTPErfw2OWnzYmIu1,Liptones,Luke Vibert,EDM,idm,Sad,studying;commute;cooking,172.021,0.741,0.406,0.447,0.0103,0.878,0.0667,0.0985,-13.254,241866,33
3PydQylzb5E2XDLQS0UIbf,Yolumuz Gurbete Düştü,Cem Karaca,Rock,psych-rock,Energetic;Motivated,workout,113.984,0.584,0.902,0.636,0.00477,1.52e-05,0.0731,0.18,-6.129,357642,31
12Tz3nIzkAgfuctmugT8is,A Oferta da Viuvinha,Aline Barros,R&B,gospel,Happy;Energetic;Motivated,workout;driving,153.984,0.673,0.8,0.964,0.0728,0.0,0.0515,0.181,-5.253,189799,38
31qJ6MTYlqfZCWOdX5kSkK,Above with Eagles,Tony O'Connor,Chill,new-age,Sad;Calm,studying;sleep,75.913,0.424,0.057,0.16,0.96,0.908,0.037,0.0599,-20.102,466706,21
0Jonr4Mb95BeP3gVX9KHcS,Me Aproximou - Ao Vivo,Gabriela Rocha,R&B,gospel,Dark,commute;driving,147.876,0.345,0.697,0.105,0.0481,0.0,0.0376,0.266,-6.562,316013,42
2pUfIeF044S7DQNdaOEAoR,Apertura,Gustavo Santaolalla;Don Markese;Braulio Barrera;Javier Casalla;Anibal Kerpel,Chill,ambient,Sad;Calm,studying;commute,142.046,0.719,0.363,0.122,0.692,0.73,0.0545,0.0803,-12.567,168560,36
6y3vYl2F0OnUwmKxPF6TA1,AUTOMOTIVO DAS PIRANHA - VEM COMER MINHA TCHECA - METE SA PORRA DIREITO,DJ Arana,R&B,funk,Energetic,workout;party,130.924,0.758,0.985,0.49,0.647,0.0,0.425,0.243,1.682,200020,47
1GW9HiviLL0kWgcKhzpfoE,Só Por Hoje,Gaab;MC Hariel,R&B,funk,Calm;Romantic;Chill;Nostalgic,studying,179.994,0.624,0.337,0.614,0.834,0.0,0.463,0.106,-11.117,193422,50
6bV7CG4bGI4U3imq2NpIG0,那年夏天寧靜的海,Cyndi Wang,Pop,mandopop,Romantic;Chill;Nostalgic,studying;commute;cooking,111.893,0.651,0.425,0.498,0.861,0.0,0.0274,0.136,-4.637,252133,52
3JNyeyLbksjutQIoA48eqC,Assino Com X - Ao Vivo,Gilberto e Gilmar;Zé Neto & Cristiano,Latin,sertanejo,Motivated,workout;commute;driving,169.574,0.334,0.71,0.565,0.238,0.0,0.0483,0.964,-4.273,207874,48
74kUWtzAk8ApDHOGkGNfT0,Cartão,Mc Davi;Gaab,R&B,funk,Happy,commute;party;cooking;driving,179.974,0.719,0.651,0.513,0.227,0.0,0.444,0.102,-3.084,197333,47
65630JSKawmLrXSK6DGRmm,"Catalani: La Wally, Act 1: ""Ebben? ... Ne andrò lontana"" (Wally)",Alfredo Catalani;Maria Callas;Tullio Serafin;Philharmonia Orchestra,Classical,opera,Sad;Calm,studying;sleep,68.738,0.148,0.122,0.0393,0.979,0.136,0.0455,0.229,-13.993,290893,23
5mnPSO66I89BekmSlRhejl,Les Boréades / Act IV: Entrée de Polymnie - Live,Jean-Philippe Rameau;Les Musiciens du Louvre;Marc Minkowski,Classical,opera,Sad;Calm,studying;sleep,137.129,0.164,0.135,0.0557,0.769,0.457,0.0437,0.129,-19.969,365000,21
0E8zloWYA3Li81CJqFa9fI,Man in the Rain,Mike Oldfield,Chill,new-age,Romantic;Chill,commute;cooking;driving,128.349,0.573,0.585,0.628,0.34,4.11e-05,0.0274,0.178,-10.367,243400,54
29aFRSKkk2kYToZF3JgVJC,I'm In The Mood For Love,Julie London,Jazz,jazz,Sad;Calm,studying;sleep,123.341,0.58,0.0545,0.177,0.963,0.000265,0.0473,0.0967,-14.594,149826,0
1vSXwYeKnzsVvekSpqVabx,Chikni Chameli,Ajay-Atul;Shreya Ghoshal,Hip-Hop,hip-hop,Happy;Energetic;Motivated,workout,90.005,0.693,0.956,0.665,0.289,0.0,0.071,0.294,-5.012,301586,62
5lbI349gAMwModXrxFfJ5d,Порно,Автостопом по фазе сна,Rock,emo,Sad;Calm,sleep,129.994,0.82,0.252,0.209,0.136,0.000295,0.0402,0.184,-9.193,158769,49
371m7ARqAqwDJ7pcvSTZe9,É Hoje - Ao Vivo,Dudu Nobre,Latin,samba,Happy;Romantic;Chill,commute;cooking;driving,144.167,0.433,0.576,0.704,0.589,0.0,0.352,0.729,-11.675,193875,35
3qKcnyDELdhl8wUUKh7taa,Land of the Elves,Achillea,Chill,new-age,Sad;Calm,studying;sleep,119.723,0.427,0.108,0.0377,0.856,0.383,0.0346,0.123,-20.024,144626,44
3BApUOeS8cihFTyoMKQTVk,Tabahi,Badshah,Hip-Hop,hip-hop,Happy;Energetic;Motivated,workout;party,120.035,0.719,0.861,0.814,0.0881,0.00109,0.0369,0.126,-4.042,168500,58
46k8fWPPPK3wV4Bk4CW2zP,Daybreak,DevilDriver,Rock,death-metal,Energetic;Dark,workout,132.01,0.457,0.981,0.191,9.08e-05,4.86e-05,0.104,0.401,-4.11,262329,22
1vtHa69RQqnroGsWQuyp05,Ku Bukan Mesin Lotremu,The Jansen,Rock,punk,Happy;Energetic;Motivated,workout,152.771,0.3,0.966,0.712,1.08e-05,0.35,0.038,0.0632,-7.297,212928,37
6TFUGAC1zk57FICwy1wZNW,Dura - Remix,Daddy Yankee;Natti Natasha;Becky G;Bad Bunny,Hip-Hop,hip-hop,Happy;Energetic;Motivated,party;driving,94.98,0.772,0.803,0.853,0.187,0.0,0.0468,0.434,-3.035,242160,0
0pBgoq3dzUMKDESrTWNMaG,One More Time,Russell Watson,Classical,opera,Sad;Chill,commute,79.944,0.365,0.417,0.192,0.47,0.0,0.0259,0.17,-8.091,231866,20
2cc8Sw1OnCuA5bV8nqWqpE,You,Regard;Troye Sivan;Tate McRae,EDM,edm,Happy,commute;cooking;driving,106.064,0.691,0.695,0.514,0.0592,0.0,0.0367,0.0647,-5.6,233386,76
28XltB21W24JFdRZbuJeah,Aqui o Mal Não Vai Entrar,Samuel Messias,R&B,gospel,Sad;Chill,commute,98.141,0.448,0.463,0.14,0.647,0.0,0.0263,0.0853,-7.933,247106,38
26wLOs3ZuHJa2Ihhx6QIE6,Teeth,5 Seconds of Summer,EDM,dance,Sad,commute;cooking,139.031,0.756,0.448,0.431,0.0508,3.87e-06,0.0404,0.11,-2.993,204887,79
4pEYt2rphby3dY8a4SLSzr,Millonario De Amor,"Sergio Vega ""El Shaka""",R&B,r-n-b,Happy;Chill,commute;cooking;driving,154.14,0.633,0.575,0.902,0.431,0.0,0.0357,0.316,-2.358,221986,0
1qCeYzM30kxUwppYNx3Pho,I Won't Let You Down,Audio Bullys,EDM,breakbeat,Energetic;Dark,workout;driving,119.965,0.519,0.766,0.183,0.168,0.342,0.0616,0.125,-5.012,342173,14
32FVH23yFXr8Z0sfjRw4It,Wo Noor,AP Dhillon,Hip-Hop,hip-hop,Happy,commute;cooking;driving,92.52,0.761,0.554,0.555,0.193,0.00844,0.0854,0.0802,-8.119,199420,72
4xlxVp3eLAYSTilMJzqYoR,Puff Puff Pass - Original Mix,Keith Mackenzie;DJ Fixx,EDM,breakbeat,Happy;Energetic;Motivated,workout;party;driving,130.06,0.706,0.803,0.783,0.00342,0.293,0.0855,0.041,-6.009,208615,20
5O9jxRlG72h1sYxtqWwUcF,Shiddat Title Track,Manan Bhardwaj,Pop,pop,Dark,commute;cooking;driving,149.921,0.489,0.625,0.439,0.288,0.0,0.0584,0.133,-6.497,230875,65
6jM9zDolSTqAmvBziZBifG,No Le Bajo,Ecko;Omar Varela,Latin,latino,Happy,commute;cooking,88.017,0.826,0.539,0.808,0.0317,0.0,0.102,0.074,-4.855,143586,42
6IEltCmWkF4hOWrL1tCWAh,Fly Me To The Moon - Ao Vivo,Thiaguinho,Latin,pagode,Romantic,commute;cooking;driving,144.044,0.536,0.606,0.612,0.334,2.1e-06,0.0326,0.816,-7.483,169948,45
0CeIsAidKu8v9c38WjGFe5,Gave It,Moneybagg Yo;Big Homiie G,Hip-Hop,hip-hop,Dark,commute;driving,180.072,0.823,0.603,0.225,0.00212,4.27e-06,0.393,0.245,-6.783,172080,1
62dsowDPBOpK7yGDckeOcG,Calabass,Huda Hudia;DJ30A,EDM,breakbeat,Energetic;Dark,workout;studying,132.005,0.765,0.889,0.337,0.000159,0.625,0.0486,0.0603,-3.418,241818,12
17ZoxkqMasrOztvOztevxd,Lascia chi'o pianga - Rinaldo,Patricia Janečková;Orchester Viva Musica!,Classical,opera,Sad;Calm,studying;sleep,87.85,0.196,0.169,0.15,0.741,0.000338,0.0451,0.13,-14.248,263186,31
0ozqdYQjGNEAtcZnVheEiA,Hello,The Baseballs,Rock,rockabilly,Happy;Energetic;Motivated,workout,146.051,0.579,0.867,0.909,0.158,0.0,0.0413,0.257,-5.731,172451,26
1BdIrhhTbQn4jc682omTlq,Velha Fazenda,Rionegro & Solimões,Latin,sertanejo,Happy;Energetic;Motivated,workout,102.034,0.688,0.865,0.835,0.276,1.75e-05,0.0353,0.259,-6.928,172887,47
6HnZsLUDrG3HTSbh8sq2u3,I Stay Away,Alice In Chains,Rock,grunge,Energetic;Dark,workout,81.37,0.174,0.781,0.276,0.0452,0.00346,0.0406,0.0822,-7.066,254400,62
1kChx0uGraDIIyOVtBVawU,Watch Me Bleed,Tears For Fears,Pop,synth-pop,Energetic;Motivated,workout,159.057,0.49,0.866,0.624,0.0107,0.000636,0.0297,0.106,-6.117,255933,44
6KEP74QSoiTVzLljpy6UVn,Green Quiet Mountain,Dean Evenson;Li Xiangting,Chill,new-age,Sad;Calm,studying;sleep,80.774,0.203,0.131,0.0851,0.988,0.95,0.0366,0.124,-17.617,431346,21
51NFxnQvaosfDDutk0tams,bellyache,Billie Eilish,EDM,electro,Romantic;Chill;Nostalgic,commute;cooking;driving,99.939,0.695,0.573,0.408,0.46,0.0734,0.106,0.482,-8.597,179172,79
5VWKK5JsEMlG33lg9cHIZZ,The Words,Psyko Punkz;Coone,EDM,hardstyle,Energetic;Dark,workout,150.017,0.503,0.924,0.304,0.0274,0.0103,0.0358,0.133,-4.135,258800,24
1fXMOBiZsYyMHUzWFrAkFn,Breezin',Jane Leslie,Chill,new-age,Sad;Calm,studying;sleep,65.917,0.472,0.0413,0.0836,0.995,0.917,0.0578,0.0837,-23.33,189626,20
0cN7RFTwvomWbnRn3a6aYW,Nós - Ao Vivo,Cássia Eller,Latin,mpb,Energetic;Motivated,driving,105.903,0.588,0.764,0.557,0.544,3.48e-06,0.154,0.698,-9.266,178759,40
6JKzt2ZwA2co1W0JuFR4y1,Chevaux,Tony O'Connor,Chill,new-age,Sad;Calm,studying;sleep,89.398,0.383,0.14,0.0396,0.948,0.865,0.0359,0.33,-18.872,372440,24
6ygQkrkKbm656Zk4jfZDAM,Bumbum Dela Mexe (feat. Mc Neto),JS o Mão de Ouro;Avine Vinny;Mc DLL;Mc Neto,R&B,funk,Happy;Energetic;Motivated,workout;party;driving,160.092,0.726,0.772,0.962,0.201,0.0,0.0478,0.167,-4.989,185589,44
5cAUbhZcGKn666AZ9oO3RO,Moon River,Louis Armstrong,Jazz,jazz,Sad;Calm,studying;sleep,86.646,0.443,0.136,0.264,0.889,0.00967,0.0341,0.183,-12.984,176453,2
44Z6cAHQkaq5m7xytEXiP7,Con Ella No,Servando & Florentino,Latin,salsa,Happy;Energetic;Motivated,driving,90.122,0.479,0.843,0.897,0.713,0.00876,0.0464,0.347,-3.933,306373,29
60Gwt85TPuZuLcJy4pMbuN,Perdón,Maite Hontelé;Oscar D'León,Latin,salsa,Romantic;Chill;Nostalgic,studying;commute;cooking,93.019,0.689,0.432,0.497,0.552,2.23e-05,0.0296,0.0924,-9.284,328320,28
1oEgmf8WOKdeTFDJkRy7oX,"8 Variations on ""Laat ons juichen"" by C.E. Graaf in G, K.24: 3. Variation II",Wolfgang Amadeus Mozart;Danielle Laval,Classical,classical,Calm,studying;sleep,115.025,0.506,0.0929,0.674,0.995,0.96,0.0624,0.173,-27.106,37132,26
4i4QN9Zs5s7OZRRLIYHMmP,Souvenir - Remastered 2003,Orchestral Manoeuvres In The Dark,Pop,synth-pop,Happy;Motivated,studying;commute;party;driving,102.8,0.741,0.742,0.845,0.497,0.885,0.0306,0.0863,-7.557,219506,53
2KMQ4IjWHmiRf32UmJUK9E,Pachelbel's Canon in D,Danny Wright,Chill,new-age,Sad;Calm,studying;sleep,74.058,0.267,0.184,0.144,0.822,0.926,0.033,0.0919,-16.447,217746,52
1xSCr5uIndaHKFdO4s2V6B,Satya,DIVINE,Hip-Hop,hip-hop,Energetic;Dark,workout;driving,139.737,0.598,0.804,0.322,0.0576,0.0,0.123,0.252,-5.39,182640,64
4keovyJwAJest604xwXXEC,Misty,Sarah Vaughan,Jazz,jazz,Sad;Calm,studying;sleep,66.13,0.194,0.288,0.143,0.892,1.84e-06,0.0359,0.336,-10.647,178400,0
28njLrZycTveXnYxP5CmbH,It Came Upon The Midnight Clear,Charlie Haden;Hank Jones,Jazz,jazz,Sad;Calm,studying;sleep,112.015,0.494,0.0421,0.264,0.981,0.928,0.0453,0.104,-26.853,176653,0
3UOsNxm8PMNsiDoXwyW2e4,Recomeço,Thays Calzavara,R&B,gospel,Sad;Dark;Chill,commute;driving,198.112,0.176,0.533,0.249,0.423,0.0,0.0395,0.079,-8.56,362896,39
6Q3FXpvUNVHiWHU3xVMnQR,Too Young to Die - Pineapple & Palm Tree Mix,TOOMANYLEFTHANDS,EDM,electronic,Energetic,workout,111.95,0.627,0.876,0.418,0.0159,0.0,0.0324,0.0665,-4.391,261562,0
13cpOnmccZGVGFngLxYN4I,Forever in Love,Kenny G,Jazz,jazz,Sad;Calm;Chill,commute,81.993,0.343,0.318,0.11,0.336,0.158,0.0312,0.17,-14.901,299493,55
0aADew3ogSPmeFA2dK4dPe,Climbing in Geometry,Will Ackerman,Chill,new-age,Sad;Calm,studying;sleep,155.527,0.339,0.182,0.17,0.905,0.913,0.0314,0.0878,-18.853,371133,22
342pJxy678kgQrZXCL9RG7,Urvashi,Yo Yo Honey Singh,Hip-Hop,hip-hop,Motivated,commute;party;driving,105.995,0.792,0.703,0.634,0.195,0.0,0.0368,0.072,-4.343,215483,60
3S15asiD5pqbEp4mb9tMxa,Quando você chegar,Novos Baianos,Latin,samba,Happy;Chill,commute;cooking;driving,153.043,0.53,0.59,0.904,0.737,0.0,0.0652,0.101,-6.059,198466,39
05sqcYfU2wMlKwPVJ0rotq,Afsanay,Young Stunners;Talha Anjum;Talhah Yunus,Hip-Hop,hip-hop,Romantic;Nostalgic,commute;cooking,95.992,0.816,0.456,0.534,0.529,0.0,0.569,0.189,-8.281,343118,58
4RIQpVKnO0LBuqBsee9PJs,Caps Lock,Noisia;Black Sun Empire,EDM,breakbeat,Energetic;Dark,studying,86.001,0.391,0.866,0.0836,0.000236,0.726,0.148,0.115,-3.25,280667,31
56m4YKTVnopCEbpQ49wPJ3,Saudade do Ex,Mc Don Juan;Luíza & Maurílio,R&B,funk,Happy;Motivated,workout;commute;party;driving,127.897,0.832,0.73,0.869,0.4,0.0,0.0345,0.0815,-4.432,164062,44
46OkOaarmTsAQQFfZSsruW,King Of The Dead,XXXTENTACION,Rock,emo,Sad;Calm;Chill,commute,97.899,0.344,0.309,0.0398,0.0444,0.0111,0.0545,0.0929,-9.26,219560,67
6K547btWXIAVGilXWxHVbq,Memory Residue,Anenon,EDM,idm,Sad;Calm,studying;sleep,121.757,0.73,0.288,0.0784,0.6,0.923,0.155,0.13,-11.802,288000,8
1vzxYeTJ9dTtyJXkNWVJDZ,En Kadhal Solla,Yuvan Shankar Raja;Tanvi Shah,Pop,k-pop,Calm,commute;cooking,105.019,0.874,0.412,0.56,0.035,0.00684,0.0313,0.102,-5.746,293893,62
4riYgZOhbrXholbKiSAx5s,SUMMER DREAM,TUBE,Pop,j-pop,Happy;Energetic;Motivated,workout,132.857,0.677,0.879,0.797,0.222,0.0,0.0436,0.385,-5.342,252413,36
1tDNSxkHrrEvcrRtUZUrDk,"Trio No. 2 in D Minor, K. 442: II. Andantino. Tempo di minuetto",Wolfgang Amadeus Mozart;Jacques-Francis Manzone;Paul Julien;Désiré N'Kaoua,Classical,classical,Calm;Nostalgic,studying;sleep,104.385,0.389,0.0758,0.38,0.988,0.698,0.0367,0.129,-22.677,427160,0
5Smmg9SpxnawbuYPKSNcmx,Day Dream,Bill Charlap Trio,Jazz,jazz,Sad;Calm,studying;sleep,100.265,0.432,0.0951,0.093,0.909,0.89,0.0388,0.117,-23.511,373840,65
0MrEZmX29lJCJHMeTnxRBx,Those Days,Nickelback,Rock,grunge,Happy;Energetic;Motivated,workout,165.911,0.504,0.918,0.674,0.00228,0.0,0.0462,0.147,-5.475,219043,23
4pMmiFQnghs6ZrzUOU38l2,Villvandre,Khold,Rock,black-metal,Energetic;Dark,workout,114.06,0.434,0.876,0.346,1.04e-06,0.134,0.0489,0.167,-13.388,206745,17
3ktjSD56hFRXC3LjbHXAH1,For You,All That Remains,Rock,metalcore,Energetic;Dark,driving,91.958,0.468,0.839,0.378,0.0508,0.0,0.0352,0.126,-2.371,256279,53
6AmnZSOx2DU4Eb6Ce2KHoR,"Canon in C, K.508A",Wolfgang Amadeus Mozart;Franz Schessl;Andreas Röhn;Yang Wen Sinn,Classical,classical,Calm,studying;sleep,71.455,0.375,0.226,0.857,0.986,0.652,0.0486,0.0886,-19.704,55293,21
66vAvmXdu1UAWQhPKxjHjm,大スキ! - original version,Ryoko Hirosue,EDM,techno,Happy;Energetic;Motivated,party,101.456,0.72,0.918,0.84,0.421,0.0011,0.0355,0.167,-4.984,269493,26
6qOubdq3Nh6XOlz9a0bgVU,Derecho Viejo I,Julio De Caro,Latin,tango,Sad;Calm;Chill;Nostalgic,studying,121.67,0.548,0.343,0.34,0.755,0.000263,0.0324,0.0823,-6.862,161600,19
4lbfKjSPTcqI6mtnZAREyf,Far Beyond Yon Mountain,Aine Minogue,Chill,new-age,Sad;Calm,studying;sleep,64.006,0.283,0.0271,0.112,0.993,0.873,0.0367,0.122,-20.943,368560,23
1KQjtsUZXzQNldZYfvvSNC,Innerst i sjelen,Sissel,Classical,opera,Sad;Calm;Nostalgic,studying;sleep,129.362,0.496,0.275,0.344,0.589,0.0,0.0293,0.105,-11.848,237000,31
6IWgHV06sU7ZfLAqB7GOtX,The Bells of St. Mary's,Connie Francis,R&B,r-n-b,Sad;Calm,studying;sleep,60.645,0.284,0.156,0.146,0.896,0.0,0.0334,0.156,-9.556,153066,0
2pB1aXxX0yvGMvUBNZiqBk,"Quando, Quando, Quando",Filippa Giordano,Classical,opera,Romantic;Chill;Nostalgic,commute;cooking;driving,176.005,0.302,0.578,0.5,0.676,4.21e-06,0.033,0.13,-4.132,212000,20
3lB90ecwKTc3SHHUadsv2E,Ovotaar,aswekeepsearching;Shankuraj Konwar,Chill,ambient,Energetic;Dark,driving,95.964,0.449,0.774,0.156,0.592,0.00687,0.0384,0.104,-6.135,333125,26
11cOcWyGNmoQPIhOgxKQq4,Anioł Wie...,Urszula,Pop,synth-pop,Happy,commute;cooking;driving,132.9,0.6,0.62,0.573,0.00225,0.0,0.0247,0.0682,-6.906,258755,31
1SCHnL226Vc4S4lyoGeeSf,Comparsas/O Pequenez E O Pit Bull,Ana Carolina;Seu Jorge,Latin,mpb,Happy,commute;cooking;driving,95.453,0.532,0.653,0.662,0.238,0.0,0.489,0.707,-10.707,297160,39
6WXzd4sLgTRu4YLRikRHbU,Yeh Tera Ghar Yeh Mera Ghar,Jagjit Singh;Chitra Singh,Pop,k-pop,Happy,commute;cooking;driving,119.407,0.668,0.626,0.8,0.51,0.0,0.0307,0.337,-7.304,314133,48
3lkd9cbKyOdNmUrk2fOT4i,"愛的逃兵 - 電影 ""愛的逃兵"" 歌曲",Alan Tam,Pop,cantopop,Sad;Calm,studying;sleep,160.029,0.409,0.211,0.238,0.636,1.71e-06,0.0311,0.0906,-19.817,269960,22
6c9EGVj5CaOeoKd9ecMW1U,Strobe - Radio Edit,deadmau5,EDM,electronic,Dark,workout;studying;commute;driving,128.032,0.649,0.706,0.0736,8.45e-05,0.831,0.031,0.163,-7.209,214186,53
23tKvchhAzfCJW8HkBlxf6,Vacilón,Don Omar,Hip-Hop,hip-hop,Happy,commute;cooking,82.983,0.734,0.519,0.685,0.00814,0.141,0.0824,0.311,-9.483,177293,2
0kTMK4gNFfLXaTb62w1UaJ,BABY OTAKU,Pablo Pesadilla;Polimá Westcoast;Nickoog Clk;Fran C,Latin,latino,Dark,commute;driving,102.003,0.835,0.747,0.432,0.0492,0.0,0.083,0.055,-4.65,176470,88
51GAnsZ7i3XzCcLRq06KHR,Bh no Topo 5,Mc Anjim;MC Rick;MC Saci;MC Braian;Mc Morena;Dj Nattan;Dj Tg Da Inestan;Gui Marques,R&B,funk,Romantic;Chill;Nostalgic,commute;cooking,75.912,0.549,0.459,0.422,0.742,0.0,0.115,0.103,-4.946,252922,44
53AmnlRSyicd0MP1u0MaUH,Anything Goes,Tony Bennett;Lady Gaga,Jazz,jazz,Happy;Romantic,commute;cooking;driving,152.208,0.516,0.62,0.749,0.614,0.0,0.0805,0.0805,-5.68,123840,0
5FwMLFEARYqd9faHGljjwM,"Andantino in C, K.15b",Wolfgang Amadeus Mozart;Erik Smith,Classical,classical,Calm;Chill;Nostalgic,studying;commute,127.893,0.43,0.363,0.395,0.909,0.358,0.0512,0.29,-17.472,67546,14
5Jnh5dLxOh38cHsNXESnle,The Christmas Blues,Dean Martin,Jazz,jazz,Calm;Nostalgic,studying;sleep,71.126,0.383,0.136,0.422,0.851,0.0,0.0396,0.107,-16.138,175400,0
1v5RPdNHYVl8srY7YOQPhm,Dama de vermelho,Duduca & Dalvan,Latin,sertanejo,Happy,commute;cooking;driving,93.904,0.56,0.692,0.767,0.612,6.56e-06,0.0314,0.86,-2.672,172600,45
3FlVpXdWH32y2vK4BABINO,Et Verbvm Caro Factvm Est,Negator,Rock,black-metal,Energetic;Dark,workout,121.405,0.257,0.917,0.049,1.14e-05,0.000761,0.0915,0.359,-8.228,212684,17
4YeZzfKYGy8f25pxC7IzlP,Al Estilo Mafia,Saul El Jaguar Alarcón;Banda Clave Nueva,R&B,r-n-b,Happy;Energetic;Motivated,workout;driving,175.945,0.644,0.817,0.965,0.341,0.0,0.0889,0.357,-2.306,147693,42
5vmRQ3zELMLUQPo2FLQ76x,Smalltown Boy,Bronski Beat,Pop,synth-pop,Happy;Chill,commute;cooking;driving,134.546,0.685,0.584,0.939,0.288,0.00918,0.0276,0.124,-10.616,302413,73
5DCNX1F47bDPke1LxKrEnS,Taladh Chriosta,Peter Gregson;Daniel Pioro;Grace Davidson;Clara Sanabras;Hannah Cooke,Chill,ambient,Sad;Calm,studying;sleep,85.425,0.0877,0.0452,0.0353,0.988,0.936,0.0431,0.109,-22.712,201651,0
3wz2vWhYnnBoFmgMkqtzLy,Daku,Chani Nattan;Inderpal Moga,Hip-Hop,hip-hop,Romantic,commute;cooking;driving,98.062,0.847,0.558,0.495,0.325,0.0,0.0663,0.135,-5.855,131077,75
4Jfcedn6swtzrhq6wH09rQ,Cool Yule,Louis Armstrong;The Commanders,Jazz,jazz,Happy;Romantic;Chill,commute;cooking;driving,149.439,0.568,0.505,0.692,0.676,1.67e-05,0.128,0.516,-8.041,176699,0
4ixTxwy8SDKnf04iQ5rczT,O Come Little Children/We'll Dress The House,Liz Story,Chill,new-age,Calm;Nostalgic,studying;sleep,103.979,0.401,0.102,0.411,0.996,0.928,0.0413,0.111,-24.738,118173,27
08izdMh6SFTxOd5ekY7QKU,La Primera Noche,Maelo Ruiz,Latin,salsa,Happy,commute;party;cooking;driving,92.593,0.75,0.602,0.94,0.435,0.0,0.0357,0.0954,-7.637,292973,34
0UT48H82IvI9PdhRM39neg,Quiero Volver,TINI;Sebastian Yatra,Latin,latin,Happy;Energetic;Motivated,workout;driving,172.104,0.672,0.83,0.774,0.207,0.0,0.0599,0.0752,-4.028,183960,2
0M4HcGtxIWVVH4rSNp6XhQ,Dejalo,King,Hip-Hop,hip-hop,Calm,commute;cooking,92.078,0.768,0.444,0.563,0.112,0.00314,0.0811,0.145,-8.079,202826,60
2O7SbXVTOeMqmJIYwqL0n7,Se Não Valorizar (Umbrella),Solange Almeida,Latin,forro,Happy;Energetic;Motivated,workout,88.069,0.504,0.847,0.859,0.089,0.0,0.084,0.699,-4.487,248250,39
1BpG59DLyW6jZxN2PYiUA3,2daBeat,Super Flu,EDM,minimal-techno,Dark,commute;driving,120.022,0.659,0.698,0.221,0.109,0.00864,0.0687,0.0836,-10.252,329787,47
571pa5LGKPGLNTLcobbrgr,Crawling Back To You,Daughtry,Rock,grunge,Energetic;Dark,workout,150.979,0.426,0.908,0.16,0.00686,0.0,0.0504,0.167,-3.437,225440,50
753DZsGGXlasRCp48FmOhH,Bellz,TroyBoi,EDM,electronic,Happy;Motivated,workout;studying;commute;party;driving,132.019,0.817,0.732,0.963,0.0254,0.806,0.068,0.811,-7.23,160000,51
1gg9RdyhZVpaPHjLtSPHJl,Piloto Automático,Sandy,Latin,mpb,Sad;Calm;Chill,studying;commute,125.928,0.611,0.381,0.259,0.795,0.0,0.0581,0.346,-13.504,189445,39
1lIb7Ze8PHhWwdXDtPF00j,"Jailaan (From ""Moosa Jatt"")",Sidhu Moose Wala,Hip-Hop,hip-hop,Happy;Energetic;Motivated,workout;driving,171.935,0.593,0.791,0.881,0.0343,0.0,0.165,0.0654,-5.162,178604,62
1Tfxi7N3DW4zvAuVjt9g8X,Moana,G-Eazy;Jack Harlow,Pop,indie-pop,Sad;Dark,commute;driving,205.895,0.753,0.502,0.349,0.0439,1.54e-06,0.264,0.128,-6.879,178216,62
01N4rGD2WJZewp4RAu8034,Kime Kin Ettin,Kızılırmak,Jazz,jazz,Calm;Romantic;Chill;Nostalgic,studying,140.725,0.619,0.318,0.627,0.839,8.75e-06,0.0384,0.2,-11.953,257600,37
4Rhn7Vc8ayseFyGxyKGEf3,Woodland Meditation,Dan Gibson's Solitudes,Chill,new-age,Sad;Calm,studying;sleep,122.341,0.399,0.151,0.143,0.959,0.678,0.0403,0.448,-21.041,411363,26
0g4YiFtjtBbp8Tqdr9H2j2,Running In The Night,Firelite,EDM,hardstyle,Energetic;Dark,workout,154.86,0.479,0.888,0.225,0.00614,0.00105,0.153,0.339,-5.997,182710,23
0IBfzm4cEZ0rQK5YGXjXNg,Reminisce - Matt Neux Remix,Toronto Is Broken;Natty Campbell;Matt Neux,EDM,idm,Energetic;Dark,workout,87.503,0.63,0.916,0.303,0.00106,0.0225,0.0522,0.871,-3.927,268842,19
6BkEJgMiwbaOueELZXo27f,Anybody Seen My Baby - Acoustic Version,Groove Da Praia,Jazz,jazz,Sad,studying;commute,115.96,0.757,0.408,0.309,0.325,0.539,0.0373,0.104,-10.889,139625,0
3KUnjcQxdCciJRq58PFoVy,Let's Have a Ball Tonight,Tim Maia,Latin,samba,Happy,commute;cooking,86.865,0.496,0.67,0.7,0.419,1.03e-05,0.0341,0.208,-6.687,417533,39
6JVRY8QoE6pdVYWmT97LJu,Sete Desejos - Ao Vivo,Alceu Valença;Orquestra Ouro Preto,Latin,mpb,Romantic;Chill;Nostalgic,commute;cooking;driving,102.119,0.427,0.564,0.474,0.558,0.00189,0.0324,0.797,-10.231,244586,39
1eIcCN68xTseUOP07OK8CC,Não Nos Falta Nada,Maneva,R&B,r-n-b,Happy,commute;party;cooking;driving,130.999,0.808,0.61,0.672,0.15,0.00011,0.0497,0.0848,-6.27,186317,41
6ElANRiS4S25oIn361o8Ye,Trend,Sidhu Moose Wala,Hip-Hop,hip-hop,Motivated,workout;commute;driving,179.953,0.626,0.725,0.556,0.0755,0.0,0.207,0.245,-5.482,221818,59
3HSCzd2Bnzf2six6YoSxdp,Death To All Culture Snitches,Two Lone Swordsmen,EDM,idm,Sad,studying;commute,135.035,0.789,0.492,0.286,0.000242,0.912,0.165,0.08,-12.485,301120,10
4ZtfvKbW28CzpDc0Vupm21,Frente a Frente / Como Vai Você (Ao Vivo),Murilo Huff,Latin,sertanejo,Dark,commute;driving,151.157,0.362,0.631,0.246,0.315,0.0,0.0436,0.377,-5.875,260989,53
5sJCZacFx35j9g7lAaYTmg,Subi De Cargo,DJ Jeeh FDC;MC Meno Dani;MC Ryan GF;Yuri Redicopa,R&B,funk,Happy;Energetic;Motivated,workout;party;driving,130.054,0.95,0.807,0.877,0.365,0.0,0.242,0.0577,-0.09,180922,4
6lvgexU2L41wHEcB6ma1me,路直路彎,李龍基,Pop,cantopop,Calm;Nostalgic,studying;sleep,121.963,0.698,0.297,0.591,0.756,5.45e-05,0.0354,0.132,-11.943,144813,23
3wvo6Fh3RBn5t60p3iK16Z,Destiny (ASOT 1090) - GXD Remix,Markus Schulz;Delacey;GXD,EDM,progressive-house,Energetic;Dark,workout,133.863,0.461,0.901,0.048,0.000228,0.00691,0.0474,0.197,-7.969,279420,38
1IqF5PUDUnaykHLs0RWbDO,Time Moves Slow,BADBADNOTGOOD;Samuel T. Herring,Jazz,jazz,Sad;Calm;Chill;Nostalgic,commute,140.026,0.591,0.376,0.308,0.478,0.0282,0.0543,0.101,-10.832,273864,71
6PSGzXHJaQogb2G8m8gGZZ,Dhundhala,Yashraj;Dropped Out;Talwiinder,Hip-Hop,hip-hop,Chill,commute;cooking,99.932,0.648,0.45,0.472,0.134,7.31e-05,0.167,0.137,-9.57,182400,63
4aJNMwyjD2xCEE2aWNbm2g,Esta Soy Yo,Francisca Valenzuela,EDM,electronic,Happy;Energetic;Motivated,workout;party,135.082,0.768,0.893,0.79,0.508,2.24e-05,0.0334,0.0623,-4.443,198200,35
784ciPkyq56bIFuynqHfn8,Baby Fala pra Mim,Desejo De Menina,Latin,forro,Happy,commute;cooking;driving,158.1,0.542,0.662,0.66,0.518,0.000892,0.0341,0.127,-7.34,210442,40
241A55np6HAqymEjP5CAiK,RUNAWAY TRAIN,BOØWY,Rock,rockabilly,Happy;Energetic;Motivated,workout,74.937,0.621,0.958,0.797,0.00995,0.00161,0.0411,0.0833,-6.018,201400,28
4JXfNOePhdgMOI7KZ1L25U,Breath,Breaking Benjamin,Rock,grunge,Energetic;Dark,workout,182.851,0.347,0.868,0.313,0.00012,0.000273,0.0467,0.0845,-4.145,218466,67
0LCC2jKdlVLYW1A2kzRoRz,I Go To Sleep,Peggy Lee,Jazz,jazz,Calm;Nostalgic,studying;sleep,183.654,0.408,0.23,0.582,0.762,0.0,0.0393,0.0838,-10.518,122120,0
4m9NfjevXsDVaLtM1kj0Sx,crushcrushcrush,Paramore,Rock,emo,Energetic;Motivated,workout;driving,136.96,0.631,0.793,0.648,0.000218,5.65e-05,0.0468,0.0976,-4.086,189373,65
2RZGeZByRhJBZ71ltZfYHj,Tempat Aku Pulang,Fiersa Besari,Rock,punk,Sad;Calm;Chill,studying,119.988,0.547,0.309,0.197,0.626,0.0,0.0294,0.091,-8.03,271120,41
0zKVsJQbeWL59hisI4vXNo,Ángeles Con Una Sola Ala,Dragonfly,Rock,heavy-metal,Energetic;Dark,workout,110.002,0.552,0.974,0.174,0.00659,4.26e-06,0.0886,0.222,-3.352,385066,19
6G5F6BsIuT4zpzILracNSa,剛好遇見你,Li Yugang,Pop,mandopop,Romantic;Chill;Nostalgic,commute;cooking,155.991,0.582,0.489,0.488,0.563,0.0,0.033,0.143,-6.657,200019,54
2XQSgmtEY2titXhfY414dy,Roygbiv,Boards of Canada,Chill,ambient,Sad;Dark;Chill,studying;commute,84.033,0.631,0.521,0.118,0.0201,0.923,0.063,0.103,-10.312,151520,59
7mWFF4gPADjTQjC97CgFVt,Baila Baila Baila - Remix,Ozuna;Daddy Yankee;J Balvin;Farruko;Anuel AA,Latin,latino,Dark,commute;cooking;driving,100.016,0.785,0.572,0.49,0.0598,0.0,0.123,0.218,-7.504,235284,76
0u9CM3r6CDQXC9tfrdh4yX,With You,Collabro,Classical,opera,Sad;Calm,studying;sleep,88.165,0.22,0.236,0.0393,0.676,0.0,0.032,0.16,-10.515,278946,25
53yGTGRaZSyZcZCAJIlS2h,E Piu’ Ti Penso - Live From The Detroit Opera House,Il Volo,Classical,opera,Sad;Calm;Chill,studying;commute,77.738,0.105,0.372,0.0694,0.922,0.0296,0.0398,0.978,-8.029,294000,21
2RH5xmKhHg8WiOYmItdMnR,No Good,Sumo,Rock,punk-rock,Happy,commute;cooking;driving,133.759,0.738,0.507,0.589,0.00215,0.393,0.0466,0.125,-11.456,291240,36
1NJH7ZNP1hFc5gAYD8S0gf,Carmen Suite No. 1 (Arr. E. Guiraud): I. Prélude,Georges Bizet;Orquestra Simfònica de Barcelona i Nacional de Catalunya;Pablo González,Classical,opera,Sad;Calm,studying;sleep,121.544,0.173,0.117,0.0361,0.974,0.842,0.0451,0.0667,-25.018,88640,55
2KJRpc0L4COhZGmxw3FYB0,La Quiero A Morir,DLG,Latin,salsa,Happy;Energetic;Motivated,party,99.644,0.719,0.902,0.929,0.307,0.00241,0.0492,0.244,-2.525,301946,39
0s3z38FLi7i1RRLoKkt9Ez,Soul Man,Kenny Larkin,EDM,detroit-techno,Dark,studying;commute;driving,137.042,0.74,0.56,0.187,0.0955,0.951,0.065,0.108,-13.126,369573,5
4fF4M4RTXEHpTPMa7c42RX,Bloom,Tony Anderson;Bonnie Brooksbank,Chill,ambient,Sad;Calm;Chill,studying,126.64,0.472,0.308,0.0793,0.906,0.915,0.0353,0.0982,-16.387,225000,40
0jJLwPDpyuZRpd800yScN0,Blurred,Kiasmos,EDM,minimal-techno,Sad,studying;commute,122.009,0.853,0.406,0.0825,0.587,0.855,0.0483,0.09,-11.658,305546,50
4UsNNKzfrPBp3np4Eiznat,Uthi Uthi Gopala,Kumar Gandharva,Classical,classical,Calm;Nostalgic,studying;sleep,93.754,0.576,0.274,0.46,0.953,0.000167,0.0297,0.267,-14.045,388506,33
5SLULqJ4JTj6Es9Kt13igG,The End Of August,Yanni,Chill,new-age,Sad;Calm;Chill,studying;commute,92.949,0.146,0.381,0.0753,0.98,0.905,0.0307,0.883,-9.806,307333,38
252YuUdUaC5OojaBU0H1CP,Come A Little Bit Closer,Jay & The Americans,R&B,r-n-b,Happy,commute;cooking;driving,132.509,0.636,0.684,0.881,0.52,0.0015,0.057,0.534,-9.302,166666,65
5UmTHr1yXAMB9UJ7ZpjPUj,Endlessly,Omar Apollo,R&B,soul,Happy,commute;cooking;driving,192.123,0.59,0.687,0.843,0.658,0.00016,0.101,0.117,-7.725,154119,0
4fPT1t2uhxDepW6OFMqvpD,Segue O Plano - Ao Vivo,George Henrique & Rodrigo,Latin,sertanejo,Happy,commute;party;cooking;driving,149.981,0.741,0.682,0.691,0.471,0.0,0.0587,0.381,-6.028,153756,46
2I4hVGTtVC6zl8d4vbrmbd,Ya Aprendí A Vivir Sin Ti,El Bebeto,R&B,r-n-b,Calm,commute,127.95,0.776,0.394,0.561,0.225,6.84e-05,0.032,0.325,-8.178,283533,43
5rLOSausoxxuOYHzW0GFij,Sabor De Adiós - Remasterizado,Héctor Varela,Latin,tango,Romantic;Chill,studying;commute;cooking,62.075,0.539,0.401,0.683,0.927,3.81e-05,0.0487,0.451,-10.062,171266,16
4DkVMKiU48LNaLTiT0KPCc,Frozen,Sajanka;Barsha,EDM,trance,Energetic;Dark,workout;studying;driving,144.968,0.544,0.824,0.0671,0.00661,0.701,0.0444,0.118,-6.159,462004,26
6l58hXPMNIl2pYQP8o6Tkp,Charlie Brown and His All-Stars,George Winston,Chill,new-age,Sad;Dark;Chill,studying;commute;driving,151.026,0.349,0.538,0.242,0.989,0.911,0.0385,0.127,-13.164,114510,21
0HTb4JfMtMkMYUtyd19In3,Baari,Bilal Saeed;Momina Mustehsan,Hip-Hop,hip-hop,Romantic;Chill;Nostalgic,commute;cooking,80.088,0.658,0.539,0.461,0.857,1.45e-06,0.0433,0.0999,-7.043,235297,66
3TKpJrY9q49Mj1JOsM9zGL,Family,The Chainsmokers;Kygo,EDM,edm,Dark,commute;driving,117.817,0.584,0.607,0.374,0.426,0.0,0.0356,0.101,-6.605,194826,61
0Lz32TO8dvwvgYoJ83GCOl,Cold Blooded Love,Goblins from Mars;Krista Marina,EDM,edm,Happy;Energetic;Motivated,workout;driving,134.978,0.623,0.85,0.707,0.00832,0.0237,0.0334,0.289,-5.413,181261,52
4NpX4g7sdnZtgteu1m2m3S,Forces of Attraction,Jóhann Jóhannsson,Chill,ambient,Calm;Nostalgic,studying;sleep,103.997,0.511,0.126,0.403,0.895,0.869,0.0374,0.102,-20.852,123157,60
0N6P6qIWTz5ZQpWMf5Uh2s,Velocity Shift,Overseer,EDM,breakbeat,Happy;Energetic;Motivated,workout;studying,124.988,0.598,0.928,0.962,0.00507,0.664,0.065,0.807,-7.68,128586,45
6akyKhhpe57p8Y36p4yBSl,Hidden Pathways,Llewellyn,Chill,new-age,Sad;Calm,studying;sleep,77.452,0.179,0.122,0.0379,0.935,0.943,0.0364,0.0683,-21.868,311480,27
7wW9scVNLYFLsmBb1yAUmS,Blue Eyes,Yo Yo Honey Singh,Hip-Hop,hip-hop,Happy,commute;cooking;driving,188.067,0.77,0.51,0.533,0.137,0.000106,0.192,0.0346,-5.469,220943,68
5bcFTH2LS9V9AXSDi8q3i2,Dive,Fred V;Tudor,EDM,drum-and-bass,Energetic;Dark,workout;studying,174.019,0.423,0.921,0.0376,0.00364,0.588,0.0402,0.101,-3.784,230390,45
0WXGgshSKm0twoEkqfFMVA,Extrovertida,MC Luan da BS;Mc Anjim,R&B,funk,Happy,commute;party;cooking;driving,130.057,0.708,0.619,0.543,0.143,0.0,0.0605,0.184,-2.853,151440,42
4ePEjnKNSifPi60lYnJvoK,"Aisi Deewangi (From ""Deewana"")",Alka Yagnik;Vinod Rathod,Pop,k-pop,Energetic;Motivated,workout;driving,115.051,0.444,0.755,0.619,0.512,7.71e-05,0.0528,0.0554,-9.801,415476,54
3L3G4XFQqtFe9a3azMacZ5,Good Looking,Suki Waterhouse,Pop,indie-pop,Dark;Chill,commute;driving,149.971,0.377,0.558,0.267,0.0789,0.000342,0.0299,0.125,-9.076,214800,80
6u47rn04MimenmYcfb7XXg,Caballo Negro,Claudio Marciello,Rock,heavy-metal,Energetic;Motivated,workout;studying,193.024,0.281,0.888,0.608,0.000333,0.878,0.0489,0.0908,-3.025,150253,19
2SabxRgV7VMc1LRHgw0HIo,nuts (feat. rainy bear),Lil Peep;rainy bear,Rock,emo,Dark,workout;commute;driving,124.091,0.576,0.741,0.143,0.00831,0.0,0.0356,0.111,-7.404,85360,80
6ulAoECWXiTQK2yNR172Nm,Bandoneón Arrabalero,Carlos Gardel,Latin,tango,Romantic;Chill;Nostalgic,commute;cooking,122.732,0.655,0.477,0.569,0.987,3.73e-05,0.0588,0.117,-5.411,130759,18
3mEVIUMXrkT9Gj4fFp7kz7,"Sonate, Op. 5: II. Allegro",Arcangelo Corelli;Cet étrange éclat,Classical,classical,Sad;Calm,studying;sleep,80.266,0.23,0.103,0.239,0.741,0.712,0.0326,0.125,-20.868,154320,1
1WuUHpXs5m5DN6ZflYpIBN,A Little Respect,Erasure,Pop,synth-pop,Happy;Energetic;Motivated,workout;driving,114.085,0.58,0.812,0.655,0.0529,9.36e-06,0.0256,0.316,-7.401,211666,22
5iq20nxupxq1fpUkX6IU6o,Você É Especial,Daniel & Samuel,R&B,gospel,Romantic;Chill;Nostalgic,commute;cooking;driving,134.762,0.515,0.574,0.409,0.797,0.0,0.0293,0.113,-3.902,327373,40
2fUW6sGWGtpgY1QdulYoiE,O Cheiro das Águas - Ao Vivo,Diante do Trono;Ana Paula Valadão,R&B,gospel,Sad;Calm,studying;sleep,125.401,0.355,0.244,0.109,0.656,0.0,0.0304,0.085,-12.207,375733,42
0NRvUoUnHaMXgyBB65bh7O,Minha Renda,Plebe Rude,Rock,punk-rock,Energetic;Motivated,workout,195.332,0.404,0.899,0.633,0.0169,1.16e-06,0.101,0.31,-8.13,158266,35
6US6F7x04TMs0XF1lYJsWF,Un Amore Cosi' Grande - Live From The Detroit Opera House,Il Volo,Classical,opera,Dark,commute,74.219,0.184,0.601,0.0796,0.75,1.37e-06,0.0494,0.972,-4.744,199933,24
1ZJ8pODFM2y5DeSthUTBrC,I Still Believe,Bethel Music;Brian Johnson,Chill,ambient,Sad;Calm,studying;sleep,148.402,0.414,0.25,0.25,0.776,0.0,0.029,0.0886,-11.802,305768,54
2jJrUywGnlCBziixCMf5JL,Recompensa,Cassiane,R&B,gospel,Dark,workout;commute;driving,135.957,0.618,0.703,0.486,0.706,0.0,0.0535,0.164,-2.33,232571,37
4qoIqWSly3rnZdCTgtcCMz,Pta Mainu,Harvi,Pop,pop,Energetic;Motivated,driving,90.047,0.678,0.825,0.631,0.0527,0.0,0.196,0.0963,-4.417,164666,69
5HEBldorS36WzDnEni90iw,Hark! The Herald Angels Sing - Remastered 1999,Nat King Cole,Jazz,jazz,Sad;Calm;Chill;Nostalgic,studying,105.515,0.418,0.307,0.332,0.721,0.0,0.0275,0.133,-10.296,109453,0
3JsRfuGn1X2A4DdbxCvhaj,Alien,Gil Scott-Heron,Jazz,jazz,Motivated,commute;driving,107.96,0.459,0.727,0.596,0.766,0.0,0.593,0.959,-11.668,572426,0
616iXZO76Rq81MEfFBktME,Best Friend,Young Thug,Hip-Hop,hip-hop,Dark,commute;cooking;driving,127.028,0.959,0.598,0.408,0.0358,0.0,0.0713,0.358,-5.534,213000,4
33RVdda9M2k1sv2wGgbbUL,Anesthesia,Ran-D;Rejecta,EDM,hardstyle,Energetic;Dark,workout,154.974,0.499,0.954,0.199,0.000887,0.0,0.0897,0.121,-1.289,227954,55
7I4JOGn1A3GzTiaEMsp3Ur,Me & Me,King,Hip-Hop,hip-hop,Calm,commute;cooking,120.059,0.82,0.491,0.547,0.237,0.0,0.28,0.102,-8.562,276096,55
2sAiNmdrbbUhEWtjhQdj2l,Santoor,Shivkumar Sharma,Classical,classical,Calm;Nostalgic,studying;sleep,135.92,0.528,0.292,0.413,0.835,0.605,0.0311,0.178,-16.821,220240,30
45ai35oxYWwa4LAjEUvQNC,Desvelado,NG2,Latin,salsa,Happy;Energetic;Motivated,party;driving,99.887,0.717,0.841,0.86,0.461,0.0,0.0862,0.674,-6.27,260898,27
4yBnMsa27AyqItNRCJZieA,Amor e Cerveja,Os Parazim,Latin,forro,Energetic;Motivated,workout;driving,135.76,0.655,0.844,0.605,0.363,0.0,0.0447,0.41,-3.818,174215,48
4izC2yID6txfr8xXN6xbZQ,They,Entombed,Rock,black-metal,Energetic;Dark,workout;studying,138.382,0.179,0.994,0.0398,0.000316,0.916,0.191,0.0885,-5.352,245720,20
7v373TJVKDsnubhoMJ7eA1,Make A Wish,Conjure One;Rhys Fulber,Chill,new-age,Dark,commute;driving,96.014,0.621,0.714,0.415,0.0521,0.109,0.0317,0.627,-8.364,272053,38
7GNRUsU3M4XNDDB9xle5Dz,That That (prod. & feat. SUGA of BTS),PSY;SUGA,Hip-Hop,hip-hop,Happy;Energetic;Motivated,workout;party,129.969,0.905,0.962,0.906,0.0299,0.0,0.0856,0.0272,-3.197,174646,81
0AfAGOBjn1HBvsHb4Gg11T,Superman,Fruto Sagrado,R&B,gospel,Energetic;Dark,workout;driving,126.686,0.621,0.768,0.285,0.000793,5.75e-06,0.0391,0.215,-6.72,278082,37
1bEppoRAORPzwVS6y3F4Ef,No Lo Pienses Mas,Ñejo,Latin,latino,Happy;Energetic;Motivated,party;driving,93.019,0.838,0.83,0.846,0.0142,0.0617,0.0645,0.184,-6.123,182293,46
33SwWScAR3p0ziK5m0jQBT,"L'amore è una cosa meravigliosa - From ""Love Is A Many-Splendored Thing""",Andrea Bocelli,Classical,opera,Sad;Calm;Chill,studying,83.191,0.205,0.338,0.148,0.863,2.02e-05,0.0319,0.11,-10.787,203662,21
5Hi3Xlpda9VnUUIgfVZAPp,一個人生活 - 幸福蛻變版,林凡,Pop,mandopop,Sad;Chill,studying;commute,99.963,0.643,0.44,0.226,0.838,1.93e-06,0.0277,0.109,-8.18,285137,54
1QJXAmnCg9LpjzP9nQsCDq,Boate Azul,Chicão dos Teclados,Latin,forro,Happy,commute;cooking;driving,126.979,0.92,0.51,0.863,0.435,0.0,0.0671,0.504,-7.594,96888,42
3vIw7vxgUTPtppVwMfhcwo,All The Same,Sick Puppies,Rock,grunge,Energetic;Dark,workout;driving,177.592,0.311,0.76,0.189,0.000962,0.0,0.0364,0.104,-6.301,258586,57
1k5HnfVKalxb8lt0RJ5xka,Disculpe Usted,"Sergio Vega ""El Shaka""",R&B,r-n-b,Happy;Chill,commute;cooking;driving,156.836,0.663,0.507,0.965,0.595,0.0,0.0718,0.0814,-4.684,180440,45
0Gk4bu5hkPxgm0q6iqCXC6,ナイトタイマー,SIX LOUNGE,Rock,j-rock,Happy;Energetic;Motivated,workout,178.324,0.347,0.948,0.73,0.000137,0.0,0.0585,0.342,-0.856,143786,32
1modDYKBVY7mi6wo3vd6P4,Aunque Ya Tengas Marido,Joan Sebastian,R&B,r-n-b,Calm,studying,103.228,0.731,0.328,0.929,0.816,0.0,0.069,0.085,-7.947,158241,50
1Mbv3EJOUo6twpjn1p5oWY,O Tannenbaum,Dave Brubeck,Jazz,jazz,Sad;Calm,studying;sleep,113.888,0.572,0.0134,0.0873,0.995,0.925,0.0632,0.104,-29.694,215400,0
7emCSFIo9zHk2KHK7OO9c9,Get up on It,Keith Sweat;Kut Klose,R&B,soul,Happy;Chill,commute;cooking;driving,124.8,0.663,0.554,0.658,0.0487,1.03e-05,0.0306,0.109,-8.657,306800,0
2Cdr8ZGc9vhBAZvsmftjZK,Charlie Hotel 155,Underground Resistance,EDM,detroit-techno,Sad;Dark,commute;driving,120.016,0.705,0.519,0.278,4.4e-05,0.0607,0.0519,0.0451,-11.384,439813,5
6rdOnFrLY1H5lQFH90w6g0,Anioł I Diabeł,Wszyscy Byliśmy Harcerzami,Rock,punk,Happy;Energetic;Motivated,workout,177.754,0.455,0.906,0.663,0.0444,0.0,0.0895,0.0605,-4.513,211320,36
06e6SO3exwSgVxIf04BoU3,Cate's Brother,Maisie Peters,Pop,indie-pop,Dark,commute;driving,97.985,0.735,0.648,0.395,0.0114,0.000213,0.0334,0.309,-4.523,180589,1
2nsZBM2TAgBUjWSE4ZqsA3,O Holy Night,Il Divo,Classical,opera,Sad;Chill,studying;commute,73.202,0.115,0.415,0.0999,0.978,0.00662,0.0375,0.139,-8.003,239133,21
4KPWs0tm7JgdIak35XZLoL,Pursuit Of Happiness - Extended Steve Aoki Remix,Kid Cudi;MGMT;Ratatat;Steve Aoki,Hip-Hop,hip-hop,Happy,commute;party;cooking;driving,128.013,0.721,0.687,0.619,0.00957,0.0041,0.0554,0.0462,-5.189,373626,3
0xttqqTj7ZAGyVkfOYxQ4F,Nee Paartha Vizhigal - The Touch of Love,Anirudh Ravichander;Vijay Yesudas;Shweta Mohan,Hip-Hop,hip-hop,Chill,commute;cooking;driving,110.055,0.665,0.596,0.644,0.293,3.67e-05,0.0278,0.247,-6.969,264506,70
7dtxV1gbo3kWHiBhFywD7v,"14 “Interval” Canons K. 508a/3-8 & K. Deest: Canons Nos. 11-14, K.508a/7-8 & K. Deest",Wolfgang Amadeus Mozart;Karl-Heinz Steffens;Werner Mittelbach;Reinhold Helbich,Classical,classical,Sad;Calm,studying;sleep,86.81,0.33,0.0423,0.284,0.99,0.868,0.0496,0.108,-23.181,90786,7
02GGlQrUckPW2fJmYVpU8l,Filho do Mato (Versão Grave),Os Barões Da Pisadinha,Latin,forro,Motivated,workout;commute;party;driving,171.947,0.716,0.723,0.634,0.0156,2.17e-06,0.0475,0.119,-8.079,166051,40
3dE99KYI09Vu4EkTTyi6sQ,Status,Márcia Fellipe;Os Barões Da Pisadinha,Latin,forro,Happy;Energetic;Motivated,workout;party,155.038,0.817,0.871,0.967,0.581,0.0,0.0798,0.275,-2.072,151817,45
5rpHwF87dqpsMchcuknrnW,Daylight,Phlocalyst,Jazz,jazz,Calm;Nostalgic,studying,91.079,0.78,0.334,0.383,0.77,0.83,0.369,0.115,-12.921,172747,58
0aaOhhFwgRXDF3fhdNqmlJ,Sharing the Silence,Thad Fiscella,Chill,new-age,Sad;Calm,studying;sleep,56.864,0.493,0.0713,0.292,0.994,0.94,0.0689,0.087,-19.019,258574,20
1hH0t381PIXmUVWyG1Vj3p,"""A"" You're Adorable",Brian Hyland,Rock,rockabilly,Calm;Chill,commute,110.72,0.615,0.375,0.922,0.482,0.0,0.0319,0.111,-10.362,151680,39
6yvxu91deFKt3X1QoV6qMv,"Arabic Kuthu - Halamithi Habibo (From ""Beast"")",Anirudh Ravichander;Jonita Gandhi,Hip-Hop,hip-hop,Energetic;Motivated,workout;driving,124.078,0.608,0.757,0.625,0.259,0.00216,0.164,0.259,-6.945,279677,76
26mEAWqLxqfhuD26gMtYIa,"La bohème, SC 67 / Act 3: ""Mimì è tanto malata!""",Giacomo Puccini;Luciano Pavarotti;Mirella Freni;Rolando Panerai;Berliner Philharmoniker;Herbert von Karajan,Classical,opera,Sad;Calm;Chill,studying,171.161,0.193,0.318,0.156,0.975,0.463,0.0472,0.323,-14.473,201133,25
1E1C18N0Aq75znwIrZkoTK,Pagar Pra Ver?!,CPM 22,Rock,emo,Energetic;Motivated,workout,187.887,0.36,0.992,0.598,0.000167,0.0,0.0695,0.206,-3.816,185026,36
4kwYTdY8CUWGQVI45Ir6n4,Season's Don't Last Anymore,Kyson,EDM,idm,Sad;Calm;Chill,studying,82.958,0.474,0.319,0.203,0.674,0.222,0.0394,0.117,-13.385,179597,0
4t22MCG1GHjKlXRCIlJlDd,Paris Ka Trip,Yo Yo Honey Singh;Millind Gaba;Asli GOLD,Hip-Hop,hip-hop,Happy;Motivated,commute;party,74.981,0.814,0.723,0.768,0.178,0.0,0.235,0.0445,-5.638,196430,63
1uCpdV7uYJnueS4JMxNc3t,Minha História (Ao Vivo),Gisele Nascimento,R&B,gospel,Romantic;Chill;Nostalgic,commute;cooking;driving,126.105,0.452,0.578,0.614,0.477,0.0,0.0361,0.172,-6.053,283794,38
4LpifxXiV6dI0aBbWoUkPU,Rudolph The Red-Nosed Reindeer,Dean Martin,Jazz,jazz,Calm,studying;sleep,136.47,0.478,0.201,0.857,0.919,0.0,0.0332,0.0854,-16.79,135760,0
74ErPSzxOFm2aVJFvLPovB,Tranquilizer,Oliver Huntemann,EDM,minimal-techno,Sad;Dark;Chill,studying;commute;driving,127.006,0.622,0.545,0.211,0.0122,0.933,0.0447,0.119,-9.828,438866,38
7503mEfiZf6vgONFMYX5Jr,"Arjunar Villu (From ""Gilli"")",Sukhwinder Singh;Manikka Vinayagam,Hip-Hop,hip-hop,Energetic;Motivated,party,99.958,0.766,0.909,0.51,0.196,0.0,0.0693,0.106,-6.181,266309,57
0zCce3GH8A2yEDnUa6mrQO,Farás Outra Vez (Do It Again),Marcos Freire;Kemilly Santos,R&B,gospel,Dark,commute,89.898,0.346,0.684,0.364,0.326,0.0,0.0419,0.177,-5.272,246991,40
3cyMRgrknYAYwDRNDvyfpq,Warm the New Dawn Sun,Deuter,Chill,new-age,Sad;Calm,studying;sleep,77.003,0.142,0.0966,0.0386,0.976,0.649,0.0419,0.175,-21.595,426057,22
2z718tUE8RwkPlJ3Oc2RcW,Love & War,Kodak Black,Hip-Hop,hip-hop,Romantic,commute;party;cooking;driving,145.09,0.762,0.649,0.501,0.58,1.7e-05,0.0527,0.0971,-5.624,239146,0
5zabPpqGDtdKQkwwaV0pxS,Blow Off Steam,BALLISTIK BOYZ from EXILE TRIBE,EDM,j-dance,Energetic;Motivated,workout,168.017,0.639,0.905,0.602,0.0798,0.0,0.105,0.378,-4.56,189500,27
2uuGnWjM2H9SEE6GsJNZIr,La Javanaise,Madeleine Peyroux,R&B,soul,Sad;Calm,studying;sleep,107.961,0.555,0.128,0.151,0.951,0.0692,0.0323,0.133,-16.681,252226,0
4OyBcl3DuZIheyCn6EJH5C,El Principe De La Ciudad,Jerry Rivera,Latin,salsa,Calm,commute;cooking,95.101,0.793,0.485,0.92,0.659,0.0018,0.0415,0.317,-13.639,283840,30
2dKNAj7S8pkI1bBmSGWEet,Light Cascading,Keeno;Becca Jane Grey,EDM,drum-and-bass,Energetic;Dark,workout;driving,174.002,0.513,0.808,0.239,0.064,0.169,0.0427,0.0931,-6.276,273617,18
3Vb8KkT6Ub5fFGPYJCJyLh,Rolex Theme - Background Score,Anirudh Ravichander,Hip-Hop,hip-hop,Energetic,studying,101.992,0.61,0.925,0.442,0.00804,0.767,0.114,0.131,-4.01,53247,72
72wdyMXmB7cw11nURyEPKH,Alt Jeg Trenger,Oslo Ess,Rock,punk-rock,Energetic;Motivated,workout,140.117,0.489,0.853,0.511,0.0271,0.0,0.0384,0.199,-4.925,258586,40
4cZTvx9cDgK1oISjcBsjUi,You Used to Love Me,Faith Evans,R&B,soul,Calm,commute;cooking,89.266,0.702,0.458,0.679,0.247,1.64e-06,0.0348,0.126,-8.195,269173,0
42s7EeGDVPMVg1HhwpE71a,Stranger,Dimash Qudaibergen;Igor Krutoy,Classical,opera,Dark,workout;commute;driving,127.932,0.304,0.733,0.204,0.256,0.00133,0.0684,0.0925,-5.794,321364,49
4kWO6O1BUXcZmaxitpVUwp,Jackie Chan,Tiësto;Dzeko;Preme;Post Malone,EDM,edm,Happy;Energetic;Motivated,workout;party;driving,128.005,0.747,0.834,0.687,0.374,0.0,0.045,0.0586,-2.867,215759,72
3YMYaxjiUDeUP0jBlPpEZM,Morning Has Broken,Jim Brickman,Chill,new-age,Sad;Calm,studying;sleep,147.335,0.341,0.091,0.242,0.977,0.906,0.0451,0.132,-22.209,192226,22
5RBkxxZAYHU7R9GuzEZk1g,ANGEL PASSED CHILDREN,BOØWY,Pop,j-pop,Happy;Energetic;Motivated,workout;driving,199.824,0.529,0.85,0.965,0.0116,0.0,0.0426,0.681,-4.658,142000,36
1O9UUjQezyMMwe8RyHyavL,"Songs for American Schools, JS 199: No. 1, Autumn Song",Jean Sibelius;Hannu Norjanen;Friends of Sibelius;Tapiola Chamber Choir,Classical,classical,Sad;Calm,studying;sleep,88.69,0.347,0.0312,0.0877,0.992,0.00101,0.0532,0.0767,-30.669,49560,0
3AMpVE2ftQQW83H9eOMnio,As Mina é Pra Frente,Mc Davi;MC Leozinho ZS;DJ BOY,R&B,funk,Romantic;Chill,commute;cooking,113.57,0.678,0.46,0.665,0.429,0.0,0.349,0.0891,-7.186,237176,42
2otEJWkJVqEBV4sRRfkGMz,Epilogue,Dario Marianelli,Chill,ambient,Sad;Calm,studying;sleep,99.994,0.19,0.0739,0.0786,0.975,0.11,0.0333,0.0725,-21.4,311666,46
15BI6N9wQ0wnALSpxPxap5,Los Tres De Zacatecas,Banda Autentica de Jerez,R&B,r-n-b,Happy,commute;party;cooking;driving,119.938,0.764,0.618,0.99,0.489,0.0,0.0508,0.0575,-6.733,107640,41
4DE7NGHLysvyl6fu6pCfbr,Fighter,Dr Meaker;Lorna King,EDM,drum-and-bass,Energetic;Dark,workout,175.986,0.538,0.945,0.189,0.000214,0.0522,0.285,0.254,-3.593,296551,17
2uKwH2Wc0vtVXrRieOMxlu,Reckless Love,Bethel Music;Cory Asbury,Chill,ambient,Sad;Calm,studying;sleep,93.987,0.208,0.162,0.113,0.903,6.66e-05,0.0355,0.106,-10.884,341173,50
6i5QcWVTuzM67pXgD9Q7Vw,"Kanne Kanne (From ""Ayogya"")",Anirudh Ravichander;Sam C.S.,Hip-Hop,hip-hop,Chill;Nostalgic,commute,87.104,0.684,0.489,0.375,0.639,0.0,0.0595,0.105,-8.625,225558,57
7KHFz3HDGAQfUo9bMhJYMn,Volando Entre Tus Brazos,Marc Anthony,Latin,salsa,Sad;Chill,studying;commute,99.88,0.564,0.431,0.163,0.622,0.0,0.027,0.116,-7.685,265093,35
6qtamS74Gf0mZBc3BFla0w,裸,My Hair is Bad,Rock,j-rock,Dark,commute;driving,97.963,0.521,0.727,0.307,0.00139,0.0,0.0287,0.209,-6.218,254413,34
658QQ0mD9o8EtrlWB5X2wk,Delay Distortion,Wildstylez,EDM,hardstyle,Energetic;Dark,workout;studying;driving,149.988,0.537,0.835,0.0487,0.221,0.875,0.0501,0.154,-7.053,339200,20
76Bt5vjnbxyr0JmxZKToTW,Sucio y Desprolijo - En Vivo Cosquín Rock,Pappo;Charly García,Rock,heavy-metal,Energetic;Dark,workout,135.649,0.255,0.941,0.399,0.000317,0.0462,0.0539,0.96,-5.749,333394,27
3jipEVTjQQOGPvsJ2d8cTx,Leva-me Além,Toque no Altar,R&B,gospel,Sad;Chill,commute,129.797,0.314,0.44,0.0395,0.49,3.41e-06,0.0283,0.683,-9.242,508173,41
5qgAU5MSbGMjgauOPQVwAQ,El Corrido de La Muñeca Diamante de Rubí,Fernando Corona,EDM,idm,Happy;Energetic;Motivated,workout;party;driving,116.045,0.804,0.754,0.981,0.635,0.0,0.0966,0.0461,-4.049,152765,18
6wLuAJgxUVcsmyEyF477FF,心痛不再有,方季惟;Pan Mei Chen,Pop,mandopop,Sad;Calm,sleep,142.306,0.517,0.24,0.264,0.0957,1.14e-05,0.0326,0.0656,-17.016,248333,22
3eekarcy7kvN4yt5ZFzltW,HIGHEST IN THE ROOM,Travis Scott,Hip-Hop,hip-hop,Sad;Chill,commute,76.469,0.598,0.427,0.0605,0.0546,5.83e-06,0.0317,0.21,-8.764,175720,82
72HxkQFPmxlvJ8YZUKyKIj,Caislean Óir - Remastered,Clannad,Chill,new-age,Sad;Calm,studying;sleep,111.912,0.244,0.166,0.223,0.84,8.62e-05,0.037,0.14,-15.085,126946,24
7MEnFyCUGLiqdm9CBuo3x8,En Defensa Propia,Gilberto Santa Rosa,Latin,salsa,Happy,commute;party;cooking;driving,161.974,0.763,0.694,0.792,0.525,0.000296,0.0364,0.0667,-4.033,292253,35
32IGREEfY97uQ19npMKIlO,Assault (Quarentena),Mainstreet;Azevedo;PL Quest;Orochi;Shenlong;Kizzy,R&B,funk,Sad;Chill,commute,114.905,0.629,0.44,0.102,0.00944,0.0,0.0624,0.106,-5.801,254608,43
0gAe8IIqQN5pCxVb8kK9PW,Oh My Word,a-ha,Pop,synth-pop,Sad;Calm;Chill,studying,112.904,0.448,0.345,0.192,0.648,0.0206,0.0284,0.095,-9.797,237546,10
4uaRUpAdVcjF5ME0QoZfuG,"12 Variations in C Major on ""Ah, vous dirai-je Maman"", K. 265: 8. Variation VII",Wolfgang Amadeus Mozart;Danielle Laval,Classical,classical,Calm,studying;sleep,74.077,0.367,0.175,0.816,0.974,0.853,0.0428,0.232,-19.716,43586,25
7rkp1ysBSmKiVLb4T6fMsR,Perfeito Demais - Ao Vivo,Taty Girl,Latin,forro,Happy;Energetic;Motivated,workout,91.358,0.592,0.938,0.783,0.165,1.22e-06,0.116,0.238,-3.578,194429,40
5Wr9eVJ9Ccpx6uYTLETkbk,"Symphony No. 6 in F Major, Op. 68 ""Pastoral"": III. Lustiges Zusammensein der Landleute. Allegro",Ludwig van Beethoven;Wiener Philharmoniker;Andris Nelsons,Classical,classical,Sad;Calm;Nostalgic,studying;sleep,158.524,0.283,0.139,0.334,0.931,0.841,0.0476,0.54,-18.546,308240,0
1uhGW4jUw12CdZCnXBKanD,Rain,Bicep,Chill,ambient,Energetic;Dark,workout;studying,123.023,0.505,0.904,0.237,0.0494,0.854,0.0781,0.072,-4.849,351252,45
3ddp87sShpWPenS7M4t9uj,Contacto Com o Mundo Racional,Tim Maia,Latin,mpb,Calm;Chill,commute,111.179,0.676,0.352,0.509,0.208,0.0,0.0367,0.128,-10.402,181866,40
2VO6kLtHu89dRm4L7KZsuX,Barrio De Tango (with Roberto Goyeneche),Aníbal Troilo Y Su Orquesta Típica;Roberto Goyeneche,Latin,tango,Calm;Romantic;Chill,studying;commute,112.903,0.474,0.373,0.669,0.79,0.0,0.0373,0.098,-9.678,181453,17
1l75b5q10NeaBkyMy18R5N,As Dores do Mundo - Acústico,Jota Quest,Latin,mpb,Motivated,commute;driving,105.163,0.609,0.73,0.509,0.384,0.000489,0.0581,0.694,-9.474,305701,42
36jYuqoGDDlfZBst0p4JGy,Mehfooz,Ritviz,EDM,edm,Dark,commute;driving,91.992,0.453,0.643,0.318,0.0855,0.000621,0.0913,0.0891,-9.842,142201,56
66gi2iE76DBW1Gr7npjZnL,"Polifemo, HelN 31: Alto Giove - Arr. for Voice & Piano",Nicola Porpora;Théophile Alexandre;Guillaume Vincent,Classical,opera,Sad;Calm,studying;sleep,71.023,0.261,0.103,0.0387,0.99,0.297,0.0474,0.0855,-20.002,269506,21
3PDNGdhCtiQemL14eKhCup,lights (4444),"nothing,nowhere.",Rock,emo,Dark,commute;cooking,89.982,0.718,0.69,0.428,0.0419,0.000419,0.0795,0.105,-7.299,160422,52
2vkM9ZTb1WBOnSuddnxndd,Garúa,Aníbal Troilo;Roberto Goyeneche,Latin,tango,Calm;Chill;Nostalgic,studying;commute,109.862,0.502,0.376,0.353,0.832,4.37e-05,0.0698,0.251,-7.401,212933,18
4rKgZ8OBMrn0wSmxVlqneH,Desapareceu um Povo,Shirley Carvalhaes,R&B,gospel,Chill;Nostalgic,commute,77.075,0.576,0.455,0.39,0.713,0.0,0.028,0.148,-4.819,234666,39
5KkCsYIgMK5H7Ih31Dnd2Q,Mirchi,DIVINE;MC Altaf;Stylo G;Phenom,Hip-Hop,hip-hop,Happy,commute;party;cooking;driving,129.784,0.871,0.608,0.818,0.142,0.0,0.4,0.0876,-5.486,192923,57
5cIArreof1TD6LLYhvA2Oq,The Finality of It All,Project AER;Colours in Context,Chill,ambient,Sad;Calm,studying;sleep,95.054,0.63,0.108,0.12,0.811,0.686,0.0319,0.085,-19.841,129998,44
4GYbzAzZszHhP0tmB7Kwil,Story Mentiroso,Gabi Martins;Mari Fernandez,Latin,sertanejo,Happy;Energetic;Motivated,workout;party,145.972,0.709,0.873,0.837,0.501,0.0,0.032,0.15,-2.423,186678,50
6ZmtxXUXRVjxOhugKkmerC,Dil Mere,The Local Train,Hip-Hop,hip-hop,Romantic;Chill;Nostalgic,commute;cooking,92.962,0.655,0.473,0.572,0.842,0.0323,0.0267,0.167,-9.806,211290,63
4zJU8zYYRJlZVAkThlkt7F,Estrela / Eu Já Te Amava - Ao Vivo,Ícaro e Gilmar,Latin,sertanejo,Romantic;Chill;Nostalgic,commute;cooking;driving,146.397,0.416,0.539,0.482,0.815,0.0,0.0291,0.171,-4.145,195712,47
1W7bwcFITuMrUThlgKTjKP,Beloved,Sylence,EDM,hardstyle,Energetic;Dark,workout;driving,150.049,0.47,0.761,0.191,0.0175,0.0,0.0529,0.575,-5.017,310400,20
6YaKD6M6fcLH5boPdcPK7G,This is God's House,Paul Cardall,Chill,new-age,Sad;Calm,studying;sleep,138.34,0.418,0.0511,0.137,0.992,0.96,0.0708,0.111,-19.234,181040,28
2BN3uLSTjV26cCBexRBHub,Answered by Silence,Dan Gibson's Solitudes,Chill,new-age,Sad;Calm;Chill,studying;commute,74.324,0.287,0.371,0.0327,0.982,0.0202,0.146,0.396,-22.781,79333,20
4TZk7ZppJV5o7qRBvgno9c,Ôa Ôa (Canção do Amor),Art Popular,Latin,samba,Motivated,workout;commute;driving,156.197,0.599,0.721,0.514,0.264,1.19e-06,0.0349,0.0807,-6.781,214674,38
7cVX0XbrMraZTkYdrUXpaP,Tema de não quero ver você triste,Erasmo Carlos;Marisa Monte,Pop,j-pop,Sad;Calm;Chill;Nostalgic,studying;commute,97.98,0.647,0.39,0.318,0.804,7.74e-06,0.0353,0.0808,-11.333,187960,38
1KN65AWTSIN6koeLdwYEbg,What We Hate,Screeching Weasel,Pop,power-pop,Energetic,workout,136.964,0.352,0.989,0.488,0.136,2.01e-06,0.084,0.531,-3.017,146266,27
2HgSK0w0mfcB9dEnFMYagd,"年少無知 - (劇集 ""天與地"" 片尾曲)",Bowie Lam;陳豪;黃德斌,Pop,cantopop,Dark,commute,77.02,0.485,0.623,0.263,0.0283,0.0,0.0269,0.0919,-5.793,296106,44
5QsnmWcvIsIAJcONcg0l8W,Corazón,Banda Cuisillos,R&B,r-n-b,Chill,commute;cooking;driving,136.182,0.584,0.542,0.5,0.228,0.000107,0.0262,0.0863,-8.008,231549,47
6Obm82gMaFUOkHiDIWUD4y,Outono,Melim;Djavan,Latin,mpb,Sad;Calm,studying;sleep,75.007,0.302,0.293,0.146,0.952,0.0,0.0317,0.114,-9.702,204007,38
2JUqYobT8NvARdPmc4ES2x,Good Guy,Frank Ocean,R&B,soul,Calm,studying;sleep,107.007,0.525,0.131,0.811,0.983,0.00433,0.458,0.12,-12.787,66786,64
5YIK45VEuWE4JjtxmRJsUI,Reste tranquille - Extrait Du Spectacle Musical Al Capone,Roberto Alagna;Bruno Pelletier,Classical,opera,Dark;Chill,commute;driving,119.94,0.455,0.568,0.172,0.506,2.12e-06,0.0362,0.0472,-7.005,200766,23
3JBe6ujV1BJrTyABJ0ftxg,Was It This Lifetime,Will Ackerman,Chill,new-age,Sad;Calm,studying;sleep,117.174,0.319,0.129,0.065,0.944,0.847,0.0413,0.218,-18.363,349600,20
0diSnstejl46AiNC2ISoeW,You Asked for It,Emmure,Rock,death-metal,Energetic;Dark,studying;driving,103.103,0.512,0.778,0.0368,0.00013,0.838,0.0485,0.0829,-7.925,92266,56
5AHr7VwlLcUnT6hYJvHHYZ,Diamond Dance,Ryuji Imaichi,EDM,j-dance,Chill,commute;cooking;driving,149.916,0.604,0.567,0.426,0.121,0.0,0.0473,0.0822,-5.504,237600,24
5r2XBHvvVrh1hWSkOl1uQC,You're Beautiful,Kenny G,Jazz,jazz,Sad;Dark;Chill,commute,81.686,0.53,0.539,0.298,0.282,0.018,0.0293,0.11,-7.728,252866,27
7lVYx6xEvCsifzewVxU8aY,Todo Por Estar Contigo,Rey Ruiz,Latin,salsa,Happy;Motivated,workout;commute;driving,170.309,0.569,0.714,0.827,0.689,1.04e-06,0.0373,0.101,-8.28,288040,30
34jjgw4TekQ5dg3g5W4mIC,Bringin' It Back - GLA Mix,Mark Farina,EDM,chicago-house,Happy,commute;cooking;driving,125.992,0.861,0.502,0.748,0.0161,0.176,0.0496,0.041,-9.792,373934,6
1Tz0RmkyaEu4bCNFGKJqlk,Elegy,Dan Gibson's Solitudes,Chill,new-age,Sad;Calm,studying;sleep,120.543,0.279,0.175,0.109,0.953,0.563,0.0375,0.902,-19.876,446657,21
0i19MAZbyn8uTir7FprXId,Oh! Sweet Nuthin' - 2015 Remaster,The Velvet Underground,Rock,psych-rock,Romantic;Chill,commute;cooking,75.601,0.399,0.467,0.525,0.303,0.0186,0.0284,0.124,-11.763,445186,60
3wNNbf63xkxw9rIVWtFy7a,Stand Up (From Harriet),Cynthia Erivo,R&B,soul,Sad;Calm;Chill,commute,80.02,0.616,0.32,0.177,0.268,0.0,0.0311,0.11,-10.194,303477,70
0wg0Ly8aadaS8FonmAu27A,Going Home,Celtic Woman,Classical,opera,Sad;Calm;Chill,commute,75.948,0.43,0.369,0.108,0.471,0.0,0.0279,0.172,-7.828,241986,21
1dVuRDQTEskwGzyhpDzzNk,Ne Farkeder?,Pickpocket,Rock,punk-rock,Energetic,workout,150.082,0.505,0.857,0.437,0.00115,2.05e-06,0.0382,0.0816,-5.329,305830,37
22wnEMAQaNrbot1dwmeucH,Revelations,Audioslave,Rock,grunge,Energetic;Dark,workout,113.045,0.534,0.882,0.368,0.00785,0.0,0.0482,0.107,-4.161,252106,56
1aL9518P5G72N92b48tuKw,Summer High,AP Dhillon,Hip-Hop,hip-hop,Happy,commute;cooking;driving,114.984,0.86,0.541,0.952,0.165,0.163,0.0325,0.0663,-6.51,177391,83
2GULMtAJYtWViznfW7cER7,Blue Blue Day,The Slapbacks,Rock,rockabilly,Happy;Energetic;Motivated,workout,119.581,0.591,0.908,0.92,0.243,4.63e-05,0.0804,0.0918,-3.977,196747,22
1WhWizm70M63k5UVIHX1Fe,Palavras No Corpo,Gal Costa,Latin,mpb,Sad;Chill;Nostalgic,studying;commute,179.728,0.564,0.416,0.344,0.554,0.00145,0.0423,0.11,-6.813,239560,44
4OCzAGgyWsUKpdWufYywZm,Cochise,Audioslave,Rock,grunge,Energetic,workout,80.473,0.452,0.873,0.433,0.000519,0.0,0.0613,0.0592,-4.867,222026,38
4VtPmDKs3yvWFrVUVAF89F,心如刀割,Jacky Cheung,Pop,cantopop,Sad;Calm;Chill,studying,83.085,0.399,0.33,0.163,0.722,4.26e-06,0.0285,0.134,-9.826,304493,49
5XuD9QXndz4OtgkyPZ78QM,Péssimo Negócio - Ao Vivo,Dilsinho;Sorriso Maroto,Latin,pagode,Happy;Energetic;Motivated,workout,74.979,0.587,0.794,0.679,0.272,0.0,0.0429,0.893,-5.89,209693,44
3VwaEG015M6ZajH8Pu0iXT,Deserto (Ao Vivo),Anderson Freire,R&B,gospel,Dark;Chill,commute;driving,149.979,0.452,0.567,0.273,0.319,0.0,0.0358,0.137,-7.623,286653,40
1CUY6IWzjtrKEvXYL6saou,Cancela esse amor,Vitor Fernandes;Unha Pintada,Latin,forro,Happy;Energetic;Motivated,workout;driving,156.072,0.638,0.805,0.962,0.463,2.58e-05,0.0377,0.0385,-3.412,188437,42
1eqGYJJr2z2GXK1i0hD3BC,Love Letters In The Sand - Single Version,Pat Boone,Rock,rock-n-roll,Calm;Nostalgic,studying;sleep,88.728,0.571,0.196,0.555,0.811,0.0,0.0278,0.142,-13.216,134560,55
61cTOgto61dWJk7kAJdv9u,"Minuet in A, K.61g/I",Wolfgang Amadeus Mozart;Academy of St. Martin in the Fields;Sir Neville Marriner,Classical,classical,Calm;Nostalgic,studying;sleep,111.648,0.381,0.0391,0.519,0.992,0.954,0.0451,0.253,-25.851,58306,20
1KeZgPUr54C8iz3FjqzVoz,Young,The Chainsmokers,EDM,edm,Chill,commute;cooking;driving,103.006,0.615,0.564,0.454,0.0105,0.0,0.0291,0.148,-6.384,224773,61
1sTsuZTdANkiFd7T34H3nb,Human,The Killers,Rock,alt-rock,Energetic;Motivated,workout;driving,135.47,0.557,0.8,0.582,0.00132,0.0012,0.0601,0.0906,-8.477,245373,75
4ISfM2xZuOc9YEtiCqty7Y,La Copa,Ozuna,Latin,latin,Happy;Energetic;Motivated,workout;party;driving,126.016,0.918,0.788,0.956,0.117,0.000198,0.036,0.0996,-4.581,154626,59
3O8zvTC2EAwq3YKl0qiHtZ,Prada,Vulgo FK;Nagalli;MATHINVOKER,R&B,funk,Sad;Calm;Chill,commute,125.649,0.521,0.388,0.341,0.212,0.0,0.14,0.344,-13.852,164953,44
2KkUDV8NN0sCWQoMVJSalG,Putali,The Elements,Pop,indie-pop,Energetic;Dark,workout;driving,151.99,0.469,0.838,0.336,0.302,5e-06,0.0473,0.088,-6.313,266841,42
60aZLJIMN4SuSp2Qj4Oyx2,Tão Na Sua - Ao Vivo,Douglas & Vinicius,Latin,forro,Energetic;Motivated,workout,125.772,0.682,0.852,0.571,0.249,0.0,0.0629,0.892,-4.585,168193,38
6dQr87kRxbz2ZLwQSyFemr,Paninaro - Italian Remix,Pet Shop Boys,Pop,synth-pop,Chill,commute;cooking;driving,119.888,0.577,0.555,0.472,0.0453,0.0583,0.0344,0.122,-15.696,516093,26
2e1tIq1uwyKO2oeLQOqaXs,One Side,DIVINE,Hip-Hop,hip-hop,Energetic;Motivated,driving,91.834,0.64,0.813,0.553,0.0418,0.0,0.262,0.801,-5.735,161839,56
2bZ53W1c9AdlFsovWn1TR6,"日月存亡 - 劇集 ""如懿傳"" 主題曲",Jinny Ng,Pop,cantopop,Romantic;Chill;Nostalgic,commute,115.886,0.672,0.45,0.4,0.588,0.0,0.0322,0.107,-6.361,176267,19
2tWjvpYWAjhzwHsuuvC9gM,My Names Mc Rick,MC Rick,R&B,funk,Sad;Nostalgic,studying;commute,132.026,0.929,0.449,0.304,0.544,0.0,0.126,0.0972,-4.736,149133,46
01XbMBVX5A3DIsGHuUsBSe,Terceiro Lugar - Ao Vivo,Matheus & Kauan,Latin,sertanejo,Energetic;Motivated,workout,149.803,0.481,0.86,0.591,0.217,0.0,0.0849,0.126,-4.678,168997,53
4W8mrhPqF1xm5OLFfpxcxG,Angel,MC Vinny;Mc Lele JP;Mc Kako;MC Lemos;Dj GM;Oldilla,R&B,funk,Happy;Motivated,workout;commute;driving,113.615,0.631,0.711,0.881,0.5,0.0,0.268,0.0689,-3.611,287999,44
2xhWefJZRsd4aHxhsSiUYg,Confidências,Jorge De Altinho,Latin,forro,Happy;Energetic;Motivated,workout;party;driving,126.073,0.704,0.821,0.967,0.0404,0.0,0.0332,0.157,-9.442,182068,48
3CGueOc6mRUes0CS6b2ral,Almost Full Moon,Enigma,Chill,new-age,Chill,studying;commute;cooking,62.983,0.398,0.502,0.598,0.0719,0.755,0.0469,0.145,-15.055,206226,41
6EmQbBIoWCG8Cu4BLOAFPJ,Recién,Pedro Laurenz;Alberto Podestá,Latin,tango,Calm,studying;sleep,121.675,0.557,0.278,0.659,0.978,0.875,0.0387,0.166,-8.012,161000,19
3zsLNrl18Um1i0TawERfOE,Don't Ask Me Questions,Graham Parker & The Rumour,Pop,power-pop,Chill,commute;cooking;driving,105.084,0.601,0.523,0.604,0.0642,0.000369,0.0281,0.275,-12.2,337146,24
3echn0fY7i42dlil9U35TR,Defeito Meu - Ao Vivo,Belo,Latin,pagode,Dark,workout;commute;driving,151.863,0.54,0.734,0.359,0.602,0.0,0.0548,0.728,-6.507,212280,44
3MkJ97Morkqto2ccyspJHQ,Senta Pros Bandido,Dj Guuga;Biu do Piseiro;MC Myres,R&B,funk,Happy;Energetic;Motivated,workout;party,178.108,0.712,0.9,0.773,0.037,0.0,0.144,0.111,-1.736,132134,44
3oV7AZATCUy6VP8rutfRb5,Baldosa Floja,La Chicana,Latin,tango,Calm;Chill,studying;commute,98.346,0.626,0.352,0.856,0.845,0.0,0.0557,0.108,-12.031,143706,19
1ydLO13HwJl1ncDNk4xvgU,Reflections,Tony O'Connor,Chill,new-age,Sad;Calm,studying;sleep,148.355,0.185,0.111,0.0781,0.941,0.668,0.0366,0.0471,-21.832,282000,23
56fiFTRrSiHHH3gBeaTg2P,Nero Forte,Slipknot,Rock,metal,Energetic,workout,129.842,0.336,0.978,0.496,0.000437,0.000525,0.0846,0.138,-2.358,315177,69
0t0mHozF8Xsif9w8bemh9D,"So Baby (From ""Doctor"")",Anirudh Ravichander;Ananthakrrishnan,Hip-Hop,hip-hop,Energetic;Motivated,workout;driving,133.131,0.607,0.843,0.582,0.103,4.42e-05,0.218,0.107,-8.15,252631,64
1hXAD9awLQTTihiMgz1mpM,Eterno Replay - Ao Vivo,Henrique & Juliano,Latin,sertanejo,Happy;Motivated,workout;commute;driving,161.889,0.658,0.719,0.805,0.467,0.0,0.153,0.777,-5.417,174066,56
6kiEh1xj80odDVe7Sq9QNY,"The Impossible Dream - From ""The Man of La Mancha""",José Carreras;Robert Farnon And His Orchestra,Classical,opera,Calm;Nostalgic,studying;sleep,94.522,0.28,0.294,0.502,0.918,0.0017,0.0322,0.0888,-14.753,228680,19
0C4KChnQFHNgtjbppUFooH,Dirty Little Secret,Zack Knight;Nora Fatehi,Hip-Hop,hip-hop,Dark,commute;cooking;driving,96.985,0.868,0.572,0.485,0.101,0.0,0.112,0.103,-6.217,183092,67
7arb2BWHl0sFWDKSTlW8SL,Fogueira - Jorge & Mateus Elétrico,Jorge & Mateus,Latin,sertanejo,Happy,commute;cooking;driving,135.999,0.551,0.687,0.577,0.278,0.0,0.0425,0.783,-7.821,181120,46
7sjzYqCpnomdelM5j0JDhK,The Lighthouse,George Skaroulis,Chill,new-age,Sad;Chill,studying;commute,112.527,0.232,0.408,0.152,0.968,0.503,0.0379,0.375,-13.243,154109,20
5Ll8OkCMHgWg9y1nXTgeK0,Dominamo Memo,Bruno & Barretto,Latin,sertanejo,Energetic;Motivated,workout,194.615,0.444,0.904,0.605,0.109,0.0,0.411,0.195,-5.01,153234,55
0Oho1Elt6nNyiHZyZR8OaG,A Time For Love,Jane Monheit,Jazz,jazz,Sad;Calm,studying;sleep,116.665,0.249,0.284,0.0738,0.941,5.62e-05,0.0368,0.239,-12.1,301320,36
3W2reBya7FkjHCP1B2nmQr,Peace and Love,Red Hot Chili Peppers,R&B,funk,Happy,commute;cooking,83.821,0.68,0.679,0.867,0.00495,0.00861,0.0423,0.0953,-6.076,243224,67
2Bdk07i7W4GmrwX1H5u0Vv,Locked in My Head,Radioactivity,Pop,power-pop,Energetic;Motivated,workout;studying,189.929,0.23,0.949,0.506,0.00183,0.911,0.0693,0.259,-3.786,149093,21
4iFECwt9g4TzMpX304uqWy,She Never Talked to Me That Way,The Drifters,R&B,r-n-b,Calm;Chill,studying;commute,146.387,0.386,0.384,0.791,0.679,0.0,0.0426,0.116,-12.716,153973,0
1a9fgoiGXoWmaFm60n1YeK,Laal Bindi,Akull,Hip-Hop,hip-hop,Dark,commute;driving,141.95,0.746,0.599,0.283,0.407,0.0,0.0463,0.162,-6.428,202963,62
0y44qXhgpfMcZcybWOWvrX,Push Ya Luck,Samantha J,EDM,j-dance,Motivated,workout;commute;party;driving,129.592,0.759,0.701,0.593,0.11,1.39e-05,0.256,0.11,-4.089,173821,34
77PruZJPEZJ3zCFXc9ngha,Bomba,Don Omar,Hip-Hop,hip-hop,Happy;Chill,commute;cooking;driving,123.425,0.661,0.576,0.924,0.026,0.0,0.485,0.0623,-6.025,173306,0
2a7zxjZ1I88Z6sYm0ThuSc,Black Effect,Jordan Sandhu;Mehar Vaani;Desi Crew,Hip-Hop,hip-hop,Happy;Motivated,workout;commute;driving,146.056,0.676,0.739,0.755,0.137,0.0,0.159,0.233,-5.319,175890,62
6GFtWQYco30oKpMr5xJwy2,"Soul of Doctor (Theme) [From ""Doctor""]",Anirudh Ravichander;Niranjana Ramanan,Hip-Hop,hip-hop,Energetic;Dark,studying;driving,97.261,0.473,0.837,0.212,0.0968,0.912,0.0336,0.297,-7.101,63711,59
5i9LPBnEwrIfikYwASnXjB,Debemur Morti,White Ward,Rock,black-metal,Energetic;Dark,workout,63.718,0.14,0.922,0.0398,0.000197,0.355,0.161,0.0883,-7.429,547384,17
444sEbMdXQ3coiejr7UC5M,Extra Extra,Katsbarnea,R&B,gospel,Energetic;Motivated,workout,169.544,0.445,0.866,0.645,0.491,8.13e-05,0.0595,0.987,-6.745,329666,38
0oTICiR6tPDmIPCmHS4qby,The Christmas Song (Merry Christmas To You),Nat King Cole,Jazz,jazz,Sad;Calm,studying;sleep,73.196,0.32,0.21,0.208,0.92,8.01e-05,0.0345,0.138,-15.231,192160,1
7CFqUZgSxW4LpTZf2zQcBy,Damascus,Conjure One;Rhys Fulber,Chill,new-age,Sad;Chill,commute,92.864,0.154,0.475,0.0396,0.532,0.0113,0.0335,0.116,-8.928,122880,55
2mYzwAhfjxNkUu6pJvZyCJ,Grande é o Senhor - Ao Vivo,Nívea Soares,R&B,gospel,Sad;Dark;Chill,commute;driving,148.034,0.348,0.511,0.16,0.0304,0.0,0.0363,0.919,-9.779,413311,38
2QGJ3JJDDvcMMfvhSVKGXA,Mu Ferile Tumara,Mantu Chhuria;Aseema Panda,Latin,samba,Happy;Energetic;Motivated,workout,66.01,0.37,0.912,0.677,0.53,0.00141,0.117,0.154,-5.222,308706,30
6LlsmHP3Y5jIDmUOYY0738,"Tzigane, M. 76 (Version for Violin & Orchestra) [Live]",Maurice Ravel;Luis Perez Canabal;Central Washington University Symphony Orchestra;Dr. Nikolas Caoile,Classical,classical,Sad;Calm,studying;sleep,90.284,0.325,0.15,0.174,0.961,0.607,0.172,0.657,-24.599,636346,0
1PFEO8wosfdmPQ4wUudF8z,Stef II,Indochine,Pop,synth-pop,Energetic,workout;driving,125.058,0.516,0.85,0.484,0.00353,0.00365,0.0301,0.201,-5.099,227333,23
6n2e59aQDqxrIaF2qqvhlY,Nature Boy,Nat King Cole,Jazz,jazz,Sad;Calm,studying;sleep,138.908,0.266,0.181,0.106,0.888,0.000499,0.0375,0.124,-15.143,174800,0
7LqLHYMZKWDcezKyDmcVrW,O FIM É BOM,Rodolfo Abrantes,R&B,gospel,Happy,commute;cooking;driving,119.974,0.625,0.635,0.893,0.566,0.000126,0.0267,0.158,-7.894,275768,40
4c3rTg1ZJptwL0oLIOmMge,Sermon of Deception,DeadSquad,Rock,death-metal,Energetic;Dark,workout,74.909,0.266,0.925,0.193,0.00456,4.19e-05,0.0808,0.476,-6.083,179920,26
2aIBBFkTSaQDu0gKPCY9El,"Symphony No. 7 in D, K.45: 4. (Allegro)",Wolfgang Amadeus Mozart;Royal Philharmonic Orchestra;Erich Leinsdorf,Classical,classical,Calm,studying;sleep,75.19,0.46,0.167,0.734,0.892,0.939,0.0345,0.359,-17.742,89200,7
2hxM0Ng8ysFqD6Ybut5gFF,Mendigos,Malon,Rock,heavy-metal,Energetic;Motivated,workout,107.523,0.356,0.945,0.575,2.76e-05,0.0113,0.0584,0.0795,-5.45,238809,22
24NUQeDAAwLGym59N2KIGM,High Speeds,Darci,R&B,soul,Dark,commute;driving,144.906,0.658,0.638,0.293,0.557,1.14e-06,0.0388,0.136,-6.061,174004,56
5KwLjZ0oJ5kNl7jGtdiIOC,"The Beast - From ""Sicario""",Jóhann Jóhannsson,Chill,ambient,Sad;Calm,studying;sleep,92.746,0.168,0.0383,0.0342,0.48,0.856,0.0382,0.107,-23.447,193466,45
1gPNdHsHpLKziD7ASH9RCd,Canción para Bañarse (La Pata Tiene Olor a Pata),Panam y Circo,Latin,latino,Energetic,party;driving,101.017,0.903,0.849,0.474,0.101,0.000435,0.103,0.163,-6.094,136320,37
099xiJTZLC7yPBKjvw43xX,願你今夜別離去,Leon Lai,Pop,cantopop,Motivated,workout;commute;driving,111.694,0.569,0.746,0.517,0.00102,2.9e-05,0.0292,0.0602,-7.402,294386,22
4BExko3OEVRa3RI50gpFgA,Huzur (Reprise),Rusha & Blizza,Hip-Hop,hip-hop,Sad;Chill,commute,106.938,0.641,0.475,0.0399,0.385,0.0646,0.0413,0.0771,-15.918,296092,59
6ByLwbxejUuShgRKjTHhxX,Vou Deixar,Skank,R&B,r-n-b,Happy;Energetic;Motivated,workout,135.829,0.469,0.852,0.671,0.101,2.7e-05,0.036,0.132,-6.001,271973,41
2SPb8awMSxa5NmSaBQKWGN,Muñeca brava,Alberto Castillo,Latin,tango,Calm,studying;sleep,127.952,0.645,0.285,0.727,0.93,1.5e-05,0.225,0.147,-12.609,175386,28
5NANgzJI7jatDJUaYxlVCn,記得我,黃仲崑,Pop,mandopop,Dark;Chill,commute;driving,126.089,0.643,0.58,0.207,0.0351,1.12e-05,0.03,0.338,-9.577,229600,22
6d2cqIpkKo4IIhOxGqqy3w,Alo Mo Ribana Fita,Ruku Suna;Aseema Panda,Latin,samba,Chill,commute;cooking;driving,150.041,0.669,0.561,0.615,0.0427,0.0,0.0509,0.349,-4.119,227683,32
4Vwm2Gevk9GVhncufTOzBw,Dicen Que Dicen,Julio Sosa,Latin,tango,Happy;Romantic;Chill,commute;cooking;driving,118.532,0.479,0.566,0.723,0.94,0.0,0.044,0.173,-3.135,200013,16
7LTubC1b644a6Ns7IUwTFK,"Romaria - Live At Credicard Hall, São Paulo / 2012",Maria Rita,Latin,mpb,Sad;Calm;Chill,studying,132.266,0.358,0.349,0.198,0.871,0.0,0.036,0.816,-11.896,271520,41
6rrViGA2pwUmzUTlzLpum4,Can We Make Love,Keith Sweat,R&B,soul,Nostalgic,studying;commute,118.679,0.751,0.417,0.375,0.777,0.00714,0.042,0.0939,-10.359,248066,0
2okeBtFNVJ4n33NEV1RxBm,Radioactive,Bullet For My Valentine,Rock,metal,Dark,commute;driving,142.922,0.527,0.695,0.271,0.0331,3.78e-05,0.0346,0.31,-4.99,193080,59
13Z3uZXTFpbLBZ8R1rTUKO,Hearing,Sleeping At Last,Chill,ambient,Sad;Calm,studying;sleep,141.869,0.207,0.292,0.11,0.818,0.942,0.0328,0.0934,-11.641,248635,65
0ZNZQaiqvyrNYDrcZLMvLk,"Horn Concerto No. 4 in E flat, K.495: 3. Rondo (Allegro vivace)",Wolfgang Amadeus Mozart;Barry Tuckwell;English Chamber Orchestra,Classical,classical,Calm;Nostalgic,studying;sleep,99.506,0.403,0.196,0.548,0.993,0.884,0.049,0.113,-20.749,219226,0
3a4nWJzJr2TDQVG2SfNYUc,Dead End Alley,Mr. Fingers,EDM,chicago-house,Calm,commute;cooking,122.091,0.782,0.463,0.826,0.012,0.000119,0.0469,0.302,-13.078,337544,11
73tt2vxEadt0y6CK8TyaV2,Chuva de Honestidade,Flavio Leandro,Latin,forro,Happy,commute;cooking;driving,124.96,0.748,0.598,0.838,0.695,0.0,0.03,0.0826,-4.923,230353,40
67ohbCtwk3QTOo2iekx6mg,The Worst Part About Me,Four Year Strong,Rock,emo,Energetic;Dark,workout,92.889,0.415,0.978,0.33,7.06e-05,0.00358,0.0545,0.194,-2.23,225120,32
1PgPcLmRHpOPOrzUCMEX6p,Two Sisters,Clannad,Chill,new-age,Calm;Romantic;Nostalgic,studying,92.603,0.705,0.328,0.583,0.858,0.0,0.0663,0.138,-13.466,253026,27
5AhcUnnbNDKR9WDPvnx9Uz,Vuiet De Negru Izvor,Bucovina,Rock,black-metal,Energetic;Dark,workout;studying;driving,178.07,0.372,0.796,0.152,2.13e-06,0.732,0.0299,0.0316,-5.632,138200,18
4yI9eqIQRYlxxw1dbQ5pke,Paradoks,Burgerkill,Rock,death-metal,Energetic,workout,93.97,0.452,0.977,0.445,0.00117,0.0659,0.0601,0.114,-6.82,307892,21
5Y8lc1PFBvS4a6yoLBCocW,Nuits sans sommeil,Clea Vincent,Pop,synth-pop,Calm,studying;commute;cooking,114.037,0.798,0.478,0.599,0.027,0.622,0.0383,0.0809,-10.764,175400,49
5HYBrdzTwfJBVLFuoxzKYH,Almost A Whisper,Yanni,Chill,new-age,Sad;Calm,studying;sleep,109.939,0.525,0.11,0.0917,0.933,0.886,0.0313,0.0771,-21.504,192640,32
3yuCAw61jqfyv2KzMoVdXA,Fly,Ludovico Einaudi,Chill,ambient,Sad;Calm,studying;sleep,167.972,0.174,0.178,0.0347,0.994,0.861,0.0362,0.0737,-18.717,278933,58
60an8Fb1pH1MniTxTlo2l9,Bloco do Carro Chefe,Mc Bruninho da Praia;Mc Kadu;MC GP;Mc Lele JP,R&B,funk,Calm,commute;cooking,113.192,0.818,0.486,0.637,0.0996,0.0,0.394,0.0437,-7.006,396000,46
6JDbQMoHuwu6iQgbX3ouTw,Murder On My Mind,The Lillingtons,Pop,power-pop,Happy;Energetic;Motivated,workout;studying,125.228,0.434,0.933,0.764,4.07e-05,0.808,0.0321,0.331,-5.095,123506,27
36Qq8d5qOwIwI8MSj3CXQ0,Make Believe,Shallou,R&B,soul,Sad;Dark,commute;driving,120.005,0.841,0.549,0.287,0.78,0.0148,0.037,0.397,-9.863,174013,62
4dVLyTbpd6o1f1rhnOBLR8,When You Come Home,Mree,Chill,ambient,Sad;Calm,studying;sleep,64.119,0.353,0.116,0.102,0.98,0.000787,0.0373,0.0917,-14.189,271586,43
1Mt7JLzBMXjTVKcdeD437t,Nuthin But A G'Thang,Snoop Dogg,R&B,funk,Happy,commute;party;cooking;driving,94.629,0.813,0.676,0.705,0.00842,0.0,0.296,0.171,-9.159,235892,72
2J2da9welNmoeeBDLl9fUk,Aroma,Sidhu Moose Wala,Hip-Hop,hip-hop,Sad;Dark;Chill,commute;driving,141.932,0.554,0.524,0.253,0.325,0.0,0.0377,0.0964,-7.248,256909,61
3LxkwDvrINDp9GvgStLTtK,"Lohengrin, WWV 75: Prelude to Act I - Live",Richard Wagner;Gewandhausorchester;Andris Nelsons,Classical,opera,Sad;Calm,studying;sleep,72.592,0.066,0.0232,0.029,0.817,0.891,0.0434,0.117,-29.646,559996,21
02JvGpLUdM5uCmqkwWOoF1,The Dutchman,Celtic Thunder;Keith Harkin,Classical,opera,Calm;Chill;Nostalgic,studying,78.095,0.447,0.316,0.356,0.718,0.0,0.0303,0.115,-10.902,255866,20
2CJLOGwbiMJfW5dcYCes9b,Y Todavía Te Quiero,Osvaldo Pugliese;Jorge Maciel,Latin,tango,Calm;Nostalgic,studying;sleep,105.066,0.447,0.282,0.456,0.968,0.0,0.0415,0.57,-11.037,166880,16
3lT4SlZVvqLhMeiuBv7gHW,"Tujhe Kitna Chahein Aur (Film Version) [From ""Kabir Singh""]",Jubin Nautiyal,Pop,k-pop,Sad;Calm,studying;sleep,145.549,0.358,0.252,0.284,0.604,0.0,0.0346,0.0915,-9.51,276244,53
7hrZ36mZ5Qj4aMucGDhKHn,Ambre,Nils Frahm;Johannes Bornlöf,Chill,ambient,Calm;Nostalgic,studying;sleep,146.853,0.365,0.0289,0.477,0.995,0.947,0.0419,0.12,-27.855,235825,0
3K3rDGY3giQzCIprR4v3BW,Naturalmente,Vitória Souza;Sued Silva,R&B,gospel,Romantic;Chill;Nostalgic,commute;cooking;driving,117.895,0.627,0.527,0.433,0.406,0.0,0.0315,0.161,-5.78,300053,41
7CdWPnD06ONtWrKmv3dQYH,Kaadhalikka Neramillai,Sirkazhi Govindarajan,Classical,classical,Happy,commute;cooking,78.673,0.438,0.633,0.86,0.929,0.16,0.107,0.0855,-9.97,313933,32
52OmyTfnQ49g0o80cDtoRZ,Chinnanchirukiliye,M. L. Vasanthakumari;M. K. Thyagaraja Bhagavathar,Classical,classical,Romantic;Chill;Nostalgic,studying;commute;cooking,92.975,0.677,0.446,0.634,0.92,0.19,0.0418,0.34,-5.146,220013,29
28gwrDGzzO1ToMLxtxLQiX,Nunca Mais - Ao Vivo,Matheus & Kauan,Latin,sertanejo,Happy;Energetic;Motivated,driving,106.698,0.558,0.827,0.748,0.0257,0.0,0.0383,0.512,-5.547,176061,53
3tE5YyZdaQrPlIRtcybzA6,Mega Funk É Sempre Assim - REMIX,Dreysson Rodrigues;MC Gui Andrade;DJ Léo BQ,R&B,funk,Sad,commute,124.036,0.95,0.476,0.331,0.0109,0.0,0.108,0.0932,-8.381,136330,43
70kbSwG3XGJzv5vp8208kp,She's Always A Woman,Celtic Thunder;Neil Byrne,Classical,opera,Sad;Calm;Chill,commute,173.879,0.279,0.348,0.232,0.325,1.67e-06,0.0306,0.109,-9.989,200000,20
08nrCAF5dWMmk1BVtDGgXa,Ready to Fly,2002,Chill,new-age,Sad;Chill,studying;commute,71.933,0.164,0.413,0.176,0.935,0.836,0.032,0.148,-11.079,267480,23
6YdjKSjVCnaG4Snrkxmv9a,Não Era Você,João Bosco & Vinicius,Latin,sertanejo,Happy;Romantic,commute;cooking;driving,154.955,0.671,0.625,0.683,0.37,0.0,0.0436,0.107,-4.128,197243,48
2aCCy7rdwfInhNxrXELNvw,A Fé Faz o Herói,Jamily,R&B,gospel,Sad;Calm;Nostalgic,studying;sleep,125.724,0.506,0.283,0.318,0.927,3.31e-06,0.0353,0.302,-14.705,259333,40
2lFJU6QpogoFm524M5yF7b,Here Comes Santa Claus,Doris Day,Jazz,jazz,Calm;Chill,studying;commute,184.436,0.656,0.366,0.823,0.94,1.33e-05,0.0446,0.219,-9.548,157213,0
05lem7bHWxyo98HOwPmils,Hope Leaves,Opeth,Rock,death-metal,Sad;Chill,commute,139.17,0.501,0.48,0.122,0.58,0.079,0.0249,0.133,-9.021,267146,49
4WiqPbWvLbv317E8fB4SJC,Bathroom Dance,Hildur Guðnadóttir,Chill,ambient,Sad;Calm,studying;sleep,86.116,0.167,0.0721,0.0388,0.856,0.265,0.0339,0.0758,-19.221,128280,53
1mV4Ti0I8kZF3Dd72qPEW5,Brand New World,D-51,Pop,j-pop,Energetic;Motivated,workout,160.1,0.568,0.98,0.65,0.00131,1.4e-06,0.151,0.436,-4.368,258440,57
3nDEjp2MvXJuqtUsv8GuyQ,Because The Night,Dimitri Vegas & Like Mike;Brennan Heart,EDM,progressive-house,Energetic;Dark,workout,143.039,0.387,0.906,0.334,0.0463,5.07e-05,0.0781,0.398,-5.353,201330,65
1XmdB9Kha5e5H4PfTSmewn,Atlas: Touch,Sleeping At Last,Chill,ambient,Sad;Calm,studying;sleep,81.76,0.398,0.0933,0.185,0.958,4.63e-06,0.0442,0.0893,-11.879,253892,50
3CQfMzLxTO5tOMHzBhskB3,Path to Enlightenment,Dan Gibson's Solitudes,Chill,new-age,Sad;Calm,studying;sleep,81.466,0.169,0.125,0.0406,0.987,0.796,0.0376,0.949,-18.41,385227,20
5svkW6jBVLjgvWk1uFlSOb,That's Amore,André Rieu;Johann Strauss Orchestra,Classical,opera,Romantic;Chill;Nostalgic,commute;cooking,61.351,0.158,0.49,0.421,0.555,0.107,0.0366,0.148,-7.12,188280,22
0QrbpLrQowUh4iyc0v5SgQ,Touching Softness,Robert Haig Coxon,Chill,new-age,Sad;Calm,studying;sleep,87.436,0.0959,0.139,0.0664,0.965,0.956,0.0397,0.0803,-19.386,309293,28
5RKWxItZvYY9wtKJuy2Hb7,热爱105°C的你,A Si,Pop,mandopop,Happy,commute;party;cooking;driving,137.124,0.799,0.613,0.751,0.363,0.0,0.0446,0.0588,-5.948,195328,57
4kGYnphKiUfQMkamMrW7NJ,Liberta,Lesiem,Chill,new-age,Sad;Chill,studying;commute,144.059,0.238,0.448,0.166,0.389,0.616,0.0303,0.101,-11.416,271040,20
1tEto4JrqNmBZFH5uAiYqb,Sadi Gali,Lehmber Hussainpuri,Hip-Hop,hip-hop,Happy;Energetic;Motivated,workout;party,129.989,0.726,0.994,0.779,0.021,0.0108,0.0543,0.222,-2.433,264900,64
1UDViHv1sQpQT4G3Yf18IC,Vaidade,Heloisa Rosa,R&B,gospel,Sad;Chill,studying;commute,125.887,0.494,0.443,0.191,0.674,6.59e-05,0.0274,0.102,-9.212,268051,39
4bbeXHwW95npFQuPa2D8e1,"Mathuga Mathuga (From ""Vikram Hitlist"")",Anirudh Ravichander;Kamal Haasan,Hip-Hop,hip-hop,Happy;Energetic;Motivated,workout;party;driving,130.034,0.829,0.811,0.919,0.321,0.0,0.392,0.056,-5.693,211384,57
6g4oYXbiCRAU8iPIAPR5Rm,Aurora,Little Symphony,Chill,ambient,Sad;Calm,studying;sleep,106.237,0.178,0.0949,0.177,0.796,0.848,0.0612,0.119,-23.573,121904,27
4eMD6wB5MZPf7KuHvYxorz,失業生,Danny Chan,Pop,cantopop,Calm;Nostalgic,studying;sleep,122.12,0.51,0.173,0.471,0.887,0.0719,0.038,0.212,-14.5,181893,19
6wnv8gnS1WTeDbuyOXCA8V,Terminal,Within The Ruins,Rock,death-metal,Energetic;Dark,workout;studying,120.103,0.544,0.986,0.183,0.00472,0.562,0.136,0.399,-5.769,69040,23
5H4rKylLnO8KrmdXTRhj5s,Chaiyya Chaiyya,Sukhwinder Singh;Sapna Awasthi,Hip-Hop,hip-hop,Dark,commute;cooking;driving,90.012,0.786,0.579,0.481,0.186,0.0,0.142,0.118,-14.913,416613,60
2lBExcAjBgX7Jb480goU9B,Stars Align (with Drake),Majid Jordan;Drake,R&B,soul,Happy,commute;party;cooking;driving,95.864,0.763,0.667,0.75,0.021,2.4e-05,0.085,0.0715,-6.285,260519,69
3mKbrBTr530Kv1oLJmvOvj,Piano - Replayed Version,Yiruma,Chill,new-age,Sad;Calm,studying;sleep,76.058,0.569,0.00733,0.16,0.996,0.929,0.173,0.0931,-24.734,150000,44
1orM67pmkNc4alrZkWjYkV,Naach Meri Rani,Guru Randhawa;Nikhita Gandhi;Tanishk Bagchi;Nora Fatehi,Hip-Hop,hip-hop,Sad;Chill,commute,97.036,0.676,0.488,0.151,0.0613,0.0,0.154,0.0707,-5.091,212692,63
3KG9I4JXpDwNQOsotE3uLh,The Departure,Max Richter,Chill,ambient,Sad;Calm,studying;sleep,116.941,0.384,0.00341,0.117,0.996,0.943,0.0447,0.0964,-39.053,75849,61
5CPXR6lDTvngxtmMZxnWmC,Pull Me Under,Dream Theater,Classical,classical,Energetic;Dark,workout,102.198,0.532,0.941,0.278,0.000579,0.0527,0.0465,0.15,-9.025,493933,62
2busyK7jKVJaZN4Q6gZqKw,Follow - Radio Edit,Breaking Benjamin,Rock,grunge,Energetic;Motivated,workout,106.003,0.582,0.929,0.58,0.00134,0.0365,0.0668,0.0371,-3.582,197040,59
7oWRwMlEhJkuun1bnY3Chk,今夜到干諾道中一起瞓,my little airport,Pop,cantopop,Happy,commute;cooking;driving,140.042,0.739,0.552,0.84,0.698,0.0366,0.0371,0.0718,-7.678,105810,36
4p7na6NSU0F7lMOhx9kg9k,Material Girl,Kris Bowers,Jazz,jazz,Calm;Nostalgic,studying;sleep,136.482,0.588,0.155,0.404,0.633,0.694,0.0321,0.0748,-20.621,244339,59
5nG2hbCPI0urycsRN8M3OR,Hey Nijame,Bombay Jayashri;Darbuka Siva,Classical,classical,Sad;Chill,commute,97.54,0.34,0.465,0.0686,0.718,0.0652,0.0453,0.142,-11.631,274864,39
66zJZw4rbRizY9M7Qp5sC3,Narrow Path,Amorphis,Rock,death-metal,Energetic;Dark,workout;studying;driving,119.897,0.399,0.832,0.207,7.52e-05,0.661,0.0524,0.107,-4.961,263058,21
5cebPQVq4mdFykugzU2LfU,The Blessing,Bethel Music;We The Kingdom,Chill,ambient,Sad;Calm,studying;sleep,168.926,0.186,0.0916,0.0489,0.885,0.00027,0.0381,0.0959,-17.125,414173,51
0SMek8tzVJRYzQkloRhiEk,Au Bord Du Gouffre,Regarde Les Hommes Tomber,Rock,black-metal,Energetic;Dark,workout;studying,130.704,0.163,0.983,0.0463,1.66e-06,0.419,0.0881,0.25,-4.327,532971,20
1oradxvpBThBxQSwgwEZcA,Nothing Left To Say,Jim Brickman,Chill,new-age,Sad;Calm,studying;sleep,103.499,0.455,0.0733,0.136,0.981,0.903,0.0737,0.141,-21.871,235840,20
2AW5zkMwI8GRPwGraqJmUM,Portmore City,Vybz Kartel;Top Secret Music,EDM,j-dance,Calm,commute;cooking,120.352,0.923,0.485,0.659,0.00251,0.0,0.348,0.165,-6.958,183547,19
0yEGDxJqqwRq2n1DCbUIAM,Inner Courage,Mr. Käfer;Eu93ne,Jazz,jazz,Calm,studying,144.041,0.716,0.321,0.964,0.911,0.912,0.0814,0.1,-10.609,172000,58
2WpQ8LbTpTAsjsyCUIrH8a,The Narrow Path,Simon Wester,Chill,ambient,Sad;Calm,studying;sleep,111.917,0.167,0.0709,0.0391,0.967,0.958,0.0341,0.107,-25.474,226857,39
6dtdFWroDcxfNgv184UfB2,Marcha Peronista,Hugo Del Carril,Latin,tango,Calm,studying;commute;cooking,119.533,0.713,0.415,0.793,0.913,0.966,0.0459,0.0786,-6.073,152215,32
6pWqezJBW5DYCuYlLug4fC,Big Thing In The Sky,Will Ackerman,Chill,new-age,Sad;Calm,studying;sleep,173.553,0.2,0.00571,0.154,0.961,0.825,0.0386,0.0917,-27.969,396600,24
4qIMmEjV8gaEsfZML9LALx,"Bodhai Kaname - From ""Oh Manapenne""",Vishal Chandrashekhar;Anirudh Ravichander;Shashaa Tirupati,Pop,pop,Sad;Chill,commute,160.047,0.516,0.405,0.267,0.152,3.44e-06,0.0424,0.154,-12.327,261946,68
3Uuct3U6h774BJjWDYLZW2,吻別,Alan Tam,Pop,cantopop,Sad;Calm,studying;sleep,139.308,0.431,0.212,0.141,0.742,2.32e-05,0.0313,0.144,-16.007,254466,19
5tYSvirNbEi8CsVVNlgRR6,Save Me - Acoustic; Live from Kansas City,Shinedown,Rock,grunge,Energetic;Motivated,workout,116.042,0.602,0.92,0.608,0.000777,3.43e-06,0.0339,0.983,-4.2,220893,26
5v8aEcHcaJIGYpfVVPtJjI,Wires,The Neighbourhood,Rock,alt-rock,Dark;Chill,commute,72.991,0.568,0.569,0.266,0.0004,0.102,0.0329,0.342,-6.013,193080,71
4Dj3XZK1W8PdCp1SkNka0B,Money Changer,Mavado,EDM,j-dance,Energetic;Motivated,workout;party;driving,111.29,0.708,0.8,0.577,0.155,0.0,0.448,0.2,-3.641,169893,19
4h8ChGyDlrqfI64Gov5IqU,El Supermercado,Paté de Fuá,Rock,j-rock,Calm;Chill;Nostalgic,studying;commute,170.009,0.432,0.368,0.358,0.879,0.0,0.0311,0.113,-8.701,213186,33
3D3Nqn1lOvwYfhPKeORMSs,Il barbiere di Siviglia: Una voce poco fa... Io sono docile,Gioachino Rossini;Cecilia Bartoli;Orchestra del Teatro Comunale di Bologna;Giuseppe Patanè,Classical,classical,Sad;Calm,studying;sleep,120.05,0.415,0.0697,0.108,0.981,2.39e-05,0.0653,0.118,-21.838,396564,0
2stlN6Y9ySktuPrfLjDmWe,The Foxhunter,Celtic Woman,Classical,opera,Happy;Chill,commute;cooking;driving,130.059,0.469,0.536,0.891,0.901,1.27e-05,0.0465,0.23,-10.118,208613,23
6k8Yx49M5gniQ4fELRd2WP,Witchcraft,Book Of Love,Pop,synth-pop,Happy,commute;party;cooking;driving,128.876,0.77,0.601,0.673,0.201,0.000412,0.0671,0.158,-11.28,223333,29
2Jj9x9eAIgF3hCnTwf9P11,BODY,Suchmos,Rock,j-rock,Happy,commute;cooking,88.086,0.605,0.687,0.639,0.00854,0.00378,0.0448,0.135,-6.013,273160,32
5jqrfMA0dl6w76N0p0bA8E,Grafton Road,Ryan Elliott,EDM,detroit-techno,Dark,studying;commute;driving,133.01,0.667,0.674,0.202,0.000722,0.921,0.0448,0.103,-10.106,383013,5
0pM7PCxuclmb1qsjTqt6WX,Nenjinile Rebirth,Chris G.;Mc Sai;Sahi Siva,Hip-Hop,hip-hop,Happy;Energetic;Motivated,workout;party,149.886,0.706,0.913,0.712,0.115,0.0,0.139,0.256,-3.284,215800,59
4nKc9yiwXWlEByq1oMfHU6,Dooriyan (feat. Kaprila),Dino James;Kaprila,Pop,pop,Sad,commute,91.969,0.778,0.474,0.219,0.528,0.0,0.08,0.104,-10.109,215217,64
4XYlAe3KshyT9EGYpmFOen,Divine Secrets,Robert Haig Coxon,Chill,new-age,Sad;Calm,studying;sleep,68.588,0.0718,0.019,0.0359,0.95,0.943,0.0429,0.191,-25.828,643213,23
1KyiMAoRQ470e12eGbeO5O,Piano Track,Ron Trent,EDM,chicago-house,Dark,studying;commute;driving,124.898,0.759,0.674,0.267,0.0001,0.862,0.0431,0.0954,-9.76,560036,7
7aw3Mky5pKWnURtNfFASqu,Get to You,Danko Jones,Rock,punk,Energetic;Motivated,workout;driving,147.99,0.56,0.817,0.601,0.000595,0.000516,0.0685,0.0243,-5.249,218640,37
4g0QeSC67nz3qwHgyx038U,Wind's Caress,Mattia Vlad Morleo,Chill,ambient,Sad;Calm,studying;sleep,75.111,0.359,0.143,0.136,0.979,0.944,0.042,0.101,-24.629,173635,49
1QX7dz8MIxkfed72PG058S,Ave Maria,Mario Lanza,Classical,opera,Sad;Calm;Chill,studying,93.024,0.204,0.345,0.0736,0.925,0.0778,0.0329,0.163,-9.363,265960,0
7HS3jD4NrWf6Y5I9IMphNI,Rang,Brijesh Shrestha;Nikhita Thapa,Pop,indie-pop,Calm;Romantic;Chill;Nostalgic,studying,105.075,0.506,0.324,0.577,0.905,0.00183,0.0405,0.0865,-12.057,223583,44
1WKLxJpDqkQ9x1qEDNutoX,2 Baddies,NCT 127,Pop,k-pop,Energetic;Motivated,workout,171.96,0.596,0.921,0.529,0.153,0.0,0.258,0.0922,-2.372,230293,69
1c7inucFjGndMO3QTsl0lg,Resynthesis 3D (Binaural Version - Headphones Only),Max Cooper,EDM,minimal-techno,Happy;Romantic,studying;commute;party;cooking;driving,120.007,0.755,0.612,0.662,0.829,0.924,0.0683,0.11,-11.407,296250,44
1Pg7pX24fz55TgRcnDi9YE,Tua Unção - Ao Vivo,Eli Soares;Ministério Nova Jerusalém,R&B,gospel,Sad;Chill,commute,134.936,0.338,0.484,0.277,0.186,0.0,0.0415,0.344,-10.334,302148,39
2M1IpvinmXPitJhXRK4Z2l,Disenchanted,The Communards,Pop,synth-pop,Energetic;Motivated,workout;driving,136.902,0.576,0.846,0.562,0.723,2.89e-06,0.0336,0.205,-5.385,252866,25
6uzwiQa5FkiiHLyt7ENYc6,Kisses Back,Anthony Keyrouz,EDM,electronic,Happy,commute;party;cooking;driving,123.984,0.788,0.63,0.755,0.255,2.08e-06,0.0331,0.0828,-8.397,222629,56
1cnl1Fojf62RzL99IvqVkW,War of Colossus,The Falcon,Pop,power-pop,Energetic,studying,104.321,0.492,0.955,0.465,0.000279,0.588,0.111,0.161,-6.8,102641,22
29m79w9xPMH4YCD6r8JSmV,Excuses,AP Dhillon;Gurinder Gill;Intense,Hip-Hop,hip-hop,Dark,commute;party;driving,94.984,0.837,0.717,0.494,0.0842,0.0,0.0822,0.149,-7.749,176232,82
7HPM13Xek5XoRWxRzHfvkB,Dil Galti Kar Baitha Hai,Jubin Nautiyal;Meet Bros.;Shardul Rathod,Pop,k-pop,Energetic;Motivated,driving,92.059,0.612,0.78,0.554,0.0781,0.0,0.0814,0.0593,-5.123,273272,67
0JNQXKglzHsy4eed3PWxgP,Blind Faith,End It,Rock,black-metal,Energetic,workout;studying,156.866,0.21,0.931,0.453,3.55e-05,0.909,0.0669,0.343,-5.296,171458,24
30JbQlyoAUUud1FjAq4KPn,Rosas,La Oreja de Van Gogh,Latin,latin,Happy,commute;party;cooking;driving,106.988,0.773,0.691,0.529,0.655,2.77e-06,0.0268,0.111,-4.539,237146,0
2PEo8JQ48mfEv8a2HLqDvt,"Nadiyon Paar (Let the Music Play Again) (From ""Roohi"")",Sachin-Jigar;Rashmeet Kaur;Shamur;IP Singh,Hip-Hop,hip-hop,Happy;Energetic;Motivated,workout;party;driving,114.981,0.875,0.846,0.697,0.137,1.15e-05,0.0716,0.123,-5.276,164045,69
3UaA8quROwp4sHm8HN5DSw,rm1210,my little airport,Pop,cantopop,Sad;Chill,commute,97.594,0.606,0.473,0.209,0.801,0.000839,0.0374,0.0979,-10.077,122789,35
2Pg77E8hQZK1rKURiBuAIG,A Mensagem da Cruz - Ao Vivo,Nani Azevedo,R&B,gospel,Sad;Chill,commute,79.616,0.221,0.485,0.205,0.709,4.79e-06,0.035,0.551,-8.968,380893,40
0SsYlkXxZ5vkWOTsKxMfMz,Lonesome Town,Ricky Nelson,R&B,r-n-b,Sad;Calm,studying;sleep,77.026,0.404,0.193,0.273,0.794,0.000296,0.0305,0.103,-12.501,134040,63
7LejqLHI6ukgbfhcr2Mq2h,El Camino del Sol - Vivo,Rata Blanca,Rock,heavy-metal,Energetic;Dark,workout,116.157,0.397,0.869,0.16,0.000751,0.00173,0.0479,0.376,-5.769,577328,25
5TBbTkb0jzSO7jKv0I4QPi,That's the Day (I Never Will Forget),Pepita Slappers,Rock,rockabilly,Happy;Energetic;Motivated,workout,170.128,0.432,0.966,0.898,0.00875,0.000796,0.0746,0.295,-7.052,164852,24
6UBj4GIRV5V2nQqEQl8o2F,Euer Gott ist der Tod,Die Apokalyptischen Reiter,Rock,heavy-metal,Energetic;Dark,workout,94.92,0.287,0.917,0.0646,0.00092,0.0181,0.09,0.0884,-5.3,362551,26
5zUPoHkgqAr1XwTMNzNtGs,Fully Loaded,Tegi Pannu;Manni Sandhu,Hip-Hop,hip-hop,Happy,commute;party;cooking;driving,92.109,0.783,0.607,0.862,0.091,0.0,0.133,0.0986,-7.268,148858,65
3cQjdIZtFiVstWpjyvHtac,THIS IS A SONG FOR COCA-COLA - Remastered 2022,Eikichi Yazawa,Rock,rockabilly,Chill,commute;cooking,77.211,0.629,0.532,0.446,0.288,8.19e-05,0.0362,0.31,-9.978,193325,30
5rRi4RW8F99U24EAS2Cdte,Vem amor,LUDMILLA,R&B,funk,Happy;Motivated,commute,86.453,0.62,0.704,0.689,0.133,0.0,0.226,0.135,-2.182,132000,45
5QuQFz3QK3ILCpBgGHGss8,Heartbeat City,The Cars,Pop,power-pop,Happy;Chill,commute;cooking;driving,143.343,0.649,0.562,0.882,0.225,0.18,0.0333,0.0705,-14.93,270013,52
4S5LBQbKGxsBOx6oONwaEq,Rockabye,Clean Bandit;Sean Paul;Anne-Marie,EDM,edm,Happy;Energetic;Motivated,party;driving,101.943,0.724,0.759,0.765,0.411,0.0,0.0544,0.437,-3.996,250456,4
1jQwvKLHvS0HGbPNLKPgH5,Nah Tell Yuh,Alkaline,EDM,j-dance,Happy;Energetic;Motivated,workout;driving,132.824,0.492,0.818,0.691,0.441,0.0,0.332,0.125,-6.253,166373,23
5gBTjygVjN8f96lVuUBhGa,What Child Is This?,Josh Groban,Classical,opera,Sad;Calm;Chill,studying,148.068,0.431,0.328,0.159,0.822,0.00329,0.0311,0.116,-13.039,231933,25
2TyUh4WcQuSgKyHrjlLiuA,Parka,Cem Karaca;Dervişan,Rock,psych-rock,Romantic;Chill;Nostalgic,studying;commute;cooking,89.657,0.29,0.44,0.468,0.701,0.0,0.047,0.409,-9.908,355866,29
1By0FlLWeUxjQpOjmQIYig,After All These Years,Journey,Rock,hard-rock,Dark;Chill,commute;driving,127.618,0.411,0.585,0.17,0.151,0.0,0.0314,0.101,-5.563,250680,47
7AfjcBpxZKN1NRJdtDGCYx,If I Can't Get Down - Mixed,Mike Dunn,EDM,chicago-house,Happy,commute;cooking;driving,124.076,0.819,0.593,0.591,0.00336,0.0339,0.218,0.0658,-6.907,272827,19
4k1gofu5MHXtsbqfikEzVq,"Piano Sonata No. 2 in B-Flat Minor, Op. 36: I. Allegro agitato",Sergei Rachmaninoff;Marko Stuparevic,Classical,classical,Sad;Calm,studying;sleep,84.996,0.316,0.108,0.0615,0.994,0.898,0.0416,0.0957,-20.37,505663,0
7ycWLEP1GsNjVvcjawXz3z,Praise The Lord (Da Shine) (feat. Skepta),A$AP Rocky;Skepta,Hip-Hop,hip-hop,Dark,commute,80.015,0.854,0.569,0.294,0.0609,0.0816,0.106,0.1,-8.151,205040,82
6LM6soT5M4aWLFuZhajn4T,ENCHANTé - Original Version,Laurent Garnier,EDM,minimal-techno,Dark,studying;commute;driving,122.002,0.596,0.695,0.342,0.00106,0.9,0.0382,0.101,-9.534,592053,21
5SDHPiJN0Z7qlUNvXJhPFo,I Make Sparks,Novo Amor,Chill,ambient,Calm;Chill;Nostalgic,studying;commute,143.94,0.591,0.37,0.352,0.895,0.737,0.0343,0.103,-12.9,218573,51
0gmEt2nKOssVRStyUmjSpE,Jaadugar,Paradox,Hip-Hop,hip-hop,Dark;Chill,commute;driving,95.045,0.674,0.566,0.186,0.77,0.0,0.0802,0.181,-8.551,192000,66
24ZeJGbJa1ONPUNDDR9Z1i,La Taillade,Club des Belugas,Jazz,jazz,Dark;Chill,studying;commute;driving,124.048,0.603,0.555,0.195,0.0135,0.514,0.0357,0.0852,-10.337,230322,0
4hzDCJUFDyk66oIBirPiCl,Gunehgar,DIVINE,Hip-Hop,hip-hop,Energetic;Motivated,workout,94.259,0.643,0.906,0.541,0.105,0.0,0.31,0.861,-4.15,163404,65
4a9tbd947vo9K8Vti9JwcI,Boy With Luv (feat. Halsey),BTS;Halsey,Pop,k-pop,Happy;Energetic;Motivated,workout,119.947,0.645,0.862,0.803,0.0933,0.0,0.0845,0.193,-4.761,229773,80
5AyQkRLR25PtKObmDmgsxP,Cansei de Tudo,MC Liro;MC BHS;Love Funk,R&B,funk,Romantic;Chill,commute;cooking,118.266,0.667,0.462,0.662,0.847,0.0,0.428,0.195,-7.184,174833,42
345k7youQ1IzZaijlTwhZf,Low,I Prevail,Rock,metalcore,Happy;Energetic;Motivated,workout,145.007,0.477,0.941,0.695,8.48e-05,0.0,0.0468,0.39,-4.01,165360,52
0dvgPHkCgi2HMaBL9PgXmj,Lugar Seguro,Aline Barros,R&B,gospel,Dark;Chill,commute,81.947,0.511,0.592,0.282,0.0484,0.0,0.0264,0.127,-5.596,250682,40
5FluYyNVSa5MzXqH4zboGr,The Happiest Christmas Tree - Remastered 2009,Nat King Cole,Jazz,jazz,Happy,commute;cooking;driving,206.13,0.494,0.644,0.866,0.704,0.0,0.905,0.781,-11.781,105346,0
3YgHRl8fAnG1wLeYztEGCs,Samba Do Arnesto,Demonios Da Garoa,Latin,samba,Calm,commute;cooking,90.737,0.736,0.48,0.925,0.71,1.9e-05,0.201,0.108,-8.493,157066,36
24MVilhtBOg06UxlnNOonf,Bekaar,Vilen,Hip-Hop,hip-hop,Dark;Chill;Nostalgic,commute,83.958,0.605,0.552,0.313,0.479,0.0,0.0296,0.0916,-7.875,197307,58
5pSxOv6lbvdz2fddSUPdSA,Song From A Secret Garden,Secret Garden,Chill,new-age,Sad;Calm;Chill,studying,66.727,0.226,0.303,0.094,0.897,0.878,0.0374,0.162,-10.866,214786,58
28rMrOeusmuvjDuf6j3Kwg,Main Duniya Bhula Doonga,Anuradha Paudwal;Kumar Sanu,Pop,k-pop,Motivated,workout;commute;driving,156.6,0.361,0.716,0.648,0.765,0.00362,0.0399,0.308,-8.219,318293,56
76BFXEYzXQx9d6ZOsCJFtj,Trem do Pantanal,Sérgio Reis,Latin,sertanejo,Calm;Romantic;Chill;Nostalgic,studying;commute,101.413,0.511,0.39,0.461,0.597,7.27e-06,0.0259,0.259,-11.895,195093,44
0oo6NX5bPcqUbX7eJtoslO,Desde el Oeste - En Vivo All Boys,Almafuerte,Rock,heavy-metal,Energetic,driving,90.342,0.282,0.833,0.404,0.0279,3.8e-06,0.037,0.694,-6.868,208983,25
6BxSem6OQcmyQf4hDd81Rt,Oceans,Dash Berlin,EDM,progressive-house,Energetic;Dark,workout,132.014,0.49,0.861,0.324,0.0496,0.0,0.0445,0.102,-2.683,222072,51
371Tb0eNfpjpSqggjcLv8c,Therapy,All Time Low,Rock,punk-rock,Dark,workout;commute;driving,169.871,0.313,0.713,0.196,0.0258,0.0,0.0327,0.135,-4.489,224200,60
5HMeSvXvdFz4bUeCGNFX9s,"Que Dá Vontade, Dá",Guilherme & Santiago,Latin,sertanejo,Happy;Energetic;Motivated,workout,148.079,0.591,0.88,0.781,0.218,0.0,0.0476,0.971,-3.904,198123,51
6rJNWcdEfyBJuy1X2bENL7,Usain Boo,Kodak Black,Hip-Hop,hip-hop,Happy,commute;party;cooking;driving,143.992,0.782,0.669,0.598,0.0733,0.0,0.213,0.111,-4.58,186677,0
5RNJcVIbbLQzbAW5jqfW1G,Redemption 2.0 - Radio Version,Rmb,EDM,techno,Happy;Energetic;Motivated,workout;driving,145.013,0.57,0.843,0.789,0.101,0.153,0.105,0.313,-6.651,225520,25
5YLuXKsZ02FNK9MyaKi9Uw,My Enemy,CHVRCHES;Matt Berninger,Pop,synth-pop,Dark;Chill,commute;driving,133.985,0.556,0.571,0.0769,0.107,0.0,0.0309,0.115,-5.564,233078,31
4n1vbs5mNQD8YtjzJU9HEU,"Liebestraum No. 1 in A Flat Major, S. 541 No. 1: Notturno I: Hohe Liebe",Franz Liszt;Daniel Barenboim,Classical,classical,Sad;Calm,studying;sleep,68.486,0.223,0.0375,0.0459,0.99,0.934,0.0441,0.102,-25.525,454400,0
6hP0YCB4QxLaL7ODI9FBou,I've Got My Love To Keep Me Warm - Remastered 2002,Dean Martin,Jazz,jazz,Calm,studying;sleep,138.46,0.604,0.225,0.674,0.566,0.0,0.0344,0.148,-11.554,161973,0
4rvqisHl7HTX7CiebJ4MgF,Seleccion De Milongas,Sexteto Mayor,Latin,tango,Calm;Romantic;Chill;Nostalgic,studying,114.379,0.428,0.338,0.479,0.666,0.00233,0.0516,0.238,-13.731,251240,23
6Au8dwqW17E3rykzOtXzqn,Tedra,Kenny Larkin,EDM,detroit-techno,Dark;Chill,studying;commute;driving,109.986,0.466,0.558,0.0357,0.00765,0.728,0.0464,0.101,-15.972,341106,30
3HHOY3hOZRJf1ORqNSDS8B,Black Matte,Jaura Phagwara;Enzo,Hip-Hop,hip-hop,Happy;Energetic;Motivated,workout;party;driving,171.899,0.734,0.805,0.71,0.246,0.0,0.247,0.108,-2.848,214520,60
1K85hQzQjbhITcbBPVUBHF,The Skeleton In The Closet - Single Version,Louis Armstrong,Jazz,jazz,Calm;Romantic;Chill,studying;commute,74.827,0.686,0.351,0.683,0.91,2.22e-05,0.122,0.509,-10.44,191200,0
3PCUdfQ0MdU8tkzi2uN6wr,真愛在明天,Vivian Chow;Leon Lai,Pop,cantopop,Sad;Calm,sleep,135.978,0.543,0.297,0.266,0.444,0.0,0.0313,0.371,-12.371,243373,24
74afik91rYltgoAHjaBBJV,Vettri Venduma,Sirkazhi Govindarajan,Classical,classical,Calm,studying;sleep,109.566,0.564,0.296,0.931,0.99,0.883,0.179,0.492,-18.489,161123,40
2zbGXr2XCcRR40R7ymEENc,Embryonic Journey,Jefferson Airplane,Rock,psych-rock,Calm;Romantic;Chill;Nostalgic,studying;commute,107.642,0.293,0.354,0.487,0.804,0.919,0.0282,0.154,-14.026,112093,58
2XB7HlnIbMafSQuRRq7lm4,"Wiegenlied, Op. 49, No. 4",Johannes Brahms;Mischa Maisky;Pavel Gililov,Classical,classical,Sad;Calm,studying;sleep,81.694,0.0827,0.0134,0.0606,0.992,0.961,0.052,0.066,-31.089,146773,0
5pdr2j2EGUed6kAh3ZmJdC,The Makings of You,Curtis Mayfield,R&B,funk,Romantic;Chill;Nostalgic,studying;commute;cooking,76.472,0.368,0.431,0.569,0.758,8.97e-06,0.0574,0.113,-11.191,223866,0
5DgYdvipuyu3YWmo2MDWDu,Unbound,Gustavo Santaolalla,Chill,ambient,Sad;Calm,studying;sleep,76.033,0.135,0.0285,0.0351,0.947,0.893,0.0415,0.1,-24.029,117093,45
6pgIOBQVH5P6uztDatfmiq,2 Minds,InsideInfo,EDM,drum-and-bass,Dark,studying;commute;driving,172.08,0.627,0.679,0.0381,0.00837,0.88,0.0936,0.102,-3.447,265116,17
0lRyppKH2NUmyYaFVnfzjm,Mi dolor,Tango Bardo,Latin,tango,Chill,studying;commute;cooking,123.139,0.629,0.403,0.799,0.583,0.341,0.041,0.0955,-8.063,168344,19
0Id2IzhR3w50aP2PHfMUE3,Nira Ishq,Guri,Hip-Hop,hip-hop,Happy,commute;party;cooking,89.929,0.703,0.609,0.696,0.111,0.0,0.0444,0.0515,-7.3,181514,69
6Ra102d09JHUQ044fviVUA,Los Amores con la Crisis,Tita Merello,Latin,tango,Calm;Chill,studying,167.38,0.598,0.329,0.936,0.858,0.0,0.573,0.372,-11.432,110002,27
3AfK9TjO6NaeOCJtN7RpFq,Third Eye,Ilario Alicante,EDM,minimal-techno,Energetic;Dark,workout;studying,128.007,0.782,0.859,0.225,0.037,0.909,0.0603,0.108,-8.953,401250,19
33rDXMMp4yh6WNHQAmUUWF,Monster,Fight The Fade,Rock,metalcore,Dark,commute;driving,170.05,0.416,0.663,0.251,0.00379,9.41e-06,0.0446,0.0711,-5.145,203647,6
07VFhQepf26fYJvy32mjeg,要走的始終都要走,蔣志光;王利名,Pop,cantopop,Chill;Nostalgic,studying;commute,127.552,0.646,0.446,0.354,0.726,0.0,0.0295,0.387,-12.604,263000,19
24WyT7rIQvUUEZVyLMEEf6,El Preso No. 9,Nelson Ned,R&B,r-n-b,Calm;Romantic;Chill;Nostalgic,studying;commute,121.587,0.519,0.38,0.617,0.716,0.0,0.0342,0.283,-11.009,205400,41
52EVeEEPT1H7EIEtN9lC13,LOCKED UP PT. 2,6ix9ine;Akon,Rock,emo,Energetic;Motivated,workout,89.978,0.649,0.779,0.503,0.0332,0.0,0.115,0.299,-4.719,203333,52
0sRAXMfrDR9eg5jgMyjp6P,Mineirinho,Só Pra Contrariar,Latin,pagode,Happy;Motivated,commute;party;driving,94.488,0.706,0.729,0.905,0.222,0.0,0.103,0.0928,-8.979,205533,49
60Pe9j2pCBa4Zp4ztf5nhd,Windowlicker,Aphex Twin,Chill,ambient,Energetic,workout;driving,123.016,0.698,0.789,0.492,0.132,0.0091,0.163,0.366,-4.936,368400,55
71fueay4E0RK3X1xQsQdj9,Assino Com X - Ao Vivo,Maurício & Eduardo;Humberto & Ronaldo,Latin,sertanejo,Romantic;Chill;Nostalgic,commute;cooking;driving,154.874,0.585,0.557,0.515,0.814,0.0,0.0999,0.522,-6.972,188011,53
6GIQckKtzHYA8MHoRWRkcy,Sin Ti No Puede Estar Tan Mal,Ximena Sariñana,Rock,alt-rock,Happy,commute;cooking;driving,108.038,0.731,0.58,0.59,0.15,0.000599,0.0461,0.189,-6.91,275160,45
0jd5bGUSDGMjLMNlLHyCvY,Mistério,Lado de Cá,Latin,mpb,Sad;Dark;Chill,commute;driving,133.064,0.656,0.548,0.103,0.247,0.0,0.0276,0.104,-5.796,195344,47
0a4V1n4LCfQJAAjLtiGISW,Como el Primer Día,Julio Preciado;Chuy Lizarraga,R&B,r-n-b,Happy,commute;party;cooking;driving,126.002,0.74,0.639,0.975,0.555,0.0,0.036,0.0863,-5.276,194040,45
3OjUTDXJC6GyUtfSQnUKBa,Mi Dolor,Chino Laborde;Solo Tango Orquesta,Latin,tango,Happy;Chill,commute;cooking;driving,142.416,0.609,0.574,0.818,0.755,0.0001,0.113,0.14,-6.309,168000,18
2pg8ytdwFmXKjSlpHEV5QC,Rockledge 3A,Datach'i,EDM,idm,Motivated,workout;studying;commute;driving,123.959,0.645,0.715,0.508,0.144,0.862,0.271,0.105,-7.64,276600,29
7mimSbktNZYU0RBEjEUpPn,Remain in Me,Peter Cat Recording Co.,EDM,electronic,Calm;Chill,studying;commute,179.612,0.418,0.369,0.473,0.0498,0.439,0.0275,0.169,-10.05,293680,37
1xVviGd6Y0zujEmjiTzdiL,Fruta Amarga,Karamelo Santo,Rock,punk-rock,Happy;Energetic;Motivated,workout,132.92,0.612,0.914,0.898,0.0149,1.14e-06,0.049,0.0892,-3.118,243800,36
53GLKp1wq2wu2nZe8BSeVq,Serenata,Amado Batista,Latin,sertanejo,Energetic,workout;party;driving,121.393,0.755,0.784,0.491,0.26,0.0,0.0319,0.284,-5.899,164000,49
5pMr3ipuLB1z2QkfKGlkGS,QUEEN - Live,my little airport,Pop,cantopop,Romantic;Chill;Nostalgic,commute;cooking,81.381,0.484,0.457,0.406,0.446,0.00252,0.0348,0.892,-12.104,202556,34
3K2Srbkcny0Wc95Ev1X3AR,Funkyman - Radio Version,Dr Rude,EDM,hardstyle,Energetic;Dark,workout;studying,147.967,0.552,0.987,0.37,0.00685,0.516,0.0529,0.131,-3.393,206351,19
1fb7jUF6fUYytD3h7eW11m,Flora,Ludovico Einaudi,Chill,ambient,Sad;Calm,studying;sleep,76.633,0.146,0.0661,0.0623,0.989,0.928,0.0476,0.103,-27.101,341038,59
1rJLmeWNZWCadABxGee6BO,淋雨中,林宇中,Pop,mandopop,Chill;Nostalgic,studying;commute,141.767,0.46,0.406,0.397,0.582,0.0,0.0612,0.433,-9.222,238000,21
4riVJ8dOg2QpIp3rdFh8kq,Every High - Young & Sick in-Flight Remix,Kyson;Young & Sick,Chill,ambient,Dark,commute;driving,119.952,0.766,0.572,0.231,0.0202,0.0146,0.0433,0.0554,-10.182,258000,50
7LyHLyC6mKKnSALH9QjWQZ,Me Llamas,Jairo Vera,Latin,latino,Sad;Dark,commute;driving,99.986,0.717,0.521,0.202,0.022,0.00123,0.0401,0.0903,-9.686,211337,52
2XdGsYBDQYXjgdixMdn7w2,Angels (Singing Gloria),Matt Redman;Chris Tomlin,Rock,alt-rock,Sad;Calm,studying;sleep,141.88,0.424,0.239,0.0697,0.658,1.73e-05,0.0309,0.0951,-10.601,316920,0
42BjzNietXvjfffo3P3kCH,Preguntas Si Te Amé,INSITE,Rock,punk-rock,Energetic;Dark,workout,90.008,0.43,0.923,0.368,0.0246,0.0,0.0752,0.0609,-5.298,207866,38
6INLpBxo9F5QMer04VXEnd,Sexy Boy,Air,Chill,ambient,Dark,studying;commute;driving,111.888,0.437,0.652,0.211,0.0011,0.614,0.0288,0.111,-6.152,298466,59
3Gf3nkzhkr1SO6dgFEnDrw,Azhagendra Sollukku,T. M. Soundararajan,Pop,k-pop,Happy;Chill,commute;cooking;driving,184.924,0.334,0.594,0.918,0.748,3.93e-06,0.053,0.0733,-8.111,343973,45
39jBzZcMJMxhAhPg8SYvnj,"Carnaval, Op. 9: No. 21, Marche des Davidsbündler contre les Philistins (Live in Japan, 2022)",Robert Schumann;Pavel Nersessian,Classical,classical,Sad;Calm,studying;sleep,149.94,0.416,0.211,0.28,0.994,0.828,0.0537,0.114,-18.044,209840,0
5mLLx6D8S2i9qF0FRV1wB5,The Family,Robert Haig Coxon,Chill,new-age,Sad;Calm,studying;sleep,121.211,0.174,0.0866,0.0387,0.935,0.867,0.0402,0.109,-19.19,636146,25
2nIdwh499z1vWpzNy7IeGP,Night Must Fall - Remaster 2005,Hoodoo Gurus,Pop,power-pop,Energetic;Dark,workout;driving,151.433,0.524,0.845,0.233,0.0761,0.289,0.177,0.721,-7.585,346666,26
6zYHwIlDPraiG9UTg4y0oe,Eyes Closed And Traveling,Peter Broderick,Chill,ambient,Sad;Calm,studying;sleep,84.241,0.417,0.0939,0.0384,0.984,0.826,0.0402,0.0903,-20.98,219549,56
1PcANFoqnDsexSHXpWrn8Q,Adderall,Slipknot,Rock,metal,Dark,commute;driving,166.013,0.2,0.639,0.17,0.00623,0.0459,0.0365,0.125,-5.857,340400,69
7fec0UcxeHVe6kHIez2GSs,Orasaadha - Madras Gig,Vivek - Mervin,Pop,pop,Energetic;Motivated,workout;driving,159.906,0.587,0.776,0.606,0.141,0.0,0.0807,0.109,-4.892,235500,67
24YfxS060aKze1c2LosTxG,I Like A Sleighride (Jingle Bells),Peggy Lee,Jazz,jazz,Romantic,commute;cooking,122.912,0.758,0.451,0.737,0.75,0.0,0.0375,0.0503,-8.001,125613,0
4dZNbxsT9rYexAvpM3GHS8,So Lonely,LOUDNESS,Rock,heavy-metal,Chill,commute;cooking;driving,170.938,0.401,0.53,0.511,0.000218,0.000299,0.0281,0.115,-13.369,281186,36
21aOLk12MksET8AsbU0SI6,LO$ER=LO♡ER,TOMORROW X TOGETHER,Pop,k-pop,Happy;Energetic;Motivated,workout,124.997,0.644,0.867,0.687,0.001,0.0,0.0383,0.105,-4.18,199919,75
7eKlApdNdcu8e2GX4nItcO,都幾歲了 (電視劇【幸福一家人】片尾曲),Ella Chen,Pop,mandopop,Sad;Chill,commute,115.986,0.624,0.499,0.305,0.179,0.0,0.0276,0.17,-7.631,241891,38
2y1vWDpnMFSllPWJSraGb7,Station 13 - Version longue,Indochine,Pop,synth-pop,Dark,commute;driving,121.987,0.582,0.636,0.235,0.004,0.176,0.028,0.222,-9.045,486733,27
0iOlnzB8X94Ia2Qwe3G6u9,Diamonds Are A Girl's Best Friend,Julie London,Jazz,jazz,Calm;Romantic;Chill;Nostalgic,studying,171.829,0.477,0.306,0.608,0.822,0.0,0.0404,0.0993,-8.247,119733,0
1hLo35PYlVVE9FKHfmu41k,Deus de Promessas - Acústico,Pietri,R&B,gospel,Sad;Chill,commute,155.989,0.533,0.473,0.323,0.17,0.0,0.0253,0.11,-8.306,236720,38
2dBjh7rBHfTtKVIDY89g5G,Carolina (Ao Vivo),Seu Jorge,Latin,mpb,Energetic,workout,93.0,0.641,0.88,0.423,0.151,0.000761,0.0604,0.611,-6.401,358733,41
48Q9EdZWWXDlgXUXFNVNWI,Remembrance,George Winston,Chill,new-age,Sad;Calm,studying;sleep,68.344,0.457,0.0163,0.198,0.995,0.963,0.0489,0.135,-18.038,227717,20
3R7qNohsO7ucKyQDodJxFc,Can't Help Falling In Love - Live At Lake Las Vegas/2005,Andrea Bocelli,Classical,opera,Sad;Calm;Chill,studying;commute,97.381,0.461,0.399,0.168,0.813,0.0138,0.0244,0.911,-7.894,205182,51
0qvdnUqKlWB0HXjOPco8vg,Mujer Bruja,Lola Indigo;Mala Rodríguez,Latin,latin,Happy;Energetic;Motivated,party,105.964,0.773,0.917,0.763,0.0946,0.000106,0.0629,0.0885,-2.166,203773,0
7wYi5jb7kaQ4IEoSZP91Su,O Come All Ye Faithful - Remastered 1999,Nat King Cole,Jazz,jazz,Sad;Calm,studying;sleep,92.202,0.257,0.217,0.203,0.636,5.92e-06,0.0279,0.268,-11.745,141146,0
0zsA45R0SQPfqC5TyDOqY8,Neeyum Naanum Anbe,Hiphop Tamizha;Raghu Dixit;Sathyaprakash D.;Jithin Raj,Hip-Hop,hip-hop,Energetic,workout;driving,160.025,0.467,0.826,0.417,0.298,0.0,0.049,0.204,-3.885,285250,66
5T5SMcaDjnIMrso6Ohgsgj,真我的風采,Andy Lau,Pop,cantopop,Calm;Chill,commute,106.064,0.601,0.308,0.394,0.377,3.28e-05,0.0312,0.179,-16.537,268506,19
2f63NvfEJjBKm0L2rMSKa4,Star Mist,Tineidae,EDM,idm,Sad;Calm,studying;sleep,68.238,0.0602,0.251,0.0332,0.36,0.609,0.0479,0.17,-21.325,421450,15
2y5Fa3z9MzoKRyfZitRnMZ,Spleen Chakra,Llewellyn,Chill,new-age,Sad;Calm,studying;sleep,104.183,0.194,0.0751,0.0368,0.876,0.96,0.0414,0.788,-25.758,414093,22
557XkLz0als6r5jZMVMUsG,Paciencia,Augustín Magaldi,Latin,tango,Calm;Romantic;Chill;Nostalgic,studying;commute,88.276,0.564,0.354,0.577,0.932,0.0,0.0493,0.231,-3.258,171226,20
0YNBZKmzePAF350mY8QQ8M,旋木,Faye Wong,Pop,cantopop,Calm;Nostalgic,studying;sleep,121.874,0.635,0.179,0.566,0.91,0.0,0.0416,0.379,-18.415,253120,42
2m49DOqdk0n4ofCEovrydG,Ye Mantramo,Bobo Shashi,Hip-Hop,hip-hop,Dark,commute;cooking,89.99,0.764,0.652,0.417,0.103,0.000107,0.0896,0.129,-6.448,167889,56
3Yz7FdVZE1HA6G9L7vke5w,No Ufo's - D-Mix,Model 500,EDM,detroit-techno,Energetic;Motivated,workout;party,124.399,0.829,0.877,0.599,0.0999,0.038,0.152,0.321,-10.076,497042,7
3RNLEsQzHAfE0tDBr3rewH,Freakzone,Daniel Steinberg,EDM,minimal-techno,Happy;Energetic;Motivated,workout;studying;party,125.996,0.803,0.922,0.705,0.000811,0.479,0.0587,0.0392,-5.957,214273,18
7rojor07Wzc7w3zXOxex80,Halfway Gone,Lifehouse,Rock,grunge,Energetic,workout,125.017,0.543,0.919,0.498,0.000441,0.0,0.0415,0.238,-4.831,195306,56
3TKn9Pimpg49NboyPo0Hhl,Hard Knock Days,GENERATIONS from EXILE TRIBE,Pop,j-pop,Happy;Energetic;Motivated,workout,92.024,0.559,0.936,0.717,0.0139,0.0,0.0874,0.33,-3.749,272773,53
5x22JOErKHSdNHcqgeh3Aa,Pathologically Bored - Remix,Deru,EDM,idm,Sad;Calm,studying;sleep,81.641,0.123,0.216,0.031,0.986,0.954,0.0357,0.139,-16.622,298183,9
439rignaksYfsqi7V8YOld,Gratiot Avenue Piano,Terrence Parker,EDM,detroit-techno,Happy;Energetic;Motivated,workout;studying;party,124.0,0.802,0.879,0.962,0.000869,0.811,0.0687,0.0675,-5.117,399297,9
6995XAHtz5WmP1xVujJT2a,Punjab,Karunesh,Chill,new-age,Dark,commute;driving,93.014,0.602,0.722,0.469,0.0303,0.000208,0.0352,0.299,-10.363,432561,30
4cwkfuKdVARQzIqt6CrRp8,Call of the Wild,Pat Capocci,Rock,rockabilly,Happy;Energetic;Motivated,workout,122.999,0.68,0.878,0.831,0.294,0.000414,0.0405,0.108,-5.658,155720,22
6DY2S2c3PqkQyfEgUlXoPn,"Merging with Sword, Onto Them",Leviathan,Rock,black-metal,Energetic;Dark,workout;studying,159.977,0.0974,0.991,0.0294,0.00861,0.911,0.26,0.164,-5.243,658080,18
13wvTaBTX9qbnHe54YRjlu,Ou Some ou Soma,Kiko Chicabana,Latin,forro,Happy;Energetic;Motivated,party,99.958,0.754,0.882,0.733,0.467,5.18e-06,0.0451,0.159,-7.33,198922,40
5I3Xih0C2ID3fqngBrBbGv,"Bad Boy (From ""Saaho"")",Badshah;Neeti Mohan,Hip-Hop,hip-hop,Energetic;Motivated,party;driving,105.013,0.892,0.848,0.523,0.242,0.013,0.183,0.0992,-4.818,178496,61
4RQGig0Vhr4GXmqfklCCyK,Rapture (Armin Van Burren Remix Remastered - Made Radio Edit) [feat. Nadia Ali],iio;Nadia Ali,EDM,trance,Energetic;Dark,workout,128.584,0.541,0.931,0.148,0.326,0.129,0.0552,0.325,-9.687,189700,53
5z25VAUaZiG5uoGuoWwXDz,Polo Branca,Mc Kako;Mc Magal;MC Leozinho ZS;Dj GM;Oldilla;Mc Piedro;MC Vinny,R&B,funk,Happy,commute;cooking;driving,111.069,0.612,0.654,0.689,0.224,0.0,0.298,0.102,-4.932,429217,57
2vWscHr7yNiNXny2UR8pqd,Dead and Gone,Seon;Nep,Rock,emo,Dark,commute;driving,175.951,0.728,0.59,0.366,0.274,0.0299,0.325,0.242,-4.083,163636,37
6Q4foUefrAyCt8VxJFML56,Olha A Explosão,MC Kevinho,R&B,funk,Dark,commute;driving,90.008,0.778,0.635,0.379,0.107,0.0,0.112,0.0608,-2.892,162053,70
4QgsL3BOO0VvMAFhh2nZVU,先哭為敬,Joyce Cheng,Pop,cantopop,Dark,workout;commute;driving,146.041,0.495,0.733,0.273,0.131,0.0,0.0477,0.188,-4.863,250289,48
0oh4eleh8uupMQS6dZNigO,"Tosca / Act 3: ""E lucevan le stelle""",Giacomo Puccini;Luciano Pavarotti;National Philharmonic Orchestra;Nicola Rescigno,Classical,opera,Sad;Calm,studying;sleep,139.623,0.231,0.207,0.0673,0.978,0.0163,0.0407,0.0889,-16.318,180426,27
3JXaY7tPa8DbvJD9yAQkRB,El Dulcerito,Joe Quijano;Paquito Guzman,Latin,salsa,Happy,commute;party;cooking;driving,105.893,0.728,0.63,0.776,0.919,0.00161,0.199,0.0861,-6.423,170586,32
2j7MghhJ5Eu6FOyoMYH31U,Valeu a Pena Ser Fiel,Aurelina Dourado,R&B,gospel,Romantic,commute;cooking;driving,96.647,0.604,0.64,0.56,0.707,0.0,0.0316,0.135,-4.429,228623,40
59nOXPmaKlBfGMDeOVGrIK,WAIT FOR U (feat. Drake & Tems),Future;Drake;Tems,Hip-Hop,hip-hop,Dark,commute,83.389,0.463,0.642,0.339,0.314,0.0,0.34,0.0686,-4.474,189893,89
17skOaQMo12brYlPuytqjq,Meu Barquinho - Ao Vivo,Nani Azevedo,R&B,gospel,Sad;Chill,commute,64.01,0.296,0.468,0.0921,0.349,0.0,0.0299,0.868,-7.42,285546,39
2Iq6Tyb3llyf5bXYMotApc,igloo,Jean-Michel Blais,Chill,ambient,Sad;Calm;Chill,studying;commute,84.066,0.438,0.389,0.23,0.888,0.885,0.0403,0.106,-15.695,274946,23
1rxh0iojvTB24C6BpOdfC1,DREAMIN' ON,Da-iCE,Pop,j-pop,Energetic,workout,170.027,0.397,0.931,0.422,0.00918,0.0,0.113,0.146,-3.072,235373,60
676A9Z6QiBWPIJm0UB1w61,Don’t Leave Me,Kodak Black,Hip-Hop,hip-hop,Dark,commute;driving,159.81,0.765,0.613,0.254,0.0512,0.0,0.379,0.205,-7.276,156000,0
375vJOYx5CuSBDXLnT9r1v,"Turandot / Act 3: ""Nessun dorma!"" - Live",José Carreras;Plácido Domingo;Luciano Pavarotti;Orchestra Del Teatro Dell'Opera Di Roma;Orchestra del Maggio Musicale Fiorentino;Zubin Mehta,Classical,opera,Sad;Chill,commute,77.92,0.201,0.494,0.204,0.956,0.00709,0.0547,0.696,-10.568,210160,24
0zrpczV6BD4hopivjRyRHk,"Verdi: Aida, Act 1:"" Sì, corre voce che l'Etiope ardisca"" (Ramfis, Radamès)",Giuseppe Verdi;Riccardo Muti;New Philharmonia Orchestra,Classical,opera,Sad;Calm,studying;sleep,76.691,0.296,0.138,0.194,0.985,0.00519,0.0448,0.235,-24.527,95333,26
4Q3D7EnZNDNnIZsfjSbGkh,Pata Chalgea,Imran Khan,Hip-Hop,hip-hop,Dark,commute;cooking;driving,165.951,0.771,0.69,0.423,0.0267,5.09e-06,0.174,0.0647,-7.379,285173,64
5LoTAmnIDrCfLBopjo7zHG,Give Me Your Love,DJ Icey;Demerris;Isle Natividad,EDM,breakbeat,Happy;Energetic;Motivated,workout;studying;party;driving,129.992,0.735,0.834,0.92,0.0212,0.686,0.0449,0.122,-6.549,200413,16
4yfFraZrNnh2zJTok5fzq7,"""Hark! The Herald Angels Sing""",Felix Mendelssohn;Christopher Herrick;Simon Preston;The Choir Of Westminster Abbey,Classical,classical,Sad;Calm,studying;sleep,80.984,0.158,0.21,0.193,0.953,0.86,0.033,0.153,-16.398,141000,0
1nWB8isqs2tviWk20G5pow,Lie,BTS,Pop,k-pop,Energetic;Motivated,driving,94.069,0.541,0.779,0.501,0.00338,0.0,0.033,0.177,-5.581,215752,70
78tblPcz2otRZd1VOeU7zz,"Kanja Poovu Kannala (From ""Viruman"")",Yuvan Shankar Raja;Sid Sriram,Pop,k-pop,Happy,commute;party;cooking;driving,110.011,0.72,0.692,0.52,0.291,0.0,0.0894,0.177,-6.354,237558,74
2UhJCu5bn0FbrH7NBYSMUu,When They Come for Me,Linkin Park,Rock,grunge,Energetic,workout,92.002,0.542,0.939,0.414,0.00301,0.231,0.049,0.261,-4.246,293453,25
2MzlgCHg6QlImyLeT38B5A,"Christmas Is The Time To Say ""I Love You""",Billy Squier,Rock,hard-rock,Happy,commute;cooking;driving,104.315,0.505,0.687,0.72,0.234,0.0,0.0462,0.874,-11.207,174780,0
6EOpjNGn34eXLJASVcUksY,Wu Wei,De Moi,Chill,ambient,Sad;Calm,studying;sleep,68.836,0.218,0.0293,0.037,0.951,0.565,0.0425,0.228,-31.517,169382,61
7ItTtfj4WQHe4SKNM22QFT,SUVs (Black on Black),Jack Harlow;Pooh Shiesty,Hip-Hop,hip-hop,Dark,workout;commute;driving,163.191,0.813,0.706,0.44,0.139,0.0,0.425,0.0994,-4.569,157675,0
1YahyCiQ9cdvBify98PK9v,Único Plano / Você Não Me Ensinou a Te Esquecer (Buteco a Luz de Velas) - Ao Vivo,Joel Carlo,Latin,sertanejo,Dark,commute;cooking;driving,104.968,0.607,0.61,0.444,0.26,0.0,0.047,0.495,-4.729,196990,47
1qrAgbcxQpeaDv4ptgjl9e,Shinin',Tegi Pannu;Manni Sandhu,Hip-Hop,hip-hop,Happy,commute;party;cooking;driving,140.915,0.722,0.673,0.919,0.492,0.0,0.154,0.114,-4.613,195699,59
0hYiRSs5klBRTO4CPHJyQ8,"Piove (Ciao, ciao bambina) - 2015 Version",Il Volo,Classical,opera,Romantic;Chill;Nostalgic,commute;cooking;driving,129.975,0.536,0.581,0.506,0.434,1.28e-06,0.0314,0.0914,-6.289,213013,28
7Bj5sIMpuI5io0C6EO6BWr,Pumped Up,Klingande,EDM,deep-house,Motivated,workout;commute;party;driving,123.033,0.732,0.734,0.643,0.00719,1.49e-05,0.107,0.34,-6.423,177073,58
2YpjoEkXlkT5TBM2T7Hzkh,The Moment,Kenny G,Jazz,jazz,Sad;Calm;Chill,studying,181.174,0.265,0.31,0.194,0.64,0.00349,0.0359,0.185,-12.247,361466,53
33jIOBC0DaJNGzyLQxD41f,散步之年,my little airport,Pop,cantopop,Calm;Romantic;Chill;Nostalgic,studying,114.967,0.636,0.305,0.41,0.658,0.204,0.0392,0.0967,-15.369,198048,40
3zuzfS5hHgSTzTUW6bw6Z8,Waymaker (Español),Puchi Colon,Latin,salsa,Happy;Energetic;Motivated,workout,168.021,0.67,0.859,0.681,0.58,0.00117,0.0376,0.063,-4.447,393750,30
0reR3yfMTisKWQUnOmjxkN,Us,Shallou;ayokay,R&B,soul,Dark,commute;driving,119.983,0.633,0.605,0.128,0.329,0.0343,0.031,0.112,-9.248,182457,55
17mWqjqxQBMWkcnQ1tYm9r,Vos No,NAFTA,R&B,funk,Sad;Calm,commute,86.939,0.794,0.33,0.329,0.377,0.0813,0.0686,0.0772,-10.245,220752,47
5lrqstcg3Xk9D1lLGqSsal,Me Against Myself,Wage War,Rock,metalcore,Happy;Energetic;Motivated,workout,90.079,0.487,0.958,0.694,0.000179,0.0,0.152,0.111,-3.373,237346,57
1dnVwpKHlDyTM8TJCEAOg5,Bol Ke Lab Azaad Hain,Rashid Khan;Vidya Shah,Classical,classical,Sad;Chill,studying;commute,172.377,0.381,0.41,0.225,0.576,0.00655,0.0341,0.114,-9.075,296591,29
17ceMMcdT116boiwDzcEPm,Nobody Knows,Ludovico Einaudi,Chill,ambient,Sad;Calm,studying;sleep,66.695,0.313,0.00821,0.209,0.993,0.941,0.0504,0.107,-34.243,198088,56
0T8YkQPSPF2ezkyLKQripC,Criatura Igual ao Criador - Ao Vivo,André Valadão,R&B,gospel,Energetic;Dark,workout;driving,139.776,0.385,0.823,0.242,0.0745,0.0,0.0517,0.116,-4.81,341532,39
6GolUC84z0Sb6YQ6iAmi4S,Innocence,Mike Rowland,Chill,new-age,Sad;Calm,studying;sleep,81.09,0.16,0.0986,0.0394,0.936,0.79,0.0374,0.103,-20.052,388773,21
6rA31fX5V1f1FLzmj18ifB,Estrela da Manhã - Ao Vivo,Arianne,R&B,gospel,Sad;Calm,studying;sleep,127.652,0.592,0.296,0.278,0.809,0.00149,0.0302,0.663,-14.287,323909,37
3GqdU7BqLVpP7hBtlncv3n,One - Radio Edit,Swedish House Mafia,EDM,edm,Energetic;Motivated,workout;studying;party;driving,125.027,0.802,0.78,0.623,0.0075,0.824,0.0367,0.147,-6.564,169920,0
6DfrlQzCvanl3o2ckxc4Kw,Ireland's Call,Celtic Thunder,Classical,opera,Dark;Chill;Nostalgic,commute;driving,137.964,0.39,0.536,0.397,0.495,2.23e-05,0.0295,0.152,-6.663,204280,23
6AhSwDG0pSzIdKfn7WVpxd,Ojo Animal,Riff,Rock,heavy-metal,Sad;Chill,commute,131.99,0.449,0.45,0.0523,0.00417,0.0297,0.042,0.0858,-15.219,325706,21
1CYTfHtbkqBoKZoyoHkXtL,Homenagem Aos Relíquias 4.0,DJ Matt D;Menor MC;MC Kevin o Chris;Mc Marcela GC;Helamã MC;Mc negrone;MC Julio D.E.R.;Mc Lele JP;MC Leozinho ZS,R&B,funk,Calm,commute;cooking,129.874,0.786,0.472,0.648,0.191,0.0,0.337,0.197,-9.906,562000,44
5ZQbFoo3gdmB4mL5qr2R2e,Into Gestalt,Posthuman,EDM,idm,Dark,studying;commute;driving,127.998,0.8,0.598,0.151,0.000135,0.928,0.0519,0.106,-13.438,494026,10
4kb82H9MRkZ0EVsrVGV8Gb,El bajadero,Banda Real,Latin,salsa,Energetic;Motivated,workout,166.075,0.674,0.865,0.535,0.0447,0.00132,0.213,0.162,-4.563,579213,31
4uFAc7i5947nojMKPetMqs,Hymn,Sarah Brightman,Classical,opera,Sad;Chill,commute,137.416,0.285,0.48,0.0669,0.455,1.7e-05,0.0302,0.284,-8.668,267866,22
6wywJ7RutAY0JL7cMP7uFN,Mirándote,Rvfv,Latin,latino,Dark,commute;driving,106.447,0.689,0.739,0.473,0.236,0.000147,0.112,0.111,-5.566,135914,67
0QwFwpzR9Z9nwovd0P56KI,Barrio pobre,Nelly Omar,Latin,tango,Calm;Romantic;Chill;Nostalgic,studying;commute,119.763,0.608,0.389,0.541,0.933,4.28e-06,0.0445,0.0879,-7.756,205186,27
5eRnzDRxAbWxIRQnhF1pTj,Princess of the Possee,Queen Latifah,Chill,new-age,Calm,commute;cooking,81.472,0.867,0.48,0.9,0.254,0.0,0.35,0.0737,-12.132,234693,24
1qA5fKKy34e2nGMbaDk71q,"Pa, Pa, Pa - From ""The Magic Flute"" Soundtrack",Wolfgang Amadeus Mozart,Classical,classical,Calm;Nostalgic,studying;sleep,111.817,0.614,0.276,0.649,0.838,2.55e-06,0.0511,0.0921,-13.025,152033,35
6vf8u0HDG76wGO40bG4idv,"Let It Snow, Let It Snow, Let It Snow - Remastered",Dean Martin,Jazz,jazz,Calm,studying;sleep,133.436,0.446,0.214,0.741,0.885,1.46e-06,0.0326,0.052,-15.215,121026,0
3zIuHdD8dkh1vPxQu334T7,Blue Train,John Coltrane,Jazz,jazz,Calm;Nostalgic,studying;sleep,136.098,0.503,0.286,0.569,0.643,0.00112,0.045,0.156,-15.425,643127,59
2Z9VCMTQKwfryqtoSvOY22,Evening Gratitude,Deuter,Chill,new-age,Sad;Calm,studying;sleep,71.688,0.173,0.155,0.0816,0.967,0.93,0.04,0.0853,-14.692,455189,22
72c1iKsEgEcfJvsNkv02xF,Sol,Solar Fields,Chill,ambient,Sad;Calm;Chill,studying;commute,144.963,0.52,0.37,0.0375,0.0101,0.849,0.0292,0.0743,-15.211,511011,44
5edzZx7AiRFOUNZtyQJAGW,Nocturne in a Minor,Chad Lawson,Chill,new-age,Sad;Calm,studying;sleep,100.968,0.189,0.0343,0.0416,0.99,0.926,0.0414,0.0957,-27.421,362353,51
4NKJXB0qDlTtIFlpOMT7U2,Afterglow,Dinah Eastwood,Jazz,jazz,Calm,commute;cooking,119.991,0.859,0.489,0.544,0.127,0.0124,0.0414,0.143,-12.438,177500,0
5NlsrZPXqngRsoZHI6dzqg,Encrenca / Pós-Graduado - Ao Vivo,Dilsinho;Sorriso Maroto,Latin,pagode,Happy;Energetic;Motivated,workout,154.962,0.439,0.864,0.806,0.308,0.0,0.0638,0.93,-6.37,198360,42
7AgfismnOelCQaBAyRy5Pl,Uma Estrela,Desejo De Menina,Latin,forro,Romantic,commute;cooking;driving,157.675,0.419,0.607,0.422,0.647,1.69e-05,0.0435,0.146,-7.126,184816,42
37QXAPHFbWgan7oObtPYJ0,О'кей,Dimash Qudaibergen,Classical,opera,Dark,commute;driving,123.916,0.616,0.648,0.18,0.473,0.0311,0.09,0.0915,-10.457,197387,50
0v0GiHc39w4lAUn9jw0qf0,It's You - Mousse T.'s Discotronic Mix,FCL;Mousse T.,EDM,deep-house,Motivated,workout;commute;party;driving,123.003,0.807,0.732,0.547,0.0832,0.0619,0.0387,0.0623,-7.65,400393,28
1nOOfzRbAJfXAId7jXAdFU,離家出走,Janice Vidal,Pop,cantopop,Sad;Calm;Chill;Nostalgic,studying,136.928,0.63,0.328,0.3,0.833,0.0,0.0306,0.149,-7.812,248973,49
0CatzXH85XWyBqqdB6qPMB,Beatbox,NCT DREAM,Pop,k-pop,Happy,commute;party;cooking;driving,93.997,0.857,0.7,0.773,0.0411,0.0,0.074,0.0334,-4.189,205133,73
17LXchns4fdEdkf66S7max,Anatomic Circus,arai tasuku,EDM,idm,Dark;Chill,studying;commute;driving,109.866,0.226,0.599,0.313,0.15,0.951,0.0539,0.731,-4.37,78000,8
2wxSjPX7frBeeTaoqvhU10,小宇,Zhang Zhen Yue,Pop,mandopop,Calm;Nostalgic,studying;commute,90.035,0.747,0.373,0.353,0.715,0.000193,0.0286,0.108,-9.417,227554,48
1ptfEQq0GF3I9hknzdRL6r,"New Religion - Live at Oakland Coliseum, Oakland, CA, 14/04/1984; 2004 Remaster",Duran Duran,Pop,synth-pop,Energetic;Dark,workout,138.011,0.478,0.862,0.252,0.0167,0.0,0.107,0.341,-6.885,337200,25
11kDth1aKUEUMq9r1pqyds,5% TINT,Travis Scott,EDM,house,Sad,commute,140.0,0.712,0.481,0.062,0.173,0.0,0.0487,0.241,-5.415,196138,79
6j726iGVPshdVnmWOk2bKp,Origin of Sin,Chelsea Grin,Rock,death-metal,Energetic;Dark,workout,130.037,0.498,0.99,0.0977,0.000671,0.00136,0.104,0.106,-5.278,265890,51
7hShKJUcpk0bnUbzBQxVld,Nem me lembro mais,Detonautas Roque Clube,Latin,mpb,Energetic;Motivated,workout;driving,152.062,0.589,0.797,0.562,0.1,9.52e-06,0.0438,0.723,-8.213,212440,41
12afGworQ5MJaw8M8hBd9b,Yaar Beli,Guri,Hip-Hop,hip-hop,Energetic;Motivated,workout,166.884,0.612,0.853,0.566,0.00522,0.0,0.0704,0.422,-3.585,211796,58
3FrOEslRrmHa93zgMlhxd2,Mná Na hÉireann (Women Of Ireland),Celtic Woman,Classical,opera,Sad;Calm;Chill,studying,140.027,0.433,0.336,0.262,0.733,4.87e-05,0.029,0.14,-10.475,240106,21
4oMVO2Ykko5M6cU6yCAkNt,Me Hiciste un Borracho,Edwin Luna y La Trakalosa de Monterrey,R&B,r-n-b,Happy;Chill,commute;cooking;driving,169.853,0.547,0.577,0.776,0.49,0.0,0.037,0.0699,-1.172,199764,50
7wzNovIu5urOjulGX4VzFo,Boy Division,My Chemical Romance,Rock,emo,Energetic;Dark,workout,183.039,0.357,0.996,0.278,0.0012,0.0,0.103,0.35,-3.496,175453,63
2zQE8TE5BQDJA11ggnope9,These Days (feat. Bohemia),Sidhu Moose Wala;Bohemia,Hip-Hop,hip-hop,Happy;Motivated,workout;commute;party;driving,155.861,0.73,0.748,0.694,0.0936,0.0,0.152,0.282,-4.371,209230,70
5SAgi6ZXqpCWQADP8XyRDY,Aaina,AFKAP,Hip-Hop,hip-hop,Dark;Chill,commute;driving,129.303,0.578,0.556,0.116,0.726,0.0012,0.146,0.171,-7.919,180618,60
7EnSPleg0AXdNSYTXsosgU,User,Dale Howard,EDM,minimal-techno,Dark,workout;studying;commute;driving,128.001,0.803,0.727,0.345,0.000999,0.54,0.0875,0.144,-11.09,182000,18
2OoB6AHLHuLxhkNHrUH7lD,Dreams of You,Brennan Savage;Killstation,Rock,emo,Dark,workout;commute;driving,130.015,0.65,0.737,0.376,0.194,5.09e-06,0.0402,0.0949,-5.018,168000,59
2SKBwYW23iHoB7CrYSeyC9,Hold Me Tight,BTS,Pop,k-pop,Dark,workout;commute;driving,139.994,0.622,0.728,0.394,0.0511,0.0,0.286,0.171,-5.111,274991,65
3sTN90bIP2cJ1783ctHykO,Love$ick (feat. A$AP Rocky),Mura Masa;A$AP Rocky,R&B,soul,Happy;Energetic;Motivated,workout,88.753,0.625,0.763,0.721,0.147,0.0106,0.129,0.214,-4.997,192160,74
1kJL5ouqpWRitSej8fdTor,GOAT,Sidhu Moose Wala,Hip-Hop,hip-hop,Dark,workout;commute;party;driving,172.059,0.724,0.728,0.47,0.0459,5.84e-06,0.218,0.122,-4.146,214883,64
1to8N5c31zyFz0c3AahJs7,Comin' Home Baby,Mel Tormé,Jazz,jazz,Chill,commute;cooking,143.174,0.632,0.429,0.789,0.457,0.0,0.0657,0.228,-12.13,163106,0
5s5TLBSbM6AEeOIF2GqQcO,Is There Still Anything That Love Can Do? (English Version),RADWIMPS,Rock,emo,Sad;Chill,commute,141.341,0.412,0.418,0.265,0.269,0.0,0.034,0.102,-6.142,405520,39
102rhgJ5PEFt62e0PumSF2,Shadow,Syn Cole;Alida,EDM,deep-house,Motivated,workout;commute;party;driving,123.951,0.786,0.718,0.525,0.00519,0.000977,0.04,0.127,-6.292,166572,60
0TfxYd20qQvBHD0ZOV29mI,Growl,Solee,EDM,minimal-techno,Dark,studying;commute;driving,124.991,0.662,0.641,0.257,0.00017,0.887,0.044,0.0949,-7.833,407752,37
42HNWQGyzDlWLRFD9m8k1S,A Winter Romance,Dean Martin,Jazz,jazz,Sad;Calm,studying;sleep,81.644,0.301,0.0692,0.241,0.912,0.000549,0.0314,0.335,-20.117,179706,0
5n1HBXOeeKzEfdlEMJ6Tmm,Black White Felt,Roedelius;Arnold Kasar,Chill,ambient,Sad;Calm,studying;sleep,65.582,0.0643,0.0704,0.0674,0.654,0.767,0.039,0.0886,-24.653,241773,49
1tK29op2PjXpYyYdnWMqT5,Carnival of the Animals: The Swan,Camille Saint-Saëns;Isata Kanneh-Mason;Jeneba Kanneh-Mason;Sheku Kanneh-Mason,Classical,classical,Sad;Calm,studying;sleep,65.023,0.213,0.0656,0.0384,0.992,0.969,0.0467,0.0699,-24.81,150146,0
766RpymWuEfnrR9UNrqqFz,Apaixonada Errada - Ao Vivo,Netto & Henrique,Latin,sertanejo,Energetic;Motivated,workout,159.894,0.524,0.931,0.603,0.207,0.0,0.234,0.369,-2.583,158816,48
4BkTP4aE5K3SjKWilZ3MRn,Seher Vakti,Barış Manço,Rock,psych-rock,Happy,commute;cooking;driving,96.583,0.523,0.608,0.766,0.00948,0.0,0.0324,0.206,-7.785,156218,30
4DDGGoHqZN211AKLza71IN,İstersen Hiç Başlamasın - Yeni Türkü Zamansız,Gaye Su Akyol,Rock,j-rock,Calm;Chill;Nostalgic,studying;commute,136.203,0.34,0.385,0.395,0.53,0.000131,0.0418,0.0963,-11.191,184033,33
4Ihne9UM7pbwc9tDN2u5LX,Rejecting the Lies,Goretrade,Rock,death-metal,Energetic;Dark,workout,156.015,0.486,0.987,0.202,0.0261,0.0254,0.141,0.206,-5.992,210000,31
4KoNBTm9a55KgLMtEaf3n6,If You Could Only See,Tonic,Rock,grunge,Energetic;Motivated,workout,95.169,0.433,0.946,0.578,0.00264,0.0,0.0398,0.198,-5.138,261519,67
3N3g9jalEoBHX99tUszeQ7,Forever By Your Side,Awakend;Azuria Sky,EDM,dubstep,Energetic;Dark,driving,93.002,0.542,0.836,0.278,0.00905,0.00131,0.0438,0.139,-4.022,247741,35
2DXH3XH2W9Uy26xWOBZsnv,"8 Variations on ‘Dieu d'amour’ from ‘Les mariages samnites’ by Grétry in F, K.352: 3. Variation II",Wolfgang Amadeus Mozart;Danielle Laval,Classical,classical,Calm;Nostalgic,studying;sleep,106.661,0.323,0.124,0.619,0.993,0.884,0.0332,0.126,-21.196,75546,3
75lHbRGAZ30m8wjFIXFfMu,Keep Cool,Runaway Boys,Rock,rockabilly,Happy;Energetic;Motivated,workout;driving,112.772,0.686,0.832,0.841,0.143,0.0,0.0292,0.114,-7.589,195240,24
6FN0YpMMkDM3ziaH14MC9m,10 Anos,Isadora Pompeo,R&B,gospel,Sad;Dark;Chill;Nostalgic,commute;driving,148.009,0.687,0.543,0.318,0.505,0.04,0.281,0.207,-10.114,199338,40
1ySelcGSPG6LJENqs8DQcb,Kepler,Nobukazu Takemura,EDM,idm,Sad;Dark;Chill,studying;commute;driving,139.001,0.512,0.541,0.0357,0.909,0.903,0.0374,0.111,-16.636,822266,13
4QrP9gVlY2cXvdR5RG8nhV,April to Death,Flower Face,Chill,ambient,Sad;Calm;Chill,studying;commute,98.029,0.59,0.382,0.287,0.817,4.37e-05,0.0296,0.116,-11.039,232617,53
6jJM0mq63WrEvWxUgNQ1d3,"Les Boréades, RCT 31, Act IV, Scene 4: Entrée de Polymnie",Jean-Philippe Rameau;Ensemble Pygmalion;Raphael Pichon,Classical,opera,Sad;Calm,studying;sleep,77.404,0.0866,0.099,0.0384,0.945,0.747,0.0458,0.107,-20.264,332293,21
1JVgCVwTgdJ9MbDE0Ei5ee,Don't Cry For Me Argentina - Live,André Rieu;Mirusia Louwerse,Classical,opera,Sad;Calm,studying;sleep,66.653,0.146,0.279,0.0668,0.91,5.88e-05,0.0371,0.103,-9.804,349066,20
1xoQjCAP6a63tZXbsMziXk,Bombay to Punjab,Deep Jandu;DIVINE,Hip-Hop,hip-hop,Dark,workout;commute;driving,200.105,0.584,0.739,0.361,0.117,0.0,0.369,0.0534,-4.951,243297,60
61EyDcgpYujFLrvd60da0l,We Like To Wuki,Wuki;Vengaboys;Yo Majesty,EDM,electronic,Energetic;Dark,workout;studying,140.94,0.651,0.983,0.211,0.00519,0.566,0.0904,0.307,-3.201,161527,52
4SWyBaRWTeGM73G3BQeCuH,What Child Is This,Vince Guaraldi Trio,Jazz,jazz,Calm;Nostalgic,studying;sleep,86.555,0.346,0.202,0.508,0.968,0.922,0.0337,0.17,-19.605,141533,0
58HpsDKeYoLtNhXFQyQmz5,Move Along,The All-American Rejects,Rock,punk-rock,Energetic;Motivated,workout,109.86,0.526,0.92,0.615,0.000124,0.0,0.0472,0.371,-3.866,238880,61
2E1rgYpkQmjzt5u5HxifOI,Volta Logo,Esther Marcos,R&B,gospel,Sad;Calm;Chill,studying;commute,144.885,0.556,0.382,0.166,0.546,7.68e-05,0.0276,0.0919,-9.261,278186,41
0TYsZbl0ryJSUvyQeeLBRG,Aj Kal Ve,Sidhu Moose Wala,Hip-Hop,hip-hop,Happy,commute;cooking,80.004,0.761,0.532,0.932,0.739,2.33e-06,0.0735,0.306,-10.179,203720,58
6E1KnpwyuDHBCfJdRxVgh1,Mega Mix,Adolescent's Orquesta,Latin,salsa,Happy;Energetic;Motivated,driving,102.052,0.542,0.837,0.915,0.513,5.52e-05,0.0479,0.668,-5.225,727614,34
58ynJq9eLLDChA3GNFJcDL,Channa Ve,Akhil Sachdeva;Mansheel Gujral,Pop,pop,Happy,commute;cooking;driving,94.945,0.676,0.696,0.606,0.666,0.0,0.0452,0.0931,-6.68,211578,75
5jo7iW8CAGWWTrImvn8Ynh,深秋的祝褔,Wu Bai,Pop,mandopop,Sad;Chill;Nostalgic,studying;commute,80.754,0.556,0.448,0.338,0.884,0.276,0.0314,0.126,-9.131,297746,0
6MgM415sTN6TUh3B3YlWCW,Nail Tech,Jack Harlow,Hip-Hop,hip-hop,Dark;Chill,commute;driving,150.149,0.647,0.581,0.113,0.0029,7.76e-06,0.0884,0.119,-7.678,206385,1
1NJhygWbNH29nhIjVU6dKg,Holle Holle,Nil Sagar;AMRITA NAYAK,Latin,samba,Happy;Energetic;Motivated,workout,123.997,0.592,0.944,0.764,0.275,3.93e-06,0.0897,0.353,-1.152,341266,34
1f5ywn28N8Ji8kwFSwK6lz,Fully Chop Chop,Takeova,EDM,j-dance,Dark,commute;cooking;driving,110.043,0.848,0.605,0.437,0.0427,3.76e-06,0.176,0.162,-6.253,142219,19
42SGnHloMGNJB4zGBPPs5Z,"Six German Dances, K.567: No. 2 in E Flat Major",Wolfgang Amadeus Mozart;Wiener Mozart Ensemble;Willi Boskovsky,Classical,classical,Calm,studying;sleep,86.199,0.37,0.194,0.674,0.955,0.91,0.033,0.337,-16.954,88960,10
1W1dS4VnIrYnllQJ3CAcZy,So High,Sidhu Moose Wala,Hip-Hop,hip-hop,Energetic,workout;driving,180.002,0.538,0.763,0.484,0.0152,0.0,0.205,0.109,-6.346,218666,72
65KDWPvhKsspH6hX6GLFi9,Double Gin,The 20 Belows,Pop,power-pop,Happy;Energetic;Motivated,workout,151.936,0.4,0.988,0.653,0.0385,0.0,0.114,0.781,-4.078,144822,28
4uAhBWOgpsKsX5eEmUcL2i,Pra Quem Desacreditava - Ao Vivo,US Agroboy,Latin,sertanejo,Energetic;Motivated,workout,129.522,0.68,0.86,0.603,0.645,0.0,0.183,0.337,-4.674,161141,48
27NRZUFwO8J17mAgjtJDrB,"愛不疚 - (劇集 ""溏心風暴之家好月圓"" 片尾曲)",Raymond Lam,Pop,cantopop,Sad;Dark;Chill;Nostalgic,commute;driving,140.029,0.569,0.526,0.348,0.563,0.0,0.0375,0.156,-9.621,231920,45
1c9hq0RFTVmhZS3ju7bBun,Coldplay,Lizzo,Hip-Hop,hip-hop,Happy;Energetic;Motivated,workout;driving,156.954,0.637,0.807,0.774,0.133,3.89e-06,0.0411,0.249,-5.193,175497,3
63ZSow0dnUhOr175IbNZa2,"Die Walküre, WWV 86B - Concert version / Dritter Aufzug: The Ride of the Valkyries",Richard Wagner;Wiener Philharmoniker;Sir Georg Solti,Classical,opera,Sad;Calm;Chill,studying;commute,91.187,0.235,0.365,0.126,0.927,0.907,0.0356,0.17,-13.863,183666,49
4xPYK4xPv7jM1jCfATI8zk,Aline - Ao Vivo,Gian & Giovani,Latin,sertanejo,Dark;Chill,commute;driving,174.131,0.367,0.571,0.273,0.357,0.0,0.0357,0.903,-5.688,214831,48
1lOhnZV1VVicEMHDEsUXVQ,"Minuet in F, K.1d",Wolfgang Amadeus Mozart;Erik Smith,Classical,classical,Calm,studying;sleep,103.495,0.478,0.185,0.941,0.693,0.907,0.037,0.0665,-16.501,79360,3
12AJRjW79qbZktCDpMifs5,Flaca,Andrés Calamaro;Alejandro Sanz,Rock,alt-rock,Calm,commute;cooking,105.029,0.739,0.48,0.758,0.718,0.00292,0.0263,0.0768,-10.82,226858,0
3gZCsSSOpXavGUewX0Cwsm,Esa Mujer,Oscar D'León,Latin,salsa,Happy;Energetic;Motivated,workout;party,110.137,0.819,0.908,0.913,0.27,0.002,0.0634,0.364,-6.35,241800,30
5nd7Cc6wi3VS3fFsId1mRc,Quanto Tempo Faz,Thiaguinho;Sorriso Maroto,Latin,pagode,Happy,commute;cooking;driving,140.05,0.637,0.689,0.537,0.644,0.0,0.0516,0.146,-5.766,223601,41
4uJUo3pUBPrQwIcEV4sdGt,Caravana - Ao Vivo,Alceu Valença;Elba Ramalho;Geraldo Azevedo,Latin,mpb,Romantic;Chill;Nostalgic,commute;cooking;driving,133.917,0.531,0.561,0.52,0.676,0.0,0.0383,0.489,-7.455,265746,42
34tJeSFXLDRwdtBSPW9nFl,Oye Gato,Los Benders,Rock,rockabilly,Happy;Motivated,workout;commute;driving,119.281,0.537,0.71,0.694,0.0275,0.000592,0.0343,0.234,-6.308,342986,36
5hyJ1GbE8vZL1BGKE1MSPJ,Merdu Untukmu - Outro,Tulus,Jazz,jazz,Calm,studying;sleep,85.258,0.629,0.124,0.796,0.812,4.83e-06,0.0366,0.102,-22.22,62093,38
4EYYw8IZfhtZz5H2VrQdXU,Work.Groove - Chezz Cosmic Groove Remix,Mark Farina;Homero Espinosa;Chezz,EDM,chicago-house,Dark,studying;commute;driving,117.027,0.788,0.654,0.388,0.0306,0.864,0.0711,0.0957,-8.837,367381,19
4zT3n5isH5JpdnUYEEiIbC,O Que Me Cabe - Acústico,Illy;Adriana Calcanhotto,Latin,mpb,Calm;Nostalgic,studying;sleep,94.033,0.709,0.217,0.413,0.748,5.32e-06,0.0303,0.159,-15.576,173049,46
21GXTV2KRrWSeKgDN8nlJh,El Fantasma,Árbol,Rock,punk-rock,Happy,commute;cooking;driving,139.065,0.62,0.609,0.621,0.201,0.0,0.0291,0.0625,-4.779,237800,0
5NbnyEzg1Jiq5SnN39jtIm,"River Dawn, Part 4",Catherine Marie Charlton,Chill,new-age,Calm;Nostalgic,studying;sleep,78.264,0.301,0.0302,0.468,0.994,0.911,0.0354,0.139,-31.426,355586,22
5caXGav3sqgWv6UWbOyxzr,Laura Va,Amelita Baltar;Luis Alberto Spinetta,Latin,tango,Sad;Calm,studying;sleep,78.688,0.374,0.183,0.101,0.583,5.79e-06,0.0704,0.115,-14.959,195704,18
05REArTDZQd59A9Y4XC0Aq,Maine Khud Ko,Mustafa Zahid,Hip-Hop,hip-hop,Romantic;Chill;Nostalgic,commute;cooking;driving,102.975,0.648,0.52,0.492,0.674,0.00129,0.0249,0.0821,-8.543,329072,58
15j3I4kgbwqEMIXh3bHGLI,Dream Machine - JT Donaldson Mix,Mark Farina;JT Donaldson,EDM,chicago-house,Happy;Energetic;Motivated,workout;studying;party,125.019,0.81,0.912,0.814,9.83e-05,0.838,0.054,0.0924,-6.534,437271,9
4tOREdQQk5unR9QMdyvwM7,Tahdotko Mut Tosiaan,Popeda,Rock,hard-rock,Energetic;Motivated,driving,93.037,0.384,0.849,0.522,0.00301,2.92e-06,0.0374,0.328,-5.502,220560,34
2U23anbtk7V1UpCSFXzFAm,Wait There,Yiruma,Chill,new-age,Sad;Calm,studying;sleep,138.303,0.49,0.15,0.212,0.989,0.931,0.0523,0.0749,-19.021,246426,45
0u9Qzq28dKJ5evkPWGqSef,O Mover do Espírito,Armando Filho,R&B,gospel,Happy;Romantic;Chill,commute;cooking;driving,136.422,0.607,0.546,0.69,0.809,0.0,0.0618,0.251,-10.374,215200,42
4iQBVLsc2PEkoq1B99jTPw,Septem Peccata Mortalia,Kvaen;Pierre Törnkvist,Rock,black-metal,Energetic;Dark,studying;driving,100.033,0.39,0.847,0.349,0.00331,0.981,0.0497,0.271,-7.669,254095,17
1IlvBgyZJobnH0R0Vp7LBZ,El día que me quieras,Plácido Domingo;Paloma San Basilio,Classical,opera,Dark;Chill,commute;driving,110.295,0.272,0.597,0.121,0.551,0.0035,0.0479,0.24,-5.048,270293,20
5k0zYYlBVSD0P2YudfaMfd,Shadow Me,Hoodoo Gurus,Pop,power-pop,Energetic;Motivated,workout;driving,170.751,0.313,0.818,0.552,0.112,0.232,0.0453,0.0662,-4.671,220453,21
13SCCInc8juRiBgAH2309G,"'Zat You, Santa Claus? - Single Version",Louis Armstrong;The Commanders,Jazz,jazz,Happy;Romantic;Chill,commute;cooking;driving,122.097,0.683,0.514,0.654,0.325,0.0,0.252,0.161,-9.168,169092,1
6sM30rbZYMZSwsct7qIwv6,Minha Luta,Oficina G3,R&B,gospel,Dark,commute;driving,124.975,0.562,0.619,0.171,0.00343,0.000325,0.0303,0.0792,-5.718,256812,38
0jbu6LxMN2wt5B5i1hNcIX,"Sonata for Piano 4 Hands in G Major, K. 357: II. Andante",Wolfgang Amadeus Mozart;Ingrid Haebler;Ludwig Hoffmann,Classical,classical,Sad;Calm;Nostalgic,studying;sleep,76.017,0.443,0.0454,0.312,0.993,0.941,0.0446,0.0608,-26.066,383426,1
3C1ITH31MUi73j4yJFK6l2,Rom-Com,Seinabo Sey;Hannes,R&B,soul,Romantic;Chill;Nostalgic,commute;cooking;driving,93.954,0.577,0.584,0.61,0.672,0.000271,0.0835,0.253,-8.583,200436,0
0Cxj14HnIXdOfBKrO8m2m0,Zika Sai Pra Lá,MC Kapela,R&B,funk,Happy,commute;cooking;driving,90.023,0.778,0.565,0.847,0.335,0.0,0.0855,0.0888,-7.942,218331,43
1COJdoqBNXXwEOkrO55517,Clima Diferente,Hyperanhas,R&B,funk,Happy,commute;party;cooking;driving,120.035,0.746,0.601,0.783,0.102,0.0,0.04,0.259,-6.674,210000,49
7xfSCgVOkQJhVxnqzepATH,"Moonlight Sonata (First Movement from Piano Sonata No. 14, Op. 27 No. 2)",Ludwig van Beethoven;Luke Woodapple,Classical,classical,Sad;Calm;Nostalgic,studying;sleep,178.876,0.216,0.199,0.339,0.991,0.916,0.044,0.095,-20.583,294883,59
5XJ1J9QPxaOzdpkGxKU4lA,Heart Of Glass [24-Bit Digitally Remastered 01],Blondie,Pop,power-pop,Happy,commute;cooking;driving,115.007,0.662,0.633,0.657,0.0078,0.0233,0.0433,0.0689,-7.793,350240,55
6FxSpRHClFxqVn8y4i0yk6,Everything For Christmas,The Temptations,R&B,funk,Sad;Chill,studying;commute,160.044,0.417,0.445,0.233,0.534,1.02e-06,0.0355,0.103,-11.347,255200,0
6eQTeIdkBX13Vk8o0op375,"7 Variations on ""Willem van Nassau"" in D, K.25: 8. Variation VII",Wolfgang Amadeus Mozart;Danielle Laval,Classical,classical,Calm;Nostalgic,studying;sleep,65.957,0.342,0.175,0.501,0.975,0.944,0.0472,0.112,-22.993,52202,20
3k9PtGmPNnQtt32TKWm6f3,Basti Ka Hasti,MC STAN,Hip-Hop,hip-hop,Dark,commute;cooking;driving,139.594,0.726,0.624,0.421,0.156,0.0,0.382,0.601,-7.741,195428,67
4XII12nbsvJblXfG1I2QR4,About Love - From The Netflix Film “To All The Boys: P.S. I Still Love You”,MARINA,Rock,alternative,Energetic;Dark,driving,97.025,0.636,0.758,0.281,0.331,1.01e-05,0.0427,0.16,-5.567,214106,59
6Zz2xJe6SY7jPCjWkV0efO,Fell Out Of Love,A.M.R;Brandon Mignacca,EDM,electronic,Dark,studying;commute;driving,116.023,0.542,0.601,0.108,0.291,0.889,0.0384,0.158,-14.681,236312,49
02bERDuJxtWLvIApFJn5Ba,Bolava Vitthal Pahava Vitthal,Jayateerth Mevundi,Classical,classical,Dark,commute,89.019,0.258,0.637,0.202,0.274,0.0,0.0323,0.111,-4.853,592013,30
6VTqsood8U4PU4l8vIkcB8,願い feat.YU-A <acoustic ver.>,Dohzi-T,Pop,j-pop,Romantic,commute;cooking;driving,168.735,0.607,0.613,0.587,0.727,0.0,0.0852,0.332,-6.69,325933,35
42TMa2hgBNjte4uV7jNCnQ,Baller,Shubh;Ikky,Hip-Hop,hip-hop,Happy;Motivated,workout;commute;party;driving,180.219,0.711,0.702,0.674,0.00487,0.0163,0.233,0.0932,-10.048,148188,82
61fJbKeTzsoKwSgYEFjmsY,Deserto,Os Arrais,R&B,gospel,Sad;Calm,studying;sleep,73.662,0.446,0.221,0.24,0.719,0.0458,0.0299,0.116,-17.759,302653,39
69jMyEbK0YL1LLbgBhBdB6,"Piano Concerto No. 3 in D major, K. 40: 2a. Andante - Pt. 1",Wolfgang Amadeus Mozart;Yvonne Loriod;Orchestre Du Domaine Musical;Pierre Boulez,Classical,classical,Sad;Calm,studying;sleep,80.254,0.299,0.145,0.279,0.911,0.779,0.0345,0.18,-17.338,42840,25
33LJXFLqeifw9YxsVoeOgM,對的時間點,JJ Lin,Pop,mandopop,Sad;Chill,commute,82.344,0.394,0.493,0.238,0.65,0.0,0.0307,0.0857,-7.23,242613,53
32DCSsnAxX8jpmu9w6C8DW,We Dance - Live,Bethel Music;Steffany Gretzinger,Chill,ambient,Calm;Nostalgic,studying;sleep,75.891,0.302,0.274,0.379,0.947,2.28e-06,0.0353,0.105,-10.26,281506,50
277W2yqvfcnREkFVEEwGh5,I Will Wait for You,Deuter,Chill,new-age,Sad;Calm,studying;sleep,73.21,0.283,0.271,0.0743,0.936,0.991,0.0414,0.0908,-13.97,240248,21
5kwzu3au61v3RXIcEJlNEM,Wandering,Tony O'Connor,Chill,new-age,Sad;Calm,studying;sleep,109.999,0.476,0.0547,0.0539,0.979,0.835,0.0345,0.267,-25.55,543600,25
1QsxNLziTIymPdLW0JPHQG,Dark Horse - Live Version,Eelke Kleijn,EDM,progressive-house,Energetic;Dark,workout;studying,118.997,0.736,0.872,0.281,2.97e-05,0.915,0.0535,0.126,-4.671,447534,1
4RaRa1BcDpF3THZhcgOPDS,Lo Más Interesante,El Bebeto,R&B,r-n-b,Happy,commute;party;cooking;driving,134.929,0.715,0.601,0.796,0.538,5.01e-06,0.0327,0.167,-3.413,226360,0
5nVrrh7PIybgCb7SoM5IZB,醜人多作怪 (《新斗羅大陸》手遊半週年主題曲),告五人,Pop,mandopop,Energetic,driving,90.026,0.595,0.753,0.466,0.174,0.0,0.0393,0.159,-4.677,257471,50
7IabOF0F1Cx4eWe7FjdpzN,Under the Sun,Fini;Francis Skyes,EDM,deep-house,Dark,commute;driving,119.975,0.702,0.61,0.332,0.533,0.000631,0.0368,0.379,-10.075,234106,62
4Z5DWGi4WunVByN0WD0nyp,"Piano Sonata No. 11 in A Major, K. 331: 1b. Variation 2",Wolfgang Amadeus Mozart;Alicia de Larrocha,Classical,classical,Calm,studying;sleep,140.358,0.555,0.035,0.797,0.995,0.934,0.034,0.135,-25.875,69080,12
4xkQxDPC6RBV1Yfx6vkLsO,Muévelo,Los Piojos,Rock,alt-rock,Happy;Energetic;Motivated,workout;driving,139.602,0.616,0.838,0.926,0.0776,2.95e-05,0.0423,0.365,-5.274,261133,49
6ssqfhhoK0uLambmUXMbIA,Diss Is Nice,Die Atzen,EDM,techno,Happy;Energetic;Motivated,workout;party;driving,124.006,0.856,0.807,0.762,0.00236,0.000192,0.0774,0.069,-3.296,162533,26
0Vj91xykv1vhkPR0D2Np8W,Elaine,Ad Dios,Chill,new-age,Sad;Calm,studying;sleep,88.073,0.369,0.0803,0.0911,0.993,0.96,0.0351,0.133,-22.113,220666,21
1d9X7FrdgF1QBiBZR4dmiJ,Hoje é Farra,Zé Vaqueiro,Latin,forro,Happy;Energetic;Motivated,workout;party,156.009,0.74,0.953,0.949,0.408,0.015,0.0515,0.209,-2.747,151578,46
6oORGABaHm2fDLgp0DcIUw,Warphole,Frontliner,EDM,hardstyle,Energetic;Dark,workout;driving,149.98,0.684,0.828,0.0803,0.0583,0.223,0.186,0.564,-7.709,379214,20
6lpbzOMBOYHRsp6WEMvRvn,"Jolly O Gymkhana (From ""Beast"")",Thalapathy Vijay;Anirudh Ravichander,Pop,pop,Happy,commute;cooking;driving,185.931,0.652,0.653,0.776,0.0358,0.0,0.213,0.081,-10.263,208064,68
08Bi0KpTp0sBu0Oj2CQcSW,De História em História,MC Hariel,R&B,funk,Dark,commute;driving,115.029,0.91,0.673,0.363,0.451,0.0,0.383,0.123,-5.825,127826,45
63WCEt2C8EUDUvQlCLpHkz,除不盡的傷悲 - 電視劇《我是顧家男》片尾曲,Bii,Pop,mandopop,Dark,workout;commute;driving,171.826,0.424,0.725,0.339,0.136,0.0,0.0539,0.164,-6.29,281413,22
3Bo6gBBplVAl6knwfKu8jy,Who's Laughing Now - KOLIDESCOPES Remix,Ava Max;KOLIDESCOPES,EDM,dance,Energetic;Dark,workout;driving,119.984,0.726,0.823,0.372,0.105,0.00822,0.302,0.0571,-6.872,200405,0
25zykbJGBYXYjnq5VyhO3N,Ambre,Nils Frahm,Chill,ambient,Sad;Calm;Nostalgic,studying;sleep,145.833,0.409,0.0523,0.344,0.993,0.943,0.0343,0.117,-25.613,227184,56
2gKffHSIa7Rz4gqo7O5dDU,A Tale from the Parallel Universe,Jeff Mills,EDM,detroit-techno,Energetic;Motivated,workout;studying,122.813,0.559,0.971,0.547,2.88e-05,0.667,0.039,0.0609,-7.106,288471,8
1z1VXBSMZzbQF4pvJwDjga,Meu Universo - Acústico,PG;Nívea Soares,R&B,gospel,Romantic;Chill;Nostalgic,studying;commute;cooking,131.966,0.559,0.403,0.497,0.586,0.0,0.026,0.0961,-8.107,267960,38
6BSPfADBMriOIJmiNnc6mC,WARDOGZ,GRAVEDGR;City Morgue,EDM,electronic,Energetic;Motivated,workout,150.186,0.619,0.899,0.507,0.0689,0.0,0.397,0.106,-3.914,154616,55
789vJ50Pr8lc4PzbzNL4E8,Agora Cuido Eu - Ao Vivo,Suel,Latin,pagode,Romantic;Chill;Nostalgic,commute;cooking;driving,147.923,0.551,0.573,0.47,0.642,0.0,0.034,0.364,-7.073,172085,54
7h565rXnF2OD1S8P3tMO05,Charlemos,Ignacio Corsini,Latin,tango,Romantic;Chill,studying;commute;cooking,122.455,0.678,0.411,0.742,0.871,6.04e-06,0.0678,0.117,-6.643,140066,20
32qynHNv0I3dznHnsNbgcN,The Sun,B-Tribe,Chill,new-age,Sad;Calm,studying;sleep,116.484,0.427,0.219,0.038,0.841,0.915,0.0315,0.263,-17.783,185440,48
646ekuSJ0o56hmG8gWjSUh,Are You Gonna Be My Girl,Jet,Rock,alt-rock,Energetic;Motivated,workout,105.267,0.598,0.95,0.577,0.00167,0.000388,0.0848,0.154,-3.358,215000,1
4cacyP5c3PMlfnyjpg13xW,Betty (Get Money),Yung Gravy,Hip-Hop,hip-hop,Energetic;Motivated,party;driving,102.004,0.723,0.772,0.58,0.00524,1.15e-05,0.0792,0.367,-6.784,146470,87
7qmvLmX9tyaTiBAVNI6YEn,PLAYING WITH FIRE,BLACKPINK,Pop,k-pop,Happy;Energetic;Motivated,party;driving,97.098,0.706,0.756,0.676,0.0392,0.0,0.0845,0.18,-4.405,197288,75
4Tb3QKmIVOdLYHrN2oQz4h,Something's Gotta Give - Single Version,Sammy Davis Jr.,Jazz,jazz,Calm;Romantic;Chill;Nostalgic,studying,138.656,0.558,0.341,0.638,0.727,0.0,0.0452,0.0601,-8.722,125960,0
4W6fxo1IseS922tCGMNhga,Volta por Cima - Ao Vivo,Beth Carvalho,Latin,mpb,Happy,commute;cooking;driving,92.425,0.526,0.642,0.785,0.384,0.0,0.0682,0.955,-12.189,156466,44
2LvtkR0gz5SJ8Tz4hV6z35,I Won't Let You Go (Live),Lollypop Lorry,Jazz,jazz,Happy;Chill,commute;cooking;driving,126.076,0.697,0.509,0.902,0.107,1.42e-05,0.0344,0.0471,-6.0,122334,42
5DH5tySDeyRfdDKPuIIRfE,I Believe in Father Christmas,Elaine Paige,Classical,opera,Sad;Calm,sleep,112.503,0.61,0.182,0.207,0.395,7.18e-06,0.0322,0.0774,-19.318,210466,0
7x56g3SKfKeE4XRg9MsTyi,"Verdi: La traviata, Act 1: ""Un dì felice"" (Alfredo, Violetta, Gastone)",Giuseppe Verdi;Carlo Rizzi;Edita Gruberova;London Symphony Orchestra;Neil Shicoff,Classical,opera,Sad;Calm,studying;sleep,95.073,0.324,0.149,0.154,0.976,1.33e-05,0.051,0.136,-18.318,189239,25
4NdEtaQSrdQ5uYmQi9SM3O,Papillon - Replayed Version,Yiruma,Chill,new-age,Sad;Calm,studying;sleep,89.826,0.404,0.0252,0.186,0.996,0.906,0.0494,0.0857,-24.888,190000,44
29lZKytTb56zzAwryJ3X38,"Love Theme (from ""Romeo and Juliet"")",André Rieu,Classical,opera,Sad;Calm,studying;sleep,75.826,0.236,0.224,0.0767,0.835,0.843,0.0378,0.232,-13.578,224000,55
3kpYJjvM8Ja6btr5hEJLWc,Venom - Music From The Motion Picture,Eminem,Hip-Hop,hip-hop,Energetic,workout;party;driving,135.954,0.75,0.789,0.467,0.0148,0.0,0.0647,0.501,-5.058,269573,74
6bZxiol0nxTfofgGJDtY6g,祝君好,Chilam,Pop,cantopop,Sad;Dark;Chill,commute;driving,134.732,0.379,0.514,0.139,0.429,3.15e-05,0.0334,0.232,-6.808,255000,49
2m2GJpBjQNNphaCgBeoj7R,Fracture,Stephan Moccio,Chill,ambient,Sad;Calm,studying;sleep,85.297,0.324,0.0186,0.126,0.99,0.934,0.0476,0.105,-28.248,207640,69
68tVrfQ1gWhau7U6WTVdhL,"Die Csárdásfürstin · Operette in 3 Akten (1988 Digital Remaster), Dritter Akt: Tausend kleine Engel singen (Sylva - Stasi - Edwin - Boni)",Emmerich Kálmán;Anneliese Rothenberger;Willy Mattes;Symphonieorchester Graunke,Classical,opera,Sad;Calm,studying;sleep,80.074,0.2,0.232,0.278,0.958,0.000392,0.0331,0.537,-13.084,66600,21
1yLPkvFr5p6hSGkpxB3Ufx,Para E Pensa,MC Paulin da Capital;Mumuzinho;MDB,R&B,funk,Happy;Energetic;Motivated,workout;driving,133.634,0.648,0.811,0.704,0.25,0.0,0.31,0.155,-7.369,145654,46
7d5ufSYehroRIgCXxJvcTM,"Chura Ke Dil Mera - From ""Hungama 2""",Benny Dayal;Anmol Malik;Anu Malik,Hip-Hop,hip-hop,Happy;Energetic;Motivated,workout;party,126.005,0.737,0.857,0.817,0.0588,1.17e-05,0.0451,0.281,-5.806,285773,59
6GenSQjsQHvJ6ZhwzxJhhL,Castelo Triste,Facção Central,R&B,r-n-b,Romantic,commute;party;cooking;driving,135.921,0.747,0.624,0.648,0.304,0.0,0.34,0.155,-4.72,365388,42
75B4aRb2mpubbZNG6YMeur,Aurora - Mixed,alva noto;Ryuichi Sakamoto,EDM,idm,Sad;Calm,studying;sleep,119.95,0.507,0.0454,0.0757,0.857,0.955,0.0576,0.109,-28.97,302050,13
6zTO2fJwrZAYZGGi1DjD3g,A Doida (Ao Vivo),Seu Jorge,Latin,mpb,Happy;Energetic;Motivated,workout,107.97,0.697,0.961,0.853,0.262,0.000309,0.0383,0.332,-5.473,179093,46
6RqEGiKjOqFTge6YrCKcqX,As Long as You Love Me,Sleeping At Last,Chill,ambient,Calm;Nostalgic,studying;sleep,141.905,0.419,0.128,0.362,0.966,0.0,0.0519,0.134,-12.481,209584,48
1DwVWibPBDTBNLCuzV4QlU,Me Faz Feliz - Ao Vivo,Jeito Moleque,Latin,pagode,Energetic;Motivated,driving,103.71,0.604,0.842,0.504,0.149,0.0,0.0472,0.568,-8.481,175280,54
3R5mzz3gNXoyFtnMU6EPje,"Piano Sonata No. 16 in C Major, K. 545 ""Facile"": II. Andante",Wolfgang Amadeus Mozart;Giuseppe Greco,Classical,classical,Sad;Calm;Nostalgic,studying;sleep,127.261,0.347,0.0223,0.348,0.993,0.918,0.0445,0.116,-32.493,327930,7
2IeG0rG6pJPhezlazwtv7o,Triumph,Hairitage,EDM,dubstep,Energetic;Dark,workout,145.005,0.673,0.969,0.248,0.0125,0.00493,0.129,0.261,-0.362,158896,29
06zrgWaxQ22ctdS6cZRV4T,Thousandfold,Eluveitie,Rock,death-metal,Energetic;Dark,workout,124.994,0.521,0.988,0.389,0.0637,0.0858,0.0756,0.166,-2.776,200240,50
6i81qFkru6Kj1IEsB7KNp2,Just Breathe,Pearl Jam,Rock,grunge,Sad;Calm;Chill,studying,107.819,0.473,0.348,0.283,0.721,7.42e-05,0.0288,0.0823,-11.1,215853,69
35v9un9C2QUR1kq1MtqGMq,Sitaare,Nikhil D'Souza,Pop,indie-pop,Sad;Calm,studying;sleep,121.91,0.651,0.274,0.221,0.699,3.12e-05,0.0314,0.12,-9.683,236393,38
4V615N3up8IAadSTyxTyZZ,Mírame,Adolescent's Orquesta,Latin,salsa,Happy,commute;cooking;driving,97.477,0.666,0.657,0.884,0.809,2.44e-05,0.0366,0.202,-8.508,246308,36
0VXJD6Gf5pUmEvMdvgcuBM,Coffee Time,Natalie Cole,Jazz,jazz,Calm;Romantic;Nostalgic,commute,129.924,0.748,0.31,0.499,0.488,0.0,0.0448,0.136,-8.917,148333,1
18OdXTizUl4EmeAuTkTSZ1,Jungle Ballet,Keeno,EDM,drum-and-bass,Energetic;Dark,workout;studying;driving,173.005,0.561,0.84,0.124,0.000837,0.858,0.0475,0.0918,-4.73,274782,18
0Ure1GcJ28XKgSmitQRGQf,"Carmen, Act II: No.16 bis Récit: Enfin c'est toi! (Carmen/Don JosÚ) No.17 Duo: Je vais danser en votre honneur! (Carmen)",Georges Bizet;Angela Gheorghiu;Michel Plasson;Wolff;Orchestre National Du Capitole De Toulouse,Classical,opera,Sad;Calm,studying;sleep,96.122,0.51,0.0369,0.184,0.98,9.44e-06,0.0574,0.32,-22.441,84533,22
0Q4kMlGILF6jZvfEDFnZBz,Prossiga (feat. Midian Lima),André e Felipe;Midian Lima,R&B,gospel,Dark,workout;commute;driving,139.881,0.469,0.732,0.441,0.356,0.0,0.0362,0.082,-4.686,272697,37
5HAIsZoPM0TyBqHUyI640R,平凡人的自傳 - Rap Version,ONE PROMISE,Pop,cantopop,Dark,workout;commute;driving,168.04,0.507,0.717,0.353,0.0793,0.0,0.0594,0.0631,-6.331,271983,22
7hHZzgp3Ib50PZTQteElGv,The Final Frontier - Nomadico Remix,Underground Resistance;Nomadico,EDM,detroit-techno,Energetic;Dark,workout;studying;driving,137.994,0.655,0.808,0.174,3.25e-05,0.9,0.0422,0.358,-9.327,417500,11
2qgg6Y4Sff9yj1E9KmiqSY,Hearts Awakening,Parijat,Chill,new-age,Sad;Calm,studying;sleep,113.941,0.489,0.0929,0.158,0.949,0.852,0.0369,0.123,-22.266,420173,51
2sAwO9nafCv50ttjhI77a2,痴心換情深,Vivian Chow,Pop,cantopop,Calm;Nostalgic,studying;commute,113.982,0.748,0.384,0.387,0.688,0.0,0.0317,0.16,-11.217,257306,47
1Wdj4wRDYS7aT4CoPS0mAH,You Are Enough,Sleeping At Last,Chill,ambient,Romantic;Chill;Nostalgic,commute;cooking;driving,117.996,0.593,0.5,0.465,0.707,1.24e-05,0.029,0.0837,-8.532,180086,73
6CmD3I0zoGRN5BZYqFR1m4,Un Cacahuate,Joan Sebastian,R&B,r-n-b,Calm,studying;commute,126.282,0.883,0.351,0.972,0.581,2.55e-05,0.111,0.0514,-7.576,139261,42
5CmGnAY7I7Ggj303HZBbkX,I'd Die Babe - Remastered 2010,Badfinger,Pop,power-pop,Happy,commute;cooking;driving,126.802,0.684,0.669,0.874,0.00893,0.000252,0.0366,0.283,-8.327,154413,56
3o118H22lkPivuQtVvhxz5,Journey to the Sea,Bernward Koch,Chill,new-age,Sad;Calm,studying;sleep,95.99,0.387,0.125,0.0698,0.897,0.944,0.0307,0.113,-17.28,413760,22
1JxGjonVZMfWUxorsVLYQQ,Pind Hood Damn Good (RMG Intro),Sidhu Moose Wala,Hip-Hop,hip-hop,Happy;Romantic,commute;cooking,77.549,0.724,0.6,0.731,0.636,0.0,0.4,0.133,-12.024,75000,57
6k9i1ZHcGUF2tTY1gvpBp8,Night Spot,Scott Hamilton;Hans Backenroth;Kristian Leth;Jan Lundgren,Jazz,jazz,Calm;Nostalgic,studying;sleep,101.771,0.551,0.271,0.561,0.77,0.457,0.0336,0.134,-13.538,372447,1
5a2lHMvRRwhQp2zSwtjNmq,Songbird,Kenny G,Jazz,jazz,Sad;Calm,studying;sleep,135.387,0.453,0.292,0.125,0.041,0.814,0.0342,0.0977,-16.777,303506,51
174S4zGFfw7tCzXni3x4qm,Loucura do Seu Coração,Sorriso Maroto,Latin,pagode,Happy;Energetic;Motivated,workout;party;driving,139.951,0.723,0.787,0.883,0.683,0.0,0.0362,0.0858,-6.047,217173,47
0F845nujLVqCb0XMZCh5Pc,I Fall In Love Too Easily,Chet Baker,Jazz,jazz,Sad;Calm,studying;sleep,128.607,0.532,0.0657,0.292,0.94,0.00488,0.0406,0.0946,-19.136,201440,66
0sKAv3DtfTaTSlcS3Eq9rW,From the Past Comes the Storms,Sepultura,Rock,death-metal,Energetic;Dark,workout,108.451,0.295,0.993,0.189,2.26e-05,0.0523,0.113,0.091,-5.378,296866,22
78PDj0uocOvtSJCdOt65qy,Aankhon Aankhon,Yo Yo Honey Singh,Hip-Hop,hip-hop,Energetic;Motivated,workout;party,130.042,0.746,0.988,0.61,0.29,0.00218,0.0637,0.131,-4.565,244831,59
0UPToI0FptyTBFwnwPzvkr,Si No Es Ahora,Timbiriche,Latin,latin,Happy;Energetic;Motivated,workout,141.374,0.632,0.896,0.924,0.0717,1.32e-05,0.0362,0.37,-7.635,234293,0
2F4O9kXUwLXzOL39jI19kh,Scoobs In Columbia,Plaid,EDM,idm,Happy;Energetic;Motivated,workout;studying;party,118.128,0.702,0.996,0.693,0.0746,0.818,0.0415,0.298,-7.349,334893,11
4v42walHHdnuqi9RONgLbw,Me Tira Pra Dançar - Ao Vivo,TIAGO IORC;Jorge Drexler,R&B,r-n-b,Happy;Chill,commute;cooking,87.056,0.649,0.586,0.82,0.249,0.0,0.112,0.704,-14.173,253927,40
4Hl7H7HzuaIGtvi2TPbWnI,O Holy Night,David Arkenstone,Chill,new-age,Sad;Calm,studying;sleep,74.747,0.323,0.164,0.245,0.982,0.927,0.0348,0.0825,-16.185,251346,0
209pScL6fUhISxcLWkB6rf,Lokiverse - Background Score,Anirudh Ravichander,Hip-Hop,hip-hop,Energetic;Motivated,studying,96.996,0.64,0.86,0.516,0.302,0.468,0.101,0.109,-4.481,156330,73
6OJbW5jTJ3JGbwFVyLn7Vz,Muita Fé,Mc Jhojhow,R&B,funk,Happy,commute;party;cooking,82.002,0.722,0.62,0.752,0.273,0.0,0.296,0.113,-2.901,172000,43
6DXLO8LndZMVOHM0wNbpzg,Danza Kuduro,Don Omar;Lucenzo,Hip-Hop,hip-hop,Happy;Energetic;Motivated,workout,130.04,0.699,0.917,0.889,0.078,0.0,0.115,0.065,-4.897,198786,74
7MvLLo4od1Qfv4J6VzLxCK,Big Fun - Radio Edit,Inner City,EDM,detroit-techno,Happy;Energetic;Motivated,workout;driving,128.688,0.571,0.846,0.734,0.0598,0.00071,0.0472,0.135,-6.087,219746,13
0ZIHIe6RYMqKwMTtz2xKEb,Faca Que Não Corta / Mineiro de Monte Belo / Pagode do Ala / Pagode em Brasilia (Ao Vivo),Lucas Reis & Thácio,Latin,sertanejo,Happy;Energetic;Motivated,workout;party;driving,119.993,0.742,0.831,0.728,0.14,1.69e-05,0.0679,0.696,-4.978,292573,44
3xZ9lsSzF2Js5aByi2GmgD,Viver Sem Deus Não Da,Gerson Rufino,R&B,gospel,Dark,workout;commute;driving,188.327,0.652,0.73,0.468,0.375,3.89e-06,0.0375,0.463,-4.669,224533,40
1h0tDdMOq5Qcdefh8LLeRr,Alap in Shivaranjani,Shastro,Chill,new-age,Sad;Calm,studying;sleep,81.244,0.14,0.0596,0.253,0.99,0.926,0.0412,0.111,-18.45,444000,30
3oWv5qDKYN7MH6FdlglMN5,Moon Rise,Guru Randhawa;Sanjoy,Hip-Hop,hip-hop,Motivated,commute;party;driving,92.039,0.756,0.713,0.597,0.365,0.000153,0.122,0.228,-6.91,174056,66
2LjZcBOceIpCBbhTf1Y5J0,DOF,Mnogoznaal,EDM,electronic,Happy;Energetic;Motivated,workout;party,113.959,0.79,0.873,0.963,0.366,0.126,0.0372,0.109,-6.299,130586,49
0bK5lHYuXM6EMsGyJaIH8T,Catch The Pigeon,Serum;Pleasure,EDM,drum-and-bass,Energetic;Dark,workout,87.435,0.686,0.931,0.251,0.134,0.305,0.0638,0.345,-0.689,274285,15
150kk5S2hUULZD4yApAwSH,Ya Vstretil Vas...,Dmitri Hvorostovsky,Classical,opera,Sad;Calm,studying;sleep,178.579,0.167,0.203,0.0888,0.983,0.144,0.0423,0.0799,-17.377,279720,19
6hDqua7fwHmLIzULajiZe8,Kala,Prabh Deep,EDM,electronic,Calm,studying;commute,114.951,0.759,0.395,0.905,0.787,0.0,0.487,0.11,-13.771,210592,28
24GlSNySJ9tAwkvZPuVb63,Udhungada Sangu,Anirudh Ravichander,Hip-Hop,hip-hop,Happy;Energetic;Motivated,workout,86.086,0.449,0.802,0.741,0.22,0.0,0.1,0.0654,-5.55,209640,61
6Za3190Sbw39BBC77WSS1C,Criminal,Natti Natasha;Ozuna,Latin,latino,Happy;Energetic;Motivated,party,79.997,0.814,0.813,0.839,0.03,9.33e-05,0.0561,0.255,-3.023,232549,75
1ruXS4lAKQKbaR48bSwPaL,Deus de Israel,Elias Silva,R&B,gospel,Romantic,commute;cooking,125.052,0.738,0.499,0.576,0.351,0.0,0.0324,0.0925,-7.716,255453,38
0SosXGf8KAZJxcgfnDR054,Here I Go Again,Michelle Simonal,Jazz,jazz,Sad;Calm;Chill;Nostalgic,studying,169.789,0.479,0.319,0.339,0.898,0.00317,0.109,0.409,-13.824,149964,0
6CdzB6ZB5Af8wfAfAAQwaq,Raise a Hallelujah,Bethel Music;Jonathan David Helser;Melissa Helser,Chill,ambient,Sad;Calm,studying;sleep,131.952,0.326,0.161,0.177,0.956,7.26e-06,0.0366,0.086,-12.798,375813,51
6cSpp45tNFg80xi4f8ZBAY,"God Is Fair, Sexy Nasty",Mac Miller;Kendrick Lamar,Hip-Hop,hip-hop,Sad;Chill,commute,133.701,0.504,0.409,0.137,0.347,3.09e-05,0.188,0.112,-12.067,500960,0
268KPOIF4ZQM9vG327zhCW,Bezerk,Big Sean;Hit-Boy;A$AP Ferg,Hip-Hop,hip-hop,Dark,commute;driving,184.034,0.684,0.687,0.265,0.0164,0.0,0.201,0.253,-4.673,151066,1
1onVt5DLF37qFW8LS4kSJw,Till Break of Day,SubtractiveLAD,EDM,idm,Sad;Calm,studying;sleep,76.26,0.138,0.252,0.0348,0.975,0.947,0.0463,0.115,-19.512,339280,8
78Q5ib2g8KHXqOeWbbUQKr,Black Coffee - Single Version,Peggy Lee,Jazz,jazz,Sad;Calm,studying;sleep,129.533,0.523,0.194,0.171,0.84,9e-06,0.0433,0.169,-10.63,186693,0
3XKds2P01Io3ge5PTdUxOM,"Op 34, N. 2: ""Auf Flügeln des Gesanges""",Victoria de los Ángeles,Classical,opera,Sad;Calm,studying;sleep,138.168,0.369,0.11,0.148,0.979,7.27e-05,0.0418,0.13,-16.225,162000,20
6IGh49YdNDeMne7WnmMz6b,Preface,Fabrice Lig,EDM,detroit-techno,Energetic,workout;studying,133.866,0.658,0.972,0.434,0.00172,0.886,0.0766,0.0496,-7.198,398709,6
1ROhZEUOmH3tsgABG4LqAY,D.O.A.,Zackey Force Funk,Pop,synth-pop,Happy,commute;cooking;driving,119.985,0.817,0.532,0.964,0.0145,0.0581,0.0571,0.356,-7.427,236656,26
2NBYiYtI4v1ujkhHZBq3xw,Invincible (feat. Stefflon Don),Sidhu Moose Wala;Stefflon Don,Hip-Hop,hip-hop,Dark,commute;driving,107.956,0.774,0.672,0.307,0.276,1.82e-05,0.0621,0.111,-4.351,244444,66
6YWE7WrOmrGbuYaw3DxzGf,Unos Días Más,NAFTA,R&B,funk,Calm,sleep,91.057,0.855,0.262,0.576,0.362,0.000241,0.258,0.123,-9.549,171985,44
54RJfMcbBbNoc0s1bDCXNT,Slidte Mure,Skurken;Pede B,EDM,idm,Dark,commute;driving,95.008,0.765,0.722,0.366,0.186,0.0,0.265,0.146,-7.546,199680,9
6eXFUPGPHK4V0CgsLNCMEM,Hospital for Heroes,Direct Hit!,Pop,power-pop,Happy;Energetic;Motivated,workout,173.968,0.47,0.979,0.732,0.00369,2.08e-06,0.0834,0.187,-2.848,187480,21
1v7L65Lzy0j0vdpRjJewt1,"Lose Yourself - From ""8 Mile"" Soundtrack",Eminem,Hip-Hop,hip-hop,Dark,workout;commute;driving,171.355,0.686,0.735,0.0596,0.00921,0.00066,0.264,0.342,-4.616,322226,79
4OZcxfCkwY1em4aSG8RKOk,Creo En Ti,Alex D'Castro,Latin,salsa,Happy,commute;cooking;driving,166.912,0.698,0.609,0.563,0.193,4.78e-06,0.0454,0.114,-4.596,264333,27
41vUI66skZegzFHxwMkk8t,Walk,Kodak Black,Hip-Hop,hip-hop,Sad;Dark,commute;driving,130.04,0.817,0.512,0.17,0.037,0.0,0.0984,0.216,-6.943,166039,0
2YwGM1o3xBjLlNSpaIICPY,No Soul - High Contrast Mix Bonus track,ILS,EDM,breakbeat,Dark,workout;studying;commute;driving,173.052,0.507,0.747,0.414,0.00887,0.557,0.048,0.0872,-12.117,455413,16
5DKZYnQTWZ5eJ1uMX2sI0p,Quejas De Bandoneon,Solo Tango Orquesta,Latin,tango,Romantic;Chill;Nostalgic,studying;commute;cooking,119.332,0.433,0.409,0.443,0.523,0.0683,0.0377,0.104,-11.161,167813,18
3HLuhYkaJeobs5LigrI6Ox,"First Step (From ""Interstellar"")",Jacob's Piano,Chill,new-age,Sad;Calm,studying;sleep,114.44,0.416,0.069,0.0395,0.88,0.954,0.0415,0.113,-17.079,285000,32
5CamFNiR231zWyRQDDIRRr,Children Song,Endy Chow,Pop,cantopop,Romantic;Chill,commute;cooking;driving,158.057,0.462,0.554,0.48,0.312,0.000447,0.029,0.105,-5.922,348984,48
7vvqiqB4O7nPXWxiehIH9l,Holm Sound,Erland Cooper,Chill,ambient,Sad;Calm,studying;sleep,180.996,0.305,0.0501,0.166,0.967,0.88,0.0413,0.0877,-28.268,175909,56
1c1sdxrYLIiuJOlE7PPttb,Love Me Now (feat. Zoe Wees),Kygo;Zoe Wees,EDM,edm,Chill,commute;cooking,102.04,0.662,0.489,0.506,0.163,0.0,0.0525,0.172,-7.067,195880,72
5qoxoGIbLCLSMJXpxr5COw,Broken Dreams,King,Hip-Hop,hip-hop,Dark,commute;driving,98.008,0.859,0.599,0.183,0.511,0.0,0.145,0.11,-9.738,197351,55
3ZFosXgzvmN6wXs9wTaIxh,By Your Side (feat. Tom Grennan) - Oliver Heldens Remix,Calvin Harris;Tom Grennan;Oliver Heldens,EDM,progressive-house,Energetic;Dark,workout,124.045,0.682,0.861,0.392,0.18,0.00684,0.0442,0.0975,-6.047,238064,59
5TI5xqjp1KPC75YIXROB8W,In The Wee Small Hours Of The Morning,Chris Botti;Sting,Jazz,jazz,Sad;Calm;Chill;Nostalgic,studying;commute,124.874,0.535,0.385,0.304,0.747,0.0129,0.0314,0.0715,-13.102,268360,0
2P7NW9LEO86lHvXLo0YvVl,Reflecting Pool,Brian Crain,Chill,new-age,Sad;Calm,studying;sleep,163.508,0.182,0.119,0.0748,0.989,0.898,0.0342,0.109,-19.943,266890,24
33Sa68125mjoyEV8pRYgN2,Shark Island - Paul Kalkbrenner Remix,Simina Grigoriu;Moe Danger;Paul Kalkbrenner,EDM,minimal-techno,Dark,studying;commute;driving,127.014,0.779,0.574,0.263,0.0343,0.74,0.0518,0.122,-10.288,441109,18
4jUso0rgts8BHWJaQZYhVZ,Luck Be A Lady,Michael Ball;Alfie Boe,Classical,opera,Chill,commute;cooking;driving,186.857,0.348,0.574,0.467,0.26,1.28e-06,0.0592,0.101,-6.819,272000,20
2RBkVQwpkDeYytMTQwjyTk,Baaki Baatein Peene Baad (Shots) (feat. Badshah),Arjun Kanungo;Badshah,Hip-Hop,hip-hop,Energetic,workout,147.974,0.566,0.862,0.455,0.0246,0.0,0.105,0.103,-6.02,220312,61
1SC5rEoYDGUK4NfG82494W,MONTERO (Call Me By Your Name),Lil Nas X,Hip-Hop,hip-hop,Happy;Chill,commute;cooking;driving,178.781,0.593,0.503,0.71,0.293,0.0,0.22,0.405,-6.725,137704,83
6HGoVbCUr63SgU3TjxEVj6,Satisfya,Imran Khan,Hip-Hop,hip-hop,Happy,commute;party;cooking;driving,163.879,0.726,0.652,0.803,0.00451,3.32e-05,0.11,0.226,-7.764,180056,70
5fXslGZPI5Cco6PKHzlSL3,"Illegal Weapon 2.0 (From ""Street Dancer 3D"")",Jasmine Sandlas;Garry Sandhu;Tanishk Bagchi;Intense,Pop,pop,Energetic,party,94.993,0.805,0.919,0.494,0.101,0.00343,0.0938,0.0598,-1.294,188606,67
62uYfQ1rP6nnUbB8RY7YbP,Scarlet Inside - (Remastered 2003) [Live],Clannad,Chill,new-age,Sad;Calm;Chill,commute,130.719,0.563,0.398,0.258,0.157,0.000857,0.0292,0.0635,-11.005,310693,23
1WP6duNM7NGiZf0QKx2ipb,Don't Cry Baby,Living Room,Jazz,jazz,Romantic;Chill;Nostalgic,studying;commute;cooking,75.024,0.587,0.408,0.608,0.902,0.915,0.0568,0.0847,-14.008,160000,1
5JbR2mP2Vou60a1efoBbxA,Silent Night,Rolando Villazón;Wiener Sängerknaben;Schubert Akademie;Gerald Wirth,Classical,opera,Sad;Calm,studying;sleep,82.875,0.255,0.229,0.186,0.974,0.222,0.0326,0.0711,-13.173,249680,0
4CTmdK2ghnQSHKT2q7qu22,Fahrenheit,Azee,R&B,soul,Sad;Calm,studying;sleep,115.04,0.746,0.275,0.0542,0.37,0.452,0.0438,0.111,-13.619,181565,54
1n3TbqMfvALAI0BjtiF6Lt,他一定很愛你,A-do,Pop,mandopop,Sad;Dark;Chill,commute;driving,101.943,0.589,0.507,0.151,0.459,0.0,0.0304,0.122,-6.162,210771,54
6CzMKOYzhBXzZszsy4yFIG,Feels,AP Dhillon;Gurinder Gill;Gminxr,Hip-Hop,hip-hop,Dark,commute;driving,91.976,0.71,0.698,0.0823,0.108,0.0,0.0368,0.098,-6.489,151304,62
7LyAGakRZWFqZwqeNCmoEP,Investimento Milionário,MC Hariel,R&B,funk,Romantic;Nostalgic,commute;cooking,129.924,0.856,0.425,0.636,0.407,0.0,0.306,0.0752,-7.186,179514,42
2mLtn7zqcqalNZSfQZ62ko,Táxi Lunar,Geraldo Azevedo,Latin,mpb,Chill,commute;cooking,145.703,0.655,0.47,0.577,0.237,0.00163,0.0356,0.128,-11.395,231066,40
6ibmDmnayyljaIfT8hgkVq,Silent Alchemy,Deuter,Chill,new-age,Sad;Calm,studying;sleep,80.706,0.13,0.031,0.0633,0.992,0.977,0.0405,0.0787,-25.937,468493,24
1VZbwZP916VSN5DXRvRAUV,Não Vou Mais te Procurar,Iguinho e Lulinha,Latin,forro,Happy;Energetic;Motivated,workout;driving,151.996,0.61,0.792,0.866,0.38,0.0,0.0318,0.151,-4.745,183000,49
5y8DBJkNfWYPpXUWQmPscR,What's the Use?,Mac Miller,Hip-Hop,hip-hop,Romantic;Nostalgic,commute;cooking,104.973,0.759,0.492,0.561,0.736,0.0102,0.12,0.107,-10.338,288640,0
0BTaaKT4RMbs5M73tOHX5Y,Alcohol-Free,TWICE,Pop,k-pop,Happy;Energetic;Motivated,workout,97.097,0.688,0.909,0.702,0.0474,1.35e-06,0.0624,0.0674,-1.992,210573,72
63vWEUXhpgghscp9FgvCMG,"Kannil Kannil (From ""Sita Ramam (Malayalam)"")",Vishal Chandrashekhar;K. S. Harisankar;Sinduri Vishal,Pop,pop,Romantic;Chill,studying;commute;cooking,179.852,0.516,0.409,0.731,0.718,0.0,0.0566,0.35,-11.925,232513,67
4mAjRT7IjwhZATGgeYCSAK,特別的愛給特別的你,SKY WU,Pop,mandopop,Romantic;Chill;Nostalgic,commute;cooking,204.036,0.524,0.467,0.477,0.629,0.000176,0.0365,0.132,-12.038,299028,56
320mx0rG1WXP9M7ozPwK1w,Puli Urumudhu,Vijay Antony;Ananthu;Mahesh Vinayakram,Pop,k-pop,Happy;Energetic;Motivated,workout;party,112.309,0.84,0.922,0.734,0.646,2.3e-06,0.197,0.118,-5.354,255773,45
0zqwz7SNny9fwqSDpIu4qN,Up In The Air,Thirty Seconds To Mars,Rock,grunge,Energetic,workout,124.025,0.483,0.862,0.449,0.00577,0.0,0.0857,0.227,-3.864,275786,55
6M47gaKejso9772SKTa3yH,Face Off,Tech N9ne;Joey Cool;King Iso;Dwayne Johnson,Hip-Hop,hip-hop,Energetic;Dark,workout,80.882,0.693,0.935,0.391,0.18,0.0,0.224,0.179,-4.323,219802,73
28mwuJqKOjRpqo14GuKSkj,Je T’aime,Lara Fabian,Classical,opera,Sad;Chill,studying;commute,107.312,0.384,0.436,0.153,0.754,5.36e-06,0.0282,0.131,-7.432,261106,57
0hAMknym1ZPciljhPuX8pl,Its All About You,Sidhu Moose Wala,Hip-Hop,hip-hop,Happy,commute;cooking,76.089,0.585,0.635,0.55,0.0964,0.0,0.0488,0.134,-7.219,243157,58
2c5bFJ82YxgGprGjOq1OaO,Pixel Affection,yeule,Chill,ambient,Dark;Chill,commute;driving,116.104,0.42,0.557,0.0736,0.055,0.0102,0.0412,0.247,-8.969,219331,46
4gFlHAye7To29Fs4UszQUH,I Get Along Without You Very Well (Except Sometimes) - Vocal Version,Chet Baker,Jazz,jazz,Sad;Calm,studying;sleep,103.34,0.442,0.033,0.21,0.922,0.000171,0.041,0.151,-23.063,179640,60
3A6iJKSDmkfHkj3ukvBKM5,To Sozinho,Aviões do Forró,Latin,forro,Happy;Energetic;Motivated,workout,180.038,0.662,0.911,0.872,0.467,0.0,0.106,0.319,-6.054,200489,46
0VZAhuEaRQbBUOpYJU9I0Y,Radix Malorum,Gorgoroth,Rock,black-metal,Energetic;Dark,studying,104.826,0.316,0.858,0.306,2.43e-06,0.675,0.0613,0.138,-4.034,193773,40
1DfRCC2qpjjzc6l5DmTjkG,Queen,Perfume Genius,Rock,psych-rock,Sad;Dark;Chill,commute;driving,131.983,0.418,0.547,0.13,0.211,0.0443,0.0295,0.188,-4.932,230719,51
1chTrqszWQEOP4RsNuOZf7,Il barbiere di Siviglia: Overture (Sinfonia),Gioachino Rossini;Academy of St. Martin in the Fields;Sir Neville Marriner,Classical,opera,Sad;Calm,studying;sleep,92.122,0.322,0.14,0.285,0.906,0.759,0.0489,0.125,-20.747,425000,51
23BvnpzmCJ9bEVvnXOLtfB,LONGER THAN FOREVER,BOØWY,Rock,rockabilly,Happy;Energetic;Motivated,workout,157.684,0.58,0.859,0.811,0.00911,1.85e-06,0.0315,0.282,-5.848,248573,31
4JlUDMr4cmVNXzk9xc1lXS,Pineapple,Ty Dolla $ign;Gucci Mane;Quavo,Hip-Hop,hip-hop,Dark,commute;driving,130.019,0.964,0.555,0.338,0.0301,0.000563,0.0499,0.128,-6.245,218260,0
5J0Y8lh0bS1SfphMqi5vLn,Spirit Nature,Living Room,Jazz,jazz,Happy,studying;commute;cooking;driving,120.003,0.664,0.681,0.5,0.0316,0.853,0.0391,0.125,-10.967,227500,0
0sWeWvI9n4jUAWcASdFwHO,O Amor Não Tem Culpa / Eu Nunca Amei Assim - Ao Vivo,Akatu,Latin,samba,Happy;Chill,commute;cooking;driving,151.696,0.625,0.594,0.824,0.715,0.0,0.0332,0.413,-8.468,190912,44
5LNIT1cjnkIkPpZZIUQnCf,Nena Baila Twist,Los Freneticos Del Ritmo,Rock,rock-n-roll,Happy;Energetic;Motivated,workout,172.382,0.499,0.918,0.858,0.751,0.0,0.036,0.176,-5.84,129793,35
1MfFr8iApFTrJ86BR2JGFr,One in the Same,Faith Evans;The Notorious B.I.G.,R&B,soul,Sad;Dark;Chill,commute;driving,136.562,0.461,0.54,0.107,0.268,0.0,0.0629,0.342,-7.385,205706,0
2wVQcA1YCuGL6EW0QbgVoV,Everything But You (feat. A7S),Clean Bandit;A7S,R&B,funk,Energetic,workout;driving,124.977,0.679,0.764,0.471,0.031,9.05e-06,0.0391,0.0951,-5.301,198014,70
7tEw92LHeMiwnp3eqpmiWL,Body of Gold,KDrew;Hvnnibvl,EDM,dubstep,Energetic;Dark,driving,102.997,0.686,0.762,0.268,0.0805,0.0,0.0423,0.358,-4.565,216990,37
35sVDinWrh5nYjpzPXe4qz,You're Gonna Be Ok,Bethel Music;Jenn Johnson,Chill,ambient,Sad;Calm,studying;sleep,117.995,0.487,0.15,0.222,0.912,0.0,0.0402,0.11,-10.057,261519,48
1xCQa1dJC3jIXGHaTo7273,もしも君が泣くならば,GOING STEADY,Rock,j-rock,Energetic,workout,151.664,0.303,0.961,0.407,3.16e-05,0.00551,0.0779,0.0488,-3.632,226400,34
4gyPGtExOjj1rsByKW33LR,Paagal,Badshah,Hip-Hop,hip-hop,Happy;Energetic;Motivated,workout,214.016,0.687,0.854,0.721,0.0619,0.000645,0.308,0.147,-5.368,169906,60
219l46AUTw74WBgIZPrkMU,Breaker - Live in Wacken 2017,Accept,Rock,heavy-metal,Energetic;Dark,workout,124.946,0.459,0.998,0.0565,0.000251,0.00566,0.108,0.974,-5.904,270826,20
0ARSW28AQiAWt1frDQPrR2,Abrazame,Willie Gonzalez,Latin,salsa,Happy;Energetic;Motivated,workout,167.282,0.654,0.884,0.784,0.421,0.000282,0.0394,0.0857,-7.001,297404,27
7N0ISBfNjNcznXdPvVopYr,Si Supieras,Maelo Ruiz;Pedro Conga;La Orquesta Internacional,Latin,salsa,Calm,commute;cooking,91.488,0.743,0.445,0.842,0.484,1.21e-06,0.041,0.277,-12.516,310933,39
3JAYiqcXj2jdN1yV3ge07T,Deus do Impossível,Aline Barros,R&B,gospel,Sad;Chill,studying;commute,105.235,0.422,0.412,0.231,0.81,0.0,0.0289,0.315,-7.878,209674,39
4eNOPb3UvhoC6K7NRkXCXX,Kendim Ettim Kendim Buldum - Live,Sena Şener,Pop,j-pop,Sad;Calm,studying;sleep,99.259,0.376,0.138,0.0385,0.859,3.23e-06,0.0292,0.148,-10.914,201589,39
6nswV1Lz3OZkaiCJfmVUOa,The Unforgiven II,Metallica,Rock,hard-rock,Energetic;Dark,workout,133.047,0.497,0.89,0.249,0.00055,0.00129,0.0445,0.255,-4.559,396440,66
1QIsVlaCz3U5GfsEJE9O8L,Quiet Storm,Shierro,Jazz,jazz,Sad;Dark;Chill,studying;commute;driving,154.082,0.613,0.526,0.108,0.669,0.933,0.031,0.168,-9.243,124675,65
0J4r8Vmq34tTWw0g0wanKP,A Melhor Banda de Todos os Tempos da Última Semana,Titãs,Rock,hard-rock,Happy;Energetic;Motivated,workout,165.812,0.48,0.976,0.941,0.0224,0.0,0.0552,0.145,-3.24,185466,43
3iB63QtuNkQQ6opFqSWNRz,Attila - Oltre a quel limite t'attendo,Giuseppe Verdi;Vincenzo Ciliberti,Classical,classical,Chill;Nostalgic,commute,122.567,0.287,0.482,0.399,0.909,0.3,0.0391,0.181,-9.074,113659,0
3ObWIAbtVhxTPguDsHT9vf,Evening Silence,Three Four Trio,Jazz,jazz,Sad;Calm,studying;sleep,89.117,0.432,0.137,0.111,0.96,0.906,0.0318,0.121,-16.853,267893,62
0n8XnoVsyOULS6fbJOJqnH,Faroeste Caboclo - Ao Vivo Em São Paulo / 1999,Legião Urbana,Latin,mpb,Happy;Motivated,commute,83.667,0.521,0.731,0.728,0.464,0.0,0.36,0.758,-6.115,593600,42
74Qks1cW4TkoZYUPUHTq46,B-Town (feat. Sunny Malton),Sidhu Moose Wala;Sunny Malton,Hip-Hop,hip-hop,Happy;Energetic;Motivated,workout;party,113.396,0.752,0.861,0.666,0.327,0.0,0.163,0.126,-3.582,182117,60
2N1KyUTT7nd7nj8DdCTDyx,赤足在田埂上,葉佳修,Pop,mandopop,Romantic;Chill,studying;commute;cooking,174.311,0.495,0.41,0.698,0.708,0.000115,0.0287,0.174,-10.109,178333,23
7p2PLFrKrY9nc7nEdOocEa,My Funny Valentine,Chet Baker,Jazz,jazz,Sad;Calm,studying;sleep,107.716,0.44,0.0302,0.213,0.929,0.00836,0.0375,0.109,-18.564,139586,0
5KFciwNKHnDarDLuha6qea,"Piano Concerto No. 8 in C Major, K. 246 ""Lützow"": II. Andante",Wolfgang Amadeus Mozart;Ingrid Haebler;London Symphony Orchestra;Alceo Galliera,Classical,classical,Sad;Calm,studying;sleep,70.14,0.282,0.0511,0.0983,0.988,0.878,0.0388,0.0919,-23.826,561560,6
0b9EANOIOKnoZ5yAZYO77Z,Tudo é Possível,Gabriel Guedes de Almeida,R&B,gospel,Dark,commute;driving,123.625,0.474,0.671,0.398,0.0929,0.0,0.0474,0.447,-6.653,233112,41
1p4bk0gDn8ItJF182RwkMQ,Mec Mec 2,DJ Cayoo,R&B,funk,Happy,commute;party;cooking;driving,130.015,0.895,0.673,0.891,0.609,1.24e-06,0.466,0.033,-6.028,114461,47
0U8fm89VKJwDYa0mzh6foW,Badmos Chora,MC SQUARE,Hip-Hop,hip-hop,Happy;Energetic;Motivated,workout;driving,160.169,0.698,0.828,0.86,0.0868,0.0,0.241,0.212,-5.92,144000,57
0GHIGWEYqQ6WacoOSSkWoz,因愛之名,Aaron Kwok,Pop,cantopop,Sad;Calm;Chill,commute,137.016,0.432,0.367,0.28,0.478,0.000123,0.029,0.188,-9.215,250506,20
0vaPEm3RwpcmuotshfFN4t,"12 Variations in C Major on ""Ah, vous dirai-je Maman"", K. 265/300e: 12b. Variation XI - Pt. 2",Wolfgang Amadeus Mozart;Danielle Laval,Classical,classical,Sad;Calm;Nostalgic,studying;sleep,68.453,0.385,0.0554,0.321,0.987,0.889,0.0553,0.117,-25.817,64906,12
6onFDeU84yMtLmYfTlHkoI,"Concerto Saint Marc, Op. 6 No. 11: III. Andante",Tomaso Albinoni;Rex Richardson;Classic FM Radio Orchestra;Grigor Palikarov,Classical,opera,Sad;Calm,studying;sleep,85.69,0.13,0.101,0.109,0.772,0.931,0.0393,0.124,-19.387,94866,21
4qiiHAveTEHWvtxwGSPJaY,La Sopa De Tu Propio Chocolate,Banda Rancho Viejo De Julio Aramburo La Bandononona,R&B,r-n-b,Calm,commute;cooking,145.171,0.728,0.418,0.883,0.384,0.0,0.0336,0.0931,-6.852,234320,50
5mqjkbTgyEzxTQOArWTOs6,Not Going Home,DVBBS;CMC$;Gia Koka,EDM,electronic,Dark,commute;party;driving,109.063,0.749,0.747,0.475,0.0938,1.17e-05,0.121,0.256,-6.457,195186,55
3xU7xAOD1x6ZHYF3Cd1KNb,Meus Passos,Oficina G3,R&B,gospel,Energetic;Dark,workout,104.9,0.521,0.941,0.251,0.000203,0.00112,0.0936,0.333,-4.4,303020,39
12pqyJQBxYIkufjZ2od9y6,Pensaras En Mi,Tito Rojas,Latin,salsa,Happy;Energetic;Motivated,party;driving,92.68,0.779,0.811,0.871,0.521,9.15e-06,0.0395,0.039,-5.497,284266,32
3UmaczJpikHgJFyBTAJVoz,Stan,Eminem;Dido,Hip-Hop,hip-hop,Energetic;Motivated,party,80.063,0.78,0.768,0.507,0.0371,2.34e-06,0.238,0.518,-4.325,404106,85
2rjmT6AaT25FshKGcrr25v,Broken Machines - Mixed,Roy Davis Jr.,EDM,chicago-house,Happy,studying;commute;cooking;driving,128.961,0.852,0.579,0.658,0.000216,0.646,0.0683,0.165,-13.224,128560,5
4xZwBITWeGPWVTDVmLfuDf,SUNDAY NIGHT,Jack Harlow,Hip-Hop,hip-hop,Happy;Energetic;Motivated,workout;party;driving,119.92,0.764,0.776,0.772,0.124,0.000512,0.0329,0.327,-5.329,191778,1
0bCSGdS5SRvzoz4IBTD55W,Losar,Joep Beving,Chill,ambient,Sad;Calm,studying;sleep,81.917,0.305,0.0384,0.0856,0.961,0.902,0.0301,0.0886,-28.605,221061,61
0jkA6SIVODr1csfNlzmkP5,Walk With You,Autograf;Janelle Kroll,EDM,deep-house,Dark,commute;driving,114.032,0.787,0.612,0.255,0.352,0.00791,0.0865,0.117,-7.492,170240,53
4o08tZyCpk2exnO9HGoAO5,Bunty Aur Babli,Shankar;Ehsaan;Loy;Sukhwinder Singh;Jaspinder Narula;Gulzar,Jazz,jazz,Energetic;Dark,workout,127.957,0.796,0.906,0.392,0.223,1.85e-06,0.0483,0.0609,-4.025,343118,34
2k2MprlqkmDMKKOOWGREzW,"Dawn - From ""Pride & Prejudice"" Soundtrack",Dario Marianelli;Jean-Yves Thibaudet,Chill,ambient,Sad;Calm,studying;sleep,78.853,0.332,0.0525,0.097,0.991,0.891,0.0388,0.0683,-24.1,158600,62
5Gs8gP5ipvByxTuRFMbdvi,Levitating,Jazzystics;Nenei,Jazz,jazz,Calm,commute;cooking,80.043,0.748,0.468,0.523,0.129,1.84e-05,0.0587,0.107,-12.283,225500,0
46jMKblQOnQwSfnrRzQpI8,London Sound,Freestylers,EDM,breakbeat,Happy;Energetic;Motivated,workout;party,130.893,0.922,0.855,0.934,0.0398,1.25e-05,0.0856,0.0702,-6.053,339400,16
2oNOFOz8Eg0qJ3yHVeefUB,He Had a Good Time,Cliff Martinez,Chill,ambient,Sad;Calm,studying;sleep,73.765,0.287,0.236,0.0293,0.83,0.898,0.0726,0.0972,-22.615,97160,44
7wTAn1GYgjjn9fv9cZNWI3,Taxi,Mariah Angeliq;Guaynaa,Latin,latin,Happy;Energetic;Motivated,workout;party;driving,180.069,0.727,0.796,0.701,0.0627,0.0,0.125,0.166,-3.918,173653,0
1fyADQZzxd77Of2PjB4n7c,Pulse,Ihsahn,Rock,black-metal,Sad;Chill,studying;commute,142.008,0.509,0.474,0.0988,0.0227,0.72,0.0295,0.128,-10.7,293760,43
3xWJ11akdjM3t9Z9Zpevwj,Quiero Amarte,Maelo Ruiz,Latin,salsa,Happy,commute;cooking;driving,159.847,0.598,0.674,0.862,0.483,0.0,0.0412,0.332,-7.761,259575,38
3pBFOchIRVAcvWK4MQ6Jgz,Todo Dia Até Morrer,Rodolfo Abrantes;O Muro de Pedra,R&B,gospel,Happy,commute;party;cooking;driving,128.0,0.757,0.643,0.835,0.454,0.0,0.0369,0.258,-6.832,224573,41
3uPgWkH9v25UH8lO0JHeEx,Mercy - Live,The Ghost Inside,Rock,death-metal,Energetic;Dark,workout,123.717,0.414,0.933,0.142,8.39e-06,0.000603,0.0595,0.558,-5.982,235681,22
3xEYF9W6D2FxSQd3PMLmug,舞台をおりて,My Hair is Bad,Rock,j-rock,Motivated,workout;commute;driving,111.469,0.549,0.73,0.601,0.000636,0.0,0.0394,0.257,-3.766,273906,35
3lQSSCkWvGMGrqdQgBarqV,La Nuova Stella Di Broadway,Cesare Cremonini,Pop,indie-pop,Dark;Chill,commute;driving,139.887,0.473,0.565,0.294,0.66,3.52e-05,0.0341,0.0908,-7.988,267746,1
3CdJlOOJZeJjwqFj4KHDAv,Teenline,The Shivvers,Pop,power-pop,Happy;Energetic;Motivated,workout,160.411,0.4,0.914,0.884,0.0276,0.0154,0.0459,0.133,-7.365,222053,22
3X3BiiDYiPVIn5gEpO9HiF,Gustakhiyan,The Landers,Hip-Hop,hip-hop,Happy,commute;cooking,88.027,0.824,0.589,0.565,0.257,0.0,0.39,0.254,-4.961,152727,67
0UODoj6stYv542c7NB9MNd,Le départ,L'Impératrice,Pop,synth-pop,Motivated,studying;commute;driving,110.0,0.539,0.736,0.503,0.0613,0.934,0.036,0.0734,-10.608,119633,54
0vu1ke40FucEgjDmpjrlVJ,Feist,Thomas Schumacher,EDM,minimal-techno,Energetic;Dark,workout;studying,129.002,0.583,0.886,0.25,0.00142,0.87,0.0524,0.083,-8.94,426034,40
2Q9Ntel8nLAYyATFH7fzLs,Carefree,Dan Gibson's Solitudes,Chill,new-age,Sad;Calm,studying;sleep,129.351,0.249,0.107,0.0534,0.992,0.896,0.0379,0.688,-24.753,366061,22
6TC9YsMMU511IsjZwGhEmF,Malevaje,Malena Muyala,Latin,tango,Calm;Nostalgic,studying;sleep,119.472,0.648,0.263,0.589,0.918,1.14e-05,0.0972,0.107,-9.945,147586,19
3JQ1ZBbqD3JSeTLw6NV4Z6,Swept Away in Wonder,Dan Gibson's Solitudes,Chill,new-age,Sad;Calm,studying;sleep,81.72,0.143,0.219,0.255,0.961,0.48,0.0626,0.887,-25.223,327190,22
3sAatKUX1OkCIAkopdMRTU,Haul - Radio Edit,Christian Löffler;Mohna,Chill,ambient,Sad;Chill,studying;commute,117.982,0.615,0.417,0.117,0.287,0.862,0.0373,0.215,-15.441,217134,52
1qCQTy0fTXerET4x8VHyr9,What A Wonderful World,Louis Armstrong,Jazz,jazz,Sad;Calm,studying;sleep,108.174,0.399,0.258,0.192,0.792,1.86e-06,0.033,0.128,-16.028,137520,73
0y9YVC6t5HGK2sFJieat51,Elfenchor from Die Rheinnixen,Jacques Offenbach,Classical,opera,Calm;Romantic;Chill;Nostalgic,studying;commute,95.416,0.406,0.363,0.507,0.85,0.0247,0.104,0.688,-14.687,173880,23
7cQv4jReT6EeuGsAREDbh3,4 Million Ways - General Midi Mix,General Midi,EDM,breakbeat,Happy;Energetic;Motivated,workout,125.983,0.673,0.911,0.913,0.00033,0.227,0.0593,0.058,-4.014,346186,14
5WB5Ruziqy7izJ1i9buvdM,"Sonata for Piano and Violin in F, K.13 - for Harpsichord and Violin: 3. Menuetto I-II",Wolfgang Amadeus Mozart;Gérard Poulet;Blandine Verlet,Classical,classical,Calm;Romantic;Chill;Nostalgic,studying,85.001,0.44,0.334,0.5,0.883,0.0,0.0365,0.357,-13.126,98506,1
2bR0drb2tOaznRIfOTHzwF,Chiquilín de Bachín,Amelita Baltar;Fito Paez,Latin,tango,Sad;Calm,studying;sleep,78.434,0.383,0.251,0.14,0.826,0.0,0.0442,0.115,-13.056,221934,28
4dSMhQJdhx8K7yZFz1HqtN,"5 Songs, Op. 38: No. 1, Autumn Evening",Jean Sibelius;Gustav Djupsjöbacka;Tom Krause,Classical,classical,Sad;Calm,studying;sleep,73.698,0.308,0.0569,0.0394,0.991,0.000105,0.0706,0.189,-20.515,239333,0
228g1NgJgOs36q9m1McKps,Cut the Check,Mac Miller;Chief Keef,Hip-Hop,hip-hop,Dark,commute;party;cooking;driving,99.981,0.842,0.685,0.499,0.0473,0.0,0.251,0.119,-8.08,170706,2
3Btrmt5NfZM8NJlp6mQMNJ,Perto Quero Estar,Amanda Wanessa;Priscila Lopes;Débora Passos;Felipe Dutra,R&B,gospel,Dark;Chill,commute;driving,140.139,0.419,0.586,0.115,0.189,0.0,0.0272,0.277,-4.455,298226,38
1ngJbqd6UWfkH1ze9sGoVK,Jatayu,Colyn,EDM,techno,Energetic;Dark,workout;studying;driving,124.006,0.706,0.804,0.225,0.00118,0.865,0.045,0.131,-8.739,239668,45
4toR6ifoBYPiQSRPNsXhZY,Zona Sul,MC Cabelinho,R&B,funk,Happy;Energetic;Motivated,workout;driving,133.093,0.573,0.755,0.668,0.354,0.0,0.0767,0.145,-4.002,212987,46
51IDmDIBiIdusdssjXA2lO,Pull Seven,D'Arcangelo,EDM,idm,Dark,studying;commute;cooking;driving,130.001,0.647,0.687,0.482,0.00501,0.893,0.0372,0.107,-13.23,254769,10
0fMditvyHKtvP0Wda7b3Wt,"12 Variations on ‘La belle Françoise’ in E flat, K.353: 11. Variation X",Wolfgang Amadeus Mozart;Danielle Laval,Classical,classical,Calm,studying;sleep,64.338,0.389,0.113,0.74,0.991,0.842,0.0382,0.136,-20.068,67146,11
7sUuVZwDh9XWtgVwbitU2q,Keep the Commandments,Paul Cardall,Chill,new-age,Sad;Calm,studying;sleep,80.535,0.337,0.0472,0.153,0.993,0.886,0.034,0.0917,-21.658,181853,31
1TVd8FHpeg1Afa92kaO0kR,Petals,Bibio,Chill,ambient,Sad;Calm,studying;sleep,152.205,0.359,0.286,0.229,0.908,0.0036,0.0338,0.109,-10.172,152333,58
4GEzdXpbeGB97W1C3gH8Hh,The Moment,aswekeepsearching,Chill,ambient,Sad;Calm,studying;sleep,150.074,0.277,0.243,0.0379,0.966,0.889,0.0348,0.105,-18.456,110000,29
5RNGOlGqKBawkqLfdJqiqA,Nothing Is Something Worth Doing,Shpongle,EDM,trance,Dark,studying;commute;driving,118.027,0.568,0.7,0.247,0.192,0.907,0.03,0.117,-12.089,384226,44
33zA3geOmehQNOZAzSQMYi,Kaivalya Gaan,Rahul Deshpande,Classical,classical,Energetic;Dark,workout;driving,119.718,0.393,0.772,0.385,0.265,0.0,0.0408,0.331,-3.887,350000,31
1lP5gmOcL7PxGodcw6rX04,Dreamland,Alexis Ffrench,Chill,ambient,Sad;Calm,studying;sleep,167.29,0.235,0.118,0.185,0.98,0.888,0.0318,0.125,-20.222,161258,53
6Dj0m5QVCJrXgM1N79IYJd,Vivo Otra Vez Contigo,Andrea Bocelli,Classical,opera,Sad;Calm;Chill,studying,70.027,0.369,0.308,0.079,0.819,0.0,0.0315,0.104,-10.575,262684,24
58f4twRnbZOOVUhMUpplJ4,Brown Munde,AP Dhillon;Gminxr;Gurinder Gill;Shinda Kahlon,Hip-Hop,hip-hop,Dark,commute;cooking;driving,100.024,0.854,0.611,0.417,0.223,0.0,0.0864,0.119,-6.26,254400,76
2W8Ctbm6kG0Q81ebOQITFR,Ao Único,Jeyzer Maia,R&B,gospel,Sad;Calm,studying;sleep,127.599,0.327,0.179,0.279,0.924,3.13e-06,0.0347,0.111,-14.551,215920,39
19MJEXA5LZvz2FqiCb9MQU,Sri Meenakshi Pancharatnam,M. S. Subbulakshmi,Classical,classical,Calm;Nostalgic,studying;sleep,169.572,0.43,0.271,0.417,0.955,0.0,0.0673,0.293,-10.088,212906,30
2MwCoo4GeXpi8soWn9EiPo,Kannazhaga - The Kiss of Love,Anirudh Ravichander;Dhanush;Shruti Haasan,Hip-Hop,hip-hop,Romantic;Chill;Nostalgic,commute;cooking,109.935,0.574,0.496,0.61,0.431,0.0,0.0277,0.399,-7.153,205946,67
1zPlQih67ZvC3Xp6c2dxUI,Who Am I ?,Arivu,Hip-Hop,hip-hop,Happy;Motivated,workout;studying;commute;driving,135.992,0.692,0.746,0.917,0.565,0.535,0.0744,0.572,-8.926,243000,58
17zhTJmYHSyF9v6T9RzFcB,O Sol Ainda Brilha,Rosa de Saron,R&B,gospel,Sad;Dark;Chill,commute;driving,101.68,0.342,0.541,0.193,0.103,0.0,0.028,0.115,-5.862,272502,41
7aAUBn95iXUX67K9AzUyzN,dropout,sadeyes,Rock,emo,Energetic,workout;driving,150.285,0.541,0.849,0.498,0.00487,5.09e-06,0.146,0.126,-6.773,121575,43
1yexhSDARSLVvRCBU3wDAm,My Back Pages,The Byrds,Rock,psych-rock,Happy;Chill,commute;cooking;driving,123.243,0.558,0.524,0.727,0.109,0.0,0.0339,0.17,-10.528,188240,55
4DyFhKqtKbM8eLdehJfBg0,"Gianni Schicchi: ""O, mio babbino caro"" - Live In London / 1994",Giacomo Puccini;Kiri Te Kanawa;London Symphony Orchestra;Stephen Barlow,Classical,opera,Sad;Calm,studying;sleep,95.745,0.21,0.135,0.0378,0.984,0.000786,0.0462,0.115,-20.284,146986,27
5VZj2gdc5tbZ0yG9aWK68r,Nuh Tell Me Nuttn,Chronic Law,EDM,j-dance,Happy;Energetic;Motivated,driving,91.678,0.662,0.772,0.655,0.66,0.0,0.138,0.143,-3.711,189079,20
5iUbq311UD3MZYmfi2a1Ob,Pablo Sandhanam - Background Score,Anirudh Ravichander,Hip-Hop,hip-hop,Dark,commute;driving,141.73,0.843,0.579,0.395,0.278,0.0174,0.352,0.384,-7.505,45055,68
7L3fJyDWjGnLnfw2errcOV,Skate,Bruno Mars;Anderson .Paak;Silk Sonic,EDM,dance,Happy,commute;cooking;driving,112.027,0.708,0.598,0.698,0.037,0.0,0.0291,0.17,-8.365,203122,6
325toqbCzE1g1pYIED7U4C,Take It Back,Pink Floyd,Rock,psych-rock,Dark,commute;driving,112.426,0.469,0.6,0.135,0.132,0.00606,0.0288,0.273,-11.155,372225,52
1hLDkHXpqNnolabWaLPiNs,Rasta Blasta - VIP,Drumsound & Bassline Smith,EDM,drum-and-bass,Energetic,workout;studying,174.017,0.466,0.961,0.472,0.0526,0.575,0.223,0.281,-0.525,353132,24
1eso5zqeGc9fI06Ti5afWj,Don’t Fade Away,John Lindberg Trio,Rock,rockabilly,Happy;Energetic;Motivated,workout,107.62,0.571,0.932,0.807,0.0276,0.0084,0.0391,0.344,-6.424,221680,34
1IavuiWnbbts36JWozObGE,Un Reel,Ozuna;TINI,Latin,latin,Happy;Motivated,workout;commute;party;driving,163.005,0.715,0.744,0.746,0.233,0.000159,0.0487,0.122,-4.963,203840,62
6Wc9IMXIkxJgpoFNYzrcIC,Sardinia,Anenon,EDM,idm,Sad;Calm,studying;sleep,101.325,0.263,0.163,0.0347,0.942,0.963,0.0345,0.183,-16.51,200128,9
5M4NzskhOnjs5q1osSSBj2,Sometimes I Feel Like,Chez Damier;Ron Trent,EDM,chicago-house,Happy,studying;commute;party;cooking;driving,123.656,0.824,0.645,0.607,8.05e-05,0.909,0.0574,0.0756,-9.578,344838,13
017qYDiQ3s9Yp5PZbdtPzr,No Veneno,Strike,Rock,j-rock,Happy;Energetic;Motivated,workout,177.952,0.527,0.981,0.852,0.015,0.0,0.126,0.211,-2.675,201533,40
0y0HrKI5wQLCrBmVBQVAFz,Ta Holka V Mym Sklepě,Reznik,Rock,emo,Dark,commute,83.433,0.535,0.746,0.461,0.0632,0.0,0.11,0.13,-4.552,211240,35
0YMe6PHRbeDcN7KJdCG0bW,The Dress,Dijon,R&B,soul,Happy,commute;cooking,88.009,0.747,0.531,0.785,0.266,1.8e-06,0.0477,0.192,-5.99,184767,69
3gabpaWiZTxdxRDTMqemWz,Quero Ser Teu Amigo,Gabriel Brito;AtituD,R&B,gospel,Dark,commute,73.833,0.43,0.648,0.374,0.671,0.14,0.0306,0.137,-9.424,195222,41
1A3K44xa9pVPWdsCnfdHim,Abu Simbel - Hania Rani Invalides Version,Hania Rani;WhoMadeWho,Chill,ambient,Sad;Calm,studying;sleep,119.972,0.469,0.17,0.202,0.988,0.244,0.0399,0.0772,-18.551,339082,52
45SW4gTA0jvwLWfL3lLKy2,Na Hora H,Bonde do Forró,Latin,forro,Happy;Energetic;Motivated,workout,91.055,0.591,0.868,0.833,0.465,0.0,0.059,0.65,-4.901,165537,40
0mHKNruyEQ4NgVpnqov5wv,Poppy,Dpsht,Jazz,jazz,Calm;Nostalgic,studying;sleep,147.838,0.798,0.172,0.433,0.894,0.918,0.0998,0.109,-14.949,104797,57
2EFMqzs87dBSsCrwaMytAA,Paradeiro,PH e Michel,Latin,sertanejo,Happy;Energetic;Motivated,workout,159.847,0.614,0.875,0.818,0.441,0.0,0.134,0.424,-3.225,163596,43
5pmxkW0gZrqq00Gy1aGZQv,"On the Nature of Daylight (From ""Arrival"")",Max Richter;Maksym Rzemiński;Radom Chamber Orchestra;Dawid Runtz,Chill,ambient,Sad;Calm,studying;sleep,71.007,0.108,0.0172,0.0705,0.96,0.981,0.0462,0.0882,-27.017,335653,31
3YK5bgRtPu0IBhAZmSWmf3,Spirit of Water,Dean Evenson,Chill,new-age,Sad;Calm,studying;sleep,70.971,0.157,0.211,0.109,0.974,0.942,0.042,0.14,-17.041,258000,24
63Gs26xnO7C7DizhIXwVsW,"Carmen, Act III, No.24 Finale: Prends garde à toi Carmen (Don José/Le Dancaïro/Bohémiens et Bohémiennes/Le Remendado/Carmen/Micaëla/Frasquita/Mercédès)",Georges Bizet;Roberto Alagna;Michel Plasson;Wolff;Orchestre National Du Capitole De Toulouse,Classical,opera,Sad;Calm;Chill,studying;commute,86.792,0.321,0.362,0.0563,0.97,4.54e-05,0.126,0.466,-14.125,295240,20
20vEB3It4xYzKHlMecu6X1,Table For Two,Abel Korzeniowski,Chill,ambient,Sad;Calm,studying;sleep,132.028,0.199,0.133,0.0388,0.914,0.868,0.0379,0.278,-15.992,203466,58
3aP4xUqx8j80mupqAg09Gi,Thawn,Stumbleine,EDM,idm,Sad;Dark;Chill,studying;commute;driving,119.962,0.544,0.519,0.0708,0.00432,0.499,0.0278,0.186,-10.731,249000,10
2REtPaI44o74h3hqF4LxGL,Stargaze,Sarah Watson,Classical,classical,Sad;Calm,studying;sleep,129.594,0.343,0.0208,0.0778,0.995,0.941,0.048,0.0852,-30.632,129889,36
7DbVKoQHjJfqw0j8Aia0Bj,爛泥,No Party For Cao Dong,Pop,mandopop,Dark,workout;commute;driving,114.952,0.708,0.734,0.425,0.0401,0.000327,0.0951,0.124,-8.619,149506,52
03ptkPkum1TgFow95bDvKf,Allegro - Danza Pastorale. Di pastoral zampogna al suon festante...*,Astor Piazzolla;Gidon Kremer;Kremerata Baltica,Latin,tango,Sad;Calm,studying;sleep,97.274,0.343,0.0469,0.167,0.897,0.0716,0.0441,0.178,-22.113,251933,16
4MRkPZD20w4j0qVHQAzHmf,Onde Você Está / Fiel Até Debaixo D´Água (Ao Vivo),Ícaro e Gilmar,Latin,sertanejo,Happy,commute;cooking,65.116,0.419,0.693,0.69,0.72,0.0,0.0504,0.431,-3.522,210044,50
3YikBQVdIZ8azTBglbehVu,Jatti Jeone Morh Wargi,Sidhu Moose Wala;Sonam Bajwa,Hip-Hop,hip-hop,Happy;Energetic;Motivated,party,89.972,0.806,0.777,0.803,0.122,2.81e-05,0.237,0.0725,-6.338,181333,57
45DZfkAwHrPUrvK6F55qIW,"回到以前 - 劇集 ""棟仁的時光"" 片尾曲",HANA,Pop,cantopop,Dark;Chill;Nostalgic,commute;driving,140.073,0.607,0.553,0.378,0.718,0.0,0.0477,0.118,-7.48,216049,22
63UkGQq18KEM46MsAHlLwd,刻在我心底的名字,Mayday,Pop,mandopop,Dark;Chill,commute;driving,133.642,0.349,0.593,0.233,0.258,0.0,0.043,0.0849,-7.8,320143,48
5pILd3WHCjJa8trmnjfRBO,BIG CHILLIN,Jack Harlow,Hip-Hop,hip-hop,Happy,commute;party;cooking;driving,129.239,0.81,0.69,0.585,0.0102,0.0,0.299,0.292,-8.257,158014,0
0s7ythDMhm44V0HLG8vdAD,Fotografia,Yiruma,Chill,new-age,Sad;Calm,studying;sleep,155.831,0.213,0.271,0.0914,0.981,0.882,0.0386,0.109,-16.985,204293,45
7kSaXrHANOFv8iXgh2gvgA,The Folks Who Live on the Hill - Live,Brad Mehldau,Jazz,jazz,Sad;Calm,studying;sleep,139.312,0.422,0.0793,0.119,0.958,0.878,0.0487,0.713,-23.268,590666,42
01B7c0nbzaf84Y3Bd8gbtn,The Christmas Song (Chestnuts Roasting On An Open Fire),Nat King Cole Trio,Jazz,jazz,Sad;Calm,studying;sleep,58.201,0.297,0.182,0.163,0.82,0.0,0.0432,0.0986,-16.929,196293,0
5iWARO07W7fW9uaU07zMeT,Alvo Mais que a Neve,Cassiane,R&B,gospel,Sad;Dark;Chill,commute;driving,128.272,0.41,0.536,0.224,0.803,0.0,0.0307,0.0972,-5.55,345698,37
1AdVqxJNhspyfmIswUrzlC,Love by Grace,Lara Fabian,Classical,opera,Sad;Calm;Chill,studying;commute,137.485,0.418,0.377,0.193,0.709,0.0,0.0327,0.0928,-8.771,248493,21
6lPQItGuSC8yAAAwVyFsH4,Sweetest Dream,Philip Wesley,Chill,new-age,Sad;Calm,studying;sleep,63.49,0.341,0.0412,0.148,0.964,0.906,0.046,0.0996,-23.285,189013,21
01AKiTk6iF60Kpvitd1Ih1,Astaghfirullah,MC STAN,Hip-Hop,hip-hop,Dark,workout;commute;driving,125.956,0.653,0.725,0.349,0.091,0.000426,0.0912,0.251,-8.464,213333,58
0lTPRKGSeeqwoVrspQ7wRW,W.A.F.O.,Outsiders;MC Gee,EDM,hardstyle,Energetic;Dark,workout,159.961,0.609,0.962,0.0729,0.12,0.0,0.0926,0.128,-2.79,199483,29
3AbVyubuGkJPbh3gTjWryp,Time passing Bell - 2021 Remastered,arai tasuku;Luna Goami,EDM,idm,Sad;Chill,commute,115.091,0.618,0.492,0.171,0.693,3.8e-05,0.173,0.116,-9.716,258000,13
74kpJaQf7qjEoDcZmF8hQj,Another Day,The Manges,Pop,power-pop,Happy;Energetic;Motivated,workout,105.196,0.578,0.964,0.734,0.000107,0.0107,0.05,0.0688,-3.065,120520,23
35wVRTJlUu2kDkqXFegOKt,You Might Think,The Cars,Pop,power-pop,Happy;Energetic;Motivated,workout;party,133.887,0.728,0.855,0.971,0.109,0.000576,0.0333,0.113,-6.031,184717,65
3JnXLE2aYxWDPk1OoFHieV,Depois da Guerra,Oficina G3,R&B,gospel,Energetic;Dark,workout,114.967,0.521,0.958,0.253,0.000192,4.23e-06,0.115,0.0884,-3.866,294057,39
5JomIE8ID4UkQSPE5bLVhE,Hooligang,Ncrypta;Monkaholics;John Kho,EDM,hardstyle,Energetic;Dark,workout,157.03,0.478,0.971,0.224,0.00232,0.0,0.281,0.533,-2.799,233850,21
4BrvRsCZ1fY6NPJMtDKGFD,Christmas Is Love,James Brown,R&B,funk,Happy,commute;cooking;driving,122.065,0.584,0.654,0.708,0.359,5.92e-06,0.0635,0.0798,-5.902,359306,0
3K0lKj1adDJUOaF4nNQTMx,Genki-Dama,7 Minutoz;Dk 47,R&B,r-n-b,Happy;Energetic;Motivated,workout;party;driving,111.998,0.826,0.776,0.703,0.318,0.0,0.0645,0.259,-4.254,259959,41
4TTV7EcfroSLWzXRY6gLv6,Alexander Hamilton,Leslie Odom Jr.;Daveed Diggs;Okieriete Onaodowan;Lin-Manuel Miranda;Phillipa Soo;Christopher Jackson;Original Broadway Cast of Hamilton;Anthony Ramos,Jazz,jazz,Romantic;Chill;Nostalgic,studying;commute;cooking,131.995,0.609,0.435,0.552,0.522,0.0,0.285,0.118,-7.861,236737,70
2Vag8ExVU4vAFj1FVvw0yC,La Noche De Los Dos,Daddy Yankee;Natalia Jiménez,Hip-Hop,hip-hop,Happy;Energetic;Motivated,workout;party;driving,129.988,0.762,0.79,0.748,0.109,2.73e-06,0.0988,0.172,-3.944,223360,0
2icQrPuCDVAMAoVAHRzF7b,"My Piano, The Clouds",Fabrizio Paterlini,Chill,ambient,Sad;Calm,studying;sleep,72.051,0.403,0.0217,0.0652,0.994,0.953,0.0502,0.109,-25.107,166173,50
0mvcsYusnTYlAkOZ077lDb,Ghana Kasoota (feat. Surbhi Jyoti),Raftaar;Rashmeet Kaur;Surbhi Jyoti,Hip-Hop,hip-hop,Energetic;Dark,driving,102.994,0.877,0.781,0.373,0.0315,0.000397,0.0548,0.239,-4.459,168640,64
1JlsSflZJh35NsQbX0nhHQ,Meu Amor Virou Gente,Arianne,R&B,gospel,Sad;Chill,commute,133.983,0.64,0.417,0.213,0.155,0.0,0.0282,0.0832,-10.181,172942,38
227o6yibgqhCnZ4i0w77CE,"Fantasia in C minor, K.475: Allegro",Wolfgang Amadeus Mozart;András Schiff,Classical,classical,Sad;Calm,studying;sleep,66.075,0.421,0.0837,0.125,0.993,0.885,0.0386,0.14,-25.476,88600,5
4G2fAwn7iRl4RpnRxcJp1C,Los Torcidos,Mr Black El Presidente,Latin,salsa,Happy;Energetic;Motivated,workout;driving,110.794,0.624,0.783,0.875,0.362,2.52e-06,0.159,0.141,-7.241,246401,34
5xFWlwt0VB7m4ZhCNoEQTW,Chaot (in mir),Die Toten Hosen,Rock,punk-rock,Happy;Energetic;Motivated,workout,162.004,0.495,0.96,0.686,0.00128,0.0,0.0771,0.19,-3.116,195130,36
7bPzk1B12yFWpnbzZIQGhm,1000 More Suns,Chicane;Joseph Aquilina,EDM,trance,Dark,studying;commute;driving,122.977,0.531,0.614,0.0393,0.352,0.731,0.0315,0.0944,-11.274,264523,54
3v4BXlbV6FOzifaA5NboOW,Protein Valve - Edit 1,Robert Hood,EDM,chicago-house,Energetic;Dark,workout;studying,131.076,0.763,0.88,0.0531,0.0241,0.931,0.0478,0.2,-8.743,313318,8
0kA4DGqvHEHo0b7Lt9ACTI,如果,陳美玲,Pop,cantopop,Sad;Calm;Chill;Nostalgic,studying,81.112,0.545,0.349,0.327,0.733,0.0,0.027,0.115,-10.584,255080,21
2erjvSbTPKGalbZZhPgcCL,Dawood,Sidhu Moose Wala,Hip-Hop,hip-hop,Energetic,workout,86.025,0.664,0.834,0.47,0.0326,0.0,0.0846,0.273,-3.761,197102,63
6fUOFTE05hFChpLs3jHYl0,Kingpin,Radical Redemption;Nolz,EDM,hardstyle,Energetic;Dark,workout,158.114,0.555,0.995,0.389,0.0229,4.52e-05,0.289,0.18,-1.283,203164,22
4ILg36l6cAmhC0QT4lImc0,Instruction,Jax Jones;Demi Lovato;Stefflon Don,EDM,edm,Happy;Energetic;Motivated,workout;party,121.081,0.762,0.923,0.936,0.103,0.0,0.189,0.105,-3.107,165906,0
3ia3dJETSOllPsv3LJkE35,California Love - Original Version,2Pac;Roger;Dr. Dre,R&B,funk,Happy;Energetic;Motivated,party;driving,91.519,0.763,0.85,0.761,0.0304,1.21e-06,0.0417,0.371,-3.052,284906,79
4x9retP0JqKa35zZZhNhNS,如愿,Faye Wong,Pop,cantopop,Sad;Calm;Chill,studying,132.882,0.545,0.316,0.0978,0.614,5.85e-06,0.0314,0.0896,-9.449,265383,56
7e2GyGtiMbUaxobafUAgt2,Night Visions,The Lillingtons,Pop,power-pop,Happy;Energetic;Motivated,workout,95.01,0.576,0.948,0.68,0.00567,0.00859,0.0326,0.141,-4.33,244573,21
4faDlXyZMSxEuxBdd5gDIz,Toxic,AP Dhillon;Intense,Hip-Hop,hip-hop,Motivated,workout;commute;party;driving,116.955,0.802,0.737,0.577,0.309,0.0,0.0432,0.0815,-4.306,184102,69
6vAxSw0WOTvzZ7Bzilnscq,Fall For Me,Teenage Bottlerocket,Pop,power-pop,Energetic;Motivated,workout,178.337,0.308,0.971,0.506,0.0318,1.18e-06,0.156,0.424,-5.003,182026,22
1e8dAsCOTWT9FjOlRqi0Qp,god(s),Jean-Michel Blais,Chill,ambient,Sad;Calm,studying;sleep,74.132,0.233,0.0146,0.0365,0.976,0.917,0.0447,0.125,-23.575,154506,24
7JtPSBiZGwFcWQRnrualuq,Uma Luta Por Dia,Mc Kevin,R&B,funk,Calm,commute;cooking,139.993,0.771,0.463,0.697,0.257,0.0,0.0507,0.0935,-9.592,185142,53
0ZgPPFEG3n4zQW7HJjhQFV,Un jour ou l'autre - Live 2019,Mylène Farmer,Pop,synth-pop,Sad;Chill,commute,154.608,0.2,0.463,0.197,0.714,0.0151,0.0378,0.967,-10.978,297826,22
48i055G1OT5KxGGftwFxWy,"Oh, Pretty Woman",Roy Orbison,R&B,r-n-b,Happy,commute;cooking;driving,127.433,0.619,0.603,0.958,0.712,0.0,0.0342,0.0721,-9.481,178933,73
0uwKnegrsnDSCHiEoC57tQ,牆外,Namewee;小花,Pop,mandopop,Romantic;Nostalgic,commute;cooking,138.044,0.73,0.48,0.623,0.853,0.0,0.0387,0.337,-6.405,256551,45
11yR5cZsBJcOlROIXj34wx,Deus Cuida de Mim,Delino Marçal;Kleber Lucas,R&B,gospel,Sad;Dark;Chill,commute;driving,102.067,0.523,0.53,0.205,0.141,0.0,0.0254,0.186,-6.412,254351,40
4W0FNDTdHWp5o9FekgGRYQ,Just Saiyan',Datsik,EDM,breakbeat,Energetic;Dark,workout;studying,149.991,0.602,0.994,0.341,0.00249,0.917,0.0921,0.285,-1.382,215600,40
4vN2FIriqOCoaeuamYZvaK,うちのばあちゃんの言うことにゃ,Rei Harakami,EDM,idm,Happy;Chill,studying;commute;cooking;driving,115.157,0.617,0.524,0.954,0.943,0.97,0.0316,0.305,-10.465,123320,16
3Dgmyz32dxvtxvUTPS0CUI,"Vivaldi Variation (Arr. for Piano from Concerto for Strings in G Minor, RV 156)",Antonio Vivaldi;Florian Christl,Classical,classical,Sad;Calm,studying;sleep,78.809,0.429,0.258,0.0972,0.957,0.893,0.0549,0.115,-16.967,112352,65
0t9X7I69027UILQB4WYCai,Velha Porteira,Chico Rey & Paraná,Latin,sertanejo,Romantic;Chill;Nostalgic,commute;cooking;driving,160.445,0.529,0.564,0.594,0.668,0.0,0.0247,0.196,-4.713,224600,43
7k8ACYfxa2aobtxHnBg1vl,Absoluta,Negritude Junior,Latin,pagode,Calm;Chill;Nostalgic,studying;commute,116.537,0.569,0.371,0.353,0.572,0.0,0.0375,0.0913,-13.646,284360,43
2do5cya7VhSK0lZ8k5WGjO,If Money Talks,Jason & The Scorchers,Pop,power-pop,Energetic;Dark,workout,175.934,0.299,0.985,0.349,0.0168,0.000204,0.103,0.339,-3.008,155093,21
06WeZXaeBERxpqbEczjuN3,Homeworld,Enei;Charli Brix,EDM,drum-and-bass,Energetic;Dark,workout;studying,169.971,0.472,0.851,0.395,0.00597,0.912,0.039,0.0862,-3.815,326743,17
5XkFtO7uMk7k0VmNT5wxUT,Peace Of Mind - Above & Beyond Deep Mix,Above & Beyond;Zoë Johnston,EDM,trance,Dark,workout;commute;driving,124.016,0.695,0.742,0.144,0.0189,0.159,0.0365,0.0974,-9.339,340838,38
1wJ5Z1Nkcqknyi2U2mjL0G,In The Shadow Of Our Pale Companion (2016 - Remaster),Agalloch,Rock,black-metal,Energetic;Dark,workout;studying;driving,115.064,0.247,0.846,0.0698,0.00122,0.586,0.0531,0.125,-6.737,892319,11
5KvpILBiZsVkF1h4mtv01f,Em Tua Presença,Casa Worship;Felipe Rodrigues;MOVER,R&B,gospel,Sad;Dark;Chill,commute,75.025,0.421,0.51,0.144,0.119,0.00041,0.0288,0.104,-8.535,411800,39
67qTdgJoYdluYB1aPZE6XF,Beware the Silence,Psychonaut 4,Rock,black-metal,Energetic;Dark,workout;driving,124.982,0.539,0.757,0.147,0.0047,0.0005,0.0499,0.0926,-6.398,310986,36
7pspftlgg7QZ2xsGmXsAZl,Bring It,Spag Heddy,EDM,dubstep,Energetic,workout;party,144.976,0.725,0.914,0.48,0.0031,1.28e-06,0.303,0.11,-1.28,230097,36
6coNzHsfvzr5kxnm6SZ9UV,You Don't Know What Love Is,Dinah Washington,R&B,soul,Sad;Calm;Nostalgic,studying;sleep,135.427,0.521,0.0976,0.307,0.962,4.93e-05,0.0492,0.0968,-12.895,242773,0
0PnaWGFod9gsV7Lwg4EmYy,Ceiling Fan In My Spoon - Remastered,The Lemonheads,Pop,power-pop,Energetic;Motivated,workout,179.054,0.266,0.946,0.594,0.000233,0.00291,0.0541,0.0481,-7.628,108013,21
13teKAKGg5O5b4WEJ8OD2D,"The Orchestra Tubular Bells Part 1 ""The Exorcist"" - Live At Sumida Triphony Hall / 2006",Mike Oldfield;Joe Hisaishi;New Japan Philharmonic World Dream Orchestra,Chill,new-age,Sad;Calm,studying;sleep,105.125,0.234,0.126,0.0864,0.928,0.875,0.0361,0.312,-19.545,615146,0
1Sz402s2SN6nPicOA8DPah,Saka Saka Saka,MC Mazzie;DJ NpcSize;DJ Wizard,R&B,funk,Motivated,workout;commute;party;driving,130.143,0.805,0.743,0.612,0.177,0.00155,0.0735,0.149,-7.244,184080,45
6grkrnX0IaNPz92hH8qDAt,Alive,Mansij;Max B Groove,Chill,ambient,Sad;Chill,studying;commute,120.053,0.539,0.407,0.036,0.439,0.885,0.0364,0.103,-13.548,288000,40
2FlJAJvMqU36pBmkcnvbo8,"Messiah, HWV 56 / Pt. 2: No. 42 ""Hallelujah""",George Frideric Handel;John Alldis Choir;London Philharmonic Orchestra;Karl Richter,Classical,classical,Calm;Chill;Nostalgic,studying;commute,99.305,0.412,0.357,0.393,0.932,0.368,0.0262,0.296,-11.694,238173,0
3Qm35fbJSuclok2fQB2rzZ,Moaning Theme - Background Score,Anirudh Ravichander,Hip-Hop,hip-hop,Motivated,studying;commute;party;driving,99.981,0.797,0.71,0.502,0.343,0.906,0.0581,0.0932,-6.815,84650,57
5w89ZNEjY3dYxV0j4oQNM0,What Child Is This,David Arkenstone,Chill,new-age,Sad;Calm,studying;sleep,114.937,0.465,0.265,0.175,0.976,0.793,0.0318,0.15,-11.393,252253,0
6NNCtrTh1VbXnrlpGyEqtp,Tight Around Her Throat She Slips Away,Stendeck,EDM,idm,Dark,studying;commute;driving,98.992,0.551,0.702,0.11,0.00292,0.915,0.0316,0.247,-9.696,240000,11
1mfJfUYXl9mg65ZRh2aqUS,Falling Slowly,Collabro,Classical,opera,Sad;Calm,studying;sleep,74.805,0.23,0.204,0.151,0.762,4.06e-06,0.0338,0.0899,-10.662,196266,20
5uuVGnkZEFHBz8unViC3iA,G-Shit (feat. Blockboi Twitch),Sidhu Moose Wala;Blockboi Twitch,Hip-Hop,hip-hop,Happy;Energetic;Motivated,workout;driving,165.543,0.658,0.761,0.843,0.0531,0.0,0.257,0.216,-6.645,233571,62
5VJQr2EMdzXZFjvInyp4AC,Lonely World,Brennan Savage,Rock,emo,Dark,commute,84.137,0.323,0.67,0.179,0.0124,0.185,0.104,0.168,-7.009,102857,58
3Ofmpyhv5UAQ70mENzB277,Astronaut In The Ocean,Masked Wolf,Hip-Hop,hip-hop,Dark,commute;party;cooking;driving,149.996,0.778,0.695,0.472,0.175,0.0,0.0913,0.15,-6.865,132780,79
61gPTchDBDaaknEzmJIAc3,Santa Cruzin',"Grover Washington, Jr.",Jazz,jazz,Romantic,studying;commute;cooking;driving,99.645,0.688,0.639,0.602,0.47,0.655,0.0425,0.117,-10.068,414613,0
0VaIWNqKPjXCfiv3wtKX6P,Şarkılar Yazdım,Asu Maralman,Rock,j-rock,Happy;Romantic;Chill,commute;cooking;driving,104.981,0.507,0.583,0.714,0.641,4.14e-05,0.0326,0.35,-8.995,184440,34
5I2wbDvSI98HLVB42YO9sU,"Lagdi Lahore Di (From ""Street Dancer 3D"")",Guru Randhawa;Tulsi Kumar;Sachin-Jigar;Vee,Hip-Hop,hip-hop,Energetic,party;driving,95.014,0.786,0.797,0.453,0.233,0.0,0.0414,0.0861,-4.063,215368,61
75XNE0jwgIE0sgd3Ooey4q,Sou Igualzinho A Você,Amado Batista;Elias Wagner,Latin,sertanejo,Romantic;Chill;Nostalgic,commute;cooking,78.028,0.505,0.497,0.632,0.531,0.0,0.0258,0.105,-9.975,228365,45
3h4T9Bg8OVSUYa6danHeH5,Animals,Maroon 5,Pop,pop,Dark,workout;commute;driving,189.868,0.279,0.742,0.328,0.000185,0.0,0.0898,0.593,-6.46,231013,70
2o8CcAp2kvoGKcySptVPmr,Don,Asspera;Ale Sergi,Rock,heavy-metal,Energetic,workout,195.028,0.509,0.863,0.478,0.000121,0.000113,0.0554,0.363,-5.359,203691,31
7ovUSP7jWkzWR2SHptYJfd,你被寫在我的歌裡,Sodagreen;Ella Chen,Pop,mandopop,Romantic;Chill;Nostalgic,commute;cooking;driving,203.561,0.35,0.529,0.503,0.748,0.0,0.0343,0.237,-7.86,275493,57
2r94LHyx7wZyvB6mUDgvZI,Entero O A Pedazos - Acustico,Catupecu Machu,Rock,punk-rock,Chill;Nostalgic,commute,101.204,0.519,0.468,0.352,0.563,0.0,0.0357,0.702,-7.287,306546,38
3d8Y8re4ZAJ72QGlLFoVIC,Por Culpa de Mi Orgullo,Amaya Hnos,Latin,salsa,Happy;Energetic;Motivated,workout;party;driving,112.43,0.766,0.768,0.777,0.161,0.0,0.0368,0.0919,-4.669,236382,34
06afPlVcnfVAjWnI6GuBtI,Bogotá Salsera,Guayacán Orquesta,Latin,salsa,Happy,commute;cooking;driving,105.008,0.815,0.595,0.905,0.269,0.000212,0.0359,0.0264,-9.321,290459,31
257SoE95qEweGItCB9Q5rE,Call Me Joker,Hildur Guðnadóttir,Chill,ambient,Sad;Calm;Chill,studying,120.772,0.199,0.319,0.0462,0.00513,0.893,0.0334,0.144,-14.43,288800,46
7cTM2e54YEoJvFOFWBU4qZ,Good Newwz Theme,KSHMR;Tanishk Bagchi,EDM,progressive-house,Energetic;Motivated,workout,170.029,0.574,0.879,0.593,0.0172,0.00654,0.0501,0.112,-3.675,165685,28
3D3jc6w0Ig7ACyZH4RIQ9D,Eres,Hansel Camacho,Latin,salsa,Calm,commute;cooking,150.178,0.745,0.477,0.882,0.432,0.0124,0.0386,0.105,-13.56,326426,29
6O0gkgGJUsT5uX4w8agNOO,Ocean To Ocean - Instrumental,Model 500,EDM,detroit-techno,Dark,workout;studying;commute;driving,124.751,0.676,0.705,0.399,0.0126,0.887,0.0811,0.215,-13.912,403466,8
4Vv47ROLfMk3sJD8JK0iw8,一個人回家,新青年理髮廳,Pop,cantopop,Sad;Calm;Nostalgic,studying;sleep,73.172,0.689,0.227,0.308,0.694,0.0,0.0333,0.106,-10.294,283972,39
7pH7Gj3mUwro3omQrT8G6D,Blast Off,Dither,EDM,idm,Energetic;Dark,workout,95.006,0.6,0.981,0.385,0.0184,0.0921,0.156,0.0802,-1.498,189473,13
2hCoTGXZCtkMwOQTvEgv4T,Festa de Crente (Ao Vivo),Banda Som e Louvor,Latin,forro,Energetic;Motivated,workout,175.276,0.393,0.95,0.553,0.366,0.0,0.212,0.817,-4.671,481535,38
6KlLjzEYcJs0VmPMLe6FUw,classic j dies and gets a million streams,glass beach,Pop,power-pop,Sad;Calm;Chill,commute,123.371,0.469,0.362,0.156,0.0661,0.0,0.0498,0.573,-11.382,302903,23
4uyyE5w3qCe70JXj6JRsMO,O Que Será De Nós,Ivete Sangalo;Tierry,Latin,samba,Happy;Energetic;Motivated,workout,121.963,0.695,0.877,0.857,0.219,0.0,0.0995,0.657,-2.888,215411,38
2g6tReTlM2Akp41g0HaeXN,Die Hard,Kendrick Lamar;Blxst;Amanda Reifer,Hip-Hop,hip-hop,Dark,commute;driving,100.988,0.775,0.736,0.362,0.319,0.00116,0.247,0.127,-8.072,239026,82
5ZTsPwtt7aCuzbWd5rDGys,Shana Bann,MC STAN,Hip-Hop,hip-hop,Sad;Dark;Chill,commute;driving,99.901,0.674,0.514,0.192,0.0126,0.0,0.227,0.158,-10.956,228112,66
74SUn8w4lYSwgOGPvVZiEo,Gallowdance,Lebanon Hanover,Rock,punk,Energetic;Dark,workout;studying;driving,138.033,0.705,0.766,0.279,0.511,0.845,0.033,0.109,-8.432,292600,67
1Iheu4p4V9Q0NtYGycPj81,Want My Love,Metrik;Elisabeth Troy,EDM,drum-and-bass,Dark,workout;commute;driving,173.951,0.492,0.74,0.0392,0.0158,3.16e-05,0.0538,0.151,-7.067,248275,17
4SY259DM3lcZjPSdcfeqTM,Before You,BCee;Charlotte Haining;Emba,EDM,drum-and-bass,Energetic;Dark,workout;driving,174.011,0.481,0.829,0.0503,0.00864,1.18e-05,0.0447,0.222,-3.439,179310,50
3DL7joEwJDh9Enw9IBSnjp,"String Quartet No. 8 in C Minor, Op. 110: 2. Allegro molto",Dmitri Shostakovich;Borodin Quartet,Chill,ambient,Romantic;Chill;Nostalgic,studying;commute;cooking,125.925,0.421,0.46,0.435,0.966,0.894,0.0375,0.105,-13.568,173133,40
6qDHgeUBJFKYAGPBj3eVD6,Balcony,Jordan Sandhu,Hip-Hop,hip-hop,Dark,commute;driving,94.196,0.537,0.712,0.432,0.131,0.0,0.207,0.174,-5.342,163404,59
5C6UoWO8yA33mdkRTv2Pdg,Darkness,Josh A;Lil Revive,Rock,emo,Romantic;Nostalgic,commute;cooking;driving,90.032,0.804,0.521,0.648,0.534,0.0,0.0605,0.247,-7.753,112076,54
71ydqtysocsBcbQynzGvlh,Corcovado (Quiet Nights Of Quiet Stars) - Single Version,Stan Getz;João Gilberto;Astrud Gilberto;Antônio Carlos Jobim,Jazz,jazz,Calm;Nostalgic,studying;sleep,128.043,0.531,0.198,0.437,0.952,0.00267,0.039,0.119,-15.811,139986,45
4spWuQGeCnJlO3Bz8Y5WzH,U Are - Gari Bay Rework,Aaron Smith;Monica Villacci,EDM,chicago-house,Calm,studying;commute;cooking,126.007,0.831,0.422,0.747,0.00189,0.635,0.0634,0.0425,-5.451,375476,10
6oaidYwGQkwbBbInVjfzAM,Funky Shit,The Prodigy,EDM,breakbeat,Energetic;Dark,workout;studying,125.011,0.704,0.99,0.252,0.157,0.802,0.0812,0.629,-5.208,316426,46
1XL4uJAU8BL1RWgP1GCgwQ,Eppur Si Muove,Enigma,Chill,new-age,Sad;Chill,studying;commute,119.998,0.498,0.461,0.0368,0.934,0.821,0.0532,0.0809,-16.296,221160,40
4oglYe270D9yn6Gc0JWc03,"Oo Bolega Ya Oo Oo Bolega (From ""Pushpa The Rise Part - 01"")",Kanika Kapoor;Devi Sri Prasad,Hip-Hop,hip-hop,Energetic,workout;party;driving,128.032,0.922,0.763,0.478,0.261,0.0672,0.0974,0.464,-5.948,226313,64
6Ozx2ngGtXrqznTKhKBlrT,Deva Shree Ganesha,Ajay-Atul;Ajay Gogavale,Hip-Hop,hip-hop,Energetic,workout,150.04,0.34,0.96,0.475,0.238,4.32e-06,0.0802,0.0378,-5.427,356826,63
7gK2q5m7SDSY4MDPvv3v9c,"Don Giovanni, ossia Il dissoluto punito, K.527 - Arr. for 8 wind instruments by Johann G. Triebensee (1746-1813) - Act 1: ""Madamina, il catalogo è questo""",Wolfgang Amadeus Mozart;Members of the Netherlands Wind Ensemble;Werner Herbers;Carlo Ravelli;Hans Mossel;Hens Otter;Joep Terwey;Kees Olthuis;Iman Soeteman;Jan Peeters;Hans Krul,Classical,classical,Calm;Nostalgic,studying;sleep,94.024,0.495,0.144,0.391,0.986,0.847,0.038,0.222,-21.977,99986,6
5lIat5pyge2yKkV20FlgQ7,Little Do You Know,Campsite Dream,EDM,deep-house,Energetic;Dark,driving,95.03,0.698,0.757,0.349,0.0827,0.0,0.0447,0.195,-5.821,168680,50
6f0nSkIgrc01mEk4G5kWau,Continue,SEAMO,Pop,j-pop,Energetic,driving,94.969,0.625,0.841,0.478,0.365,8.22e-06,0.0638,0.127,-4.027,256466,40
3dDEqZAgmnMGeTh8sRueI4,Dheere Dheere Pyar Ko,Alka Yagnik;Kumar Sanu,Pop,k-pop,Chill,commute;cooking,120.553,0.533,0.451,0.801,0.729,0.000251,0.0317,0.331,-10.446,328640,51
61tnfFfea71XruDZadOUmu,Still Wiz,Wiz Khalifa,EDM,dance,Dark,commute;driving,90.052,0.833,0.664,0.334,0.0537,0.0,0.135,0.0637,-5.358,170987,0
1ll87M6LoKBpgGnjHGgpkK,Pisadinha dos 600,Turma da Pisadinha;Anderson & Vei da Pisadinha,Latin,forro,Happy;Energetic;Motivated,studying,91.995,0.648,0.871,0.891,0.328,0.426,0.0482,0.0454,-4.578,127325,45
1ugTSkllKG0YdiPaOEPa0z,Balcony Hotel - From 'Miss',Lambert,Chill,ambient,Sad;Calm;Nostalgic,studying;sleep,132.361,0.503,0.209,0.325,0.974,0.913,0.0288,0.102,-22.495,168398,51
50HWplVj4mED6x7Hgv6wgb,Te Veré,Alex Sensation;Justin Quiles,Latin,latino,Happy;Motivated,commute;party;driving,104.971,0.812,0.715,0.668,0.0602,5.46e-06,0.0391,0.0526,-3.879,185586,0
1BzohouhG5mB7J5cFCtJF2,"Jeux d'enfants, Op. 22: V. The Ball",Georges Bizet;Barry Wordsworth;London Symphony Orchestra,Classical,opera,Romantic;Chill,studying;commute;cooking,97.275,0.579,0.486,0.702,0.962,0.93,0.0379,0.142,-20.078,109600,19
7fgqEIEV6kpswoBsgru92Z,Impromptu,Olivia Belli,Chill,ambient,Sad;Calm,studying;sleep,103.05,0.235,0.0177,0.0464,0.989,0.919,0.0362,0.0917,-31.596,155360,51
3P9lW9xTkSp72M8bUSBRVC,Walking In The Forest,Yiruma,Chill,new-age,Sad;Calm,studying;sleep,93.158,0.401,0.128,0.0578,0.988,0.919,0.0387,0.106,-16.846,187250,43
3kwqNLXvsjSrIXbVsRBj8q,七里香,Jay Chou,Pop,mandopop,Romantic;Chill,commute;cooking;driving,142.132,0.483,0.576,0.49,0.382,0.00011,0.028,0.278,-6.911,295306,60
6RywyLbrxhY5Ds7Ba2OT9Y,He Is Risen,Paul Cardall,Chill,new-age,Sad;Calm,studying;sleep,144.103,0.428,0.202,0.277,0.958,0.894,0.048,0.0881,-13.459,155333,22
5MA2Oc7KhWjIe5bGKWX8Up,Colina Azul,Johnny Dynamo,Rock,rock-n-roll,Romantic;Chill,commute;cooking,141.499,0.478,0.429,0.681,0.45,0.0,0.0348,0.114,-10.607,151946,35
6rWfligUryssDGdxaNWpmY,Kadhalikkiren,Dhinesh Nagarajan,Pop,indie-pop,Dark;Chill,commute;driving,92.0,0.63,0.578,0.389,0.334,2.46e-06,0.0662,0.0955,-9.489,215722,40
4UapIunqXK3g1HUygS3Zz0,A Kiss To Build A Dream On - Single Version,Louis Armstrong,Jazz,jazz,Sad;Calm;Nostalgic,studying;sleep,88.325,0.688,0.166,0.336,0.819,0.0,0.0697,0.126,-8.731,182306,0
38pskhYrz1ebYWWpSrNUwK,Ain't That A Kick In The Head - 1997 Remaster,Dean Martin,Jazz,jazz,Calm,studying;sleep,131.74,0.648,0.258,0.776,0.627,0.0,0.0554,0.293,-11.995,147293,0
1EkgjxXCDMCcTxucb022Xu,Balboa Towers,The Acacia Strain,Rock,death-metal,Energetic;Dark,workout,130.045,0.553,0.939,0.276,0.00119,0.219,0.0782,0.316,-5.364,276253,22
3HSt1ZgyKd8MONJ722o8PT,Vi kommer aldrig att dö,Bo Kaspers Orkester,Pop,j-pop,Sad;Chill,commute,110.153,0.664,0.499,0.194,0.0589,0.000826,0.0298,0.103,-12.929,264226,37
4P0r0yO7HNPvOra7BHGixH,Money Rain - Phonk Remix,VTORNIK;Phonk,Hip-Hop,hip-hop,Happy;Energetic;Motivated,party;driving,102.02,0.936,0.791,0.746,0.355,0.00628,0.235,0.168,-3.605,150941,77
690SQwV9HI5aK07YO5yByz,Losing Control,Villain of the Story,Rock,metalcore,Energetic,workout,125.037,0.548,0.966,0.474,0.00101,0.0,0.0719,0.436,-4.616,208920,56
1bfJxjbUO2VMHAwBN8kxga,Disconnected,Refract,EDM,hardstyle,Energetic;Dark,workout,155.071,0.577,0.964,0.396,0.0252,1.59e-05,0.107,0.142,-2.422,206611,20
6zdikHQs2PBFgGIZBxqOeV,Po Nee Po - The Pain of Love,Anirudh Ravichander;Mohit Chauhan,Hip-Hop,hip-hop,Romantic,commute;cooking;driving,90.034,0.549,0.619,0.407,0.372,7.67e-06,0.0344,0.146,-6.924,251786,68
3pQx6gCmnYmDCJxV3yH0un,Crashing Down,Zyon,EDM,hardstyle,Energetic;Dark,workout,77.598,0.283,0.834,0.274,2.8e-05,0.00152,0.0474,0.916,-6.22,150580,21
2FEry3x8gDr7UJzH69m8q9,Over the Rainbow,Collabro,Classical,opera,Sad;Calm,sleep,77.834,0.236,0.206,0.144,0.482,0.0,0.0332,0.0753,-11.5,222920,19
6oPr6TGAUyOcMIx8ABhEtW,Tonight May Have To Last Me All My Life - Remastered,Nancy Wilson,Jazz,jazz,Sad;Calm,studying;sleep,117.359,0.441,0.0613,0.0777,0.951,0.00405,0.0436,0.0789,-17.266,173466,0
6r7puUYzh1BMIwM2hcEzoP,Raven Clows,Moonspell,Rock,black-metal,Energetic;Motivated,workout,134.427,0.457,0.892,0.581,0.000349,0.287,0.0484,0.231,-6.28,196133,24
0zbLrGUC1hJcbZzXOsmpZz,The Nearness of You,Emile Pandolfi,Chill,new-age,Sad;Calm,studying;sleep,87.238,0.282,0.116,0.145,0.919,0.883,0.0413,0.109,-19.613,260800,20
3xBeIzqPtWPK7Bl6kjovfu,Amor De Table Dance,Fidel Rueda,R&B,r-n-b,Happy,commute;party;cooking;driving,154.934,0.739,0.627,0.852,0.379,0.0,0.108,0.0934,-5.168,181466,42
5R4LHqbN7o4h4hIPKN5SCE,Santa Monica,offrami;Hoosh,EDM,deep-house,Happy,commute;cooking;driving,111.043,0.828,0.543,0.675,0.0784,6.96e-05,0.0462,0.121,-8.241,166486,36
0gsBQy8Q0eWlR67xDmoWFw,So This Is Love,Emile Pandolfi,Chill,new-age,Sad;Calm,studying;sleep,163.883,0.279,0.234,0.24,0.975,0.871,0.0396,0.0908,-17.515,172187,56
65qrLy7UvfRH7hNNlrGttM,Hosana - Ao Vivo,Fernandinho,R&B,gospel,Energetic;Dark,workout,108.06,0.488,0.912,0.206,0.0537,7.69e-06,0.0432,0.675,-5.516,255373,38
5fETpZNwhxJBl1tKooCzvl,Year 3000,Busted,Rock,punk,Happy;Energetic;Motivated,driving,107.025,0.595,0.85,0.894,0.000213,0.0,0.0367,0.0961,-6.647,196200,0
7xj2n1FdeULoyFrOWDPLDA,2STYLISH,Jack Harlow,Hip-Hop,hip-hop,Dark,commute;party;cooking;driving,99.98,0.941,0.618,0.489,0.0112,0.0,0.079,0.0911,-7.702,142945,0
78KEUDqdN4IMpxVcxLR7Kh,Libertango - Radio Edit,Giorgia Fumanti,Classical,opera,Sad;Chill;Nostalgic,studying;commute,121.948,0.536,0.46,0.304,0.937,0.87,0.0336,0.0898,-9.103,200566,20
2ccThCjEt1t1SF72mP7as2,Few Days,Amantej Hundal;Karan Aujla,Hip-Hop,hip-hop,Happy,commute;party;cooking;driving,92.017,0.797,0.627,0.526,0.0143,0.0,0.145,0.324,-7.095,177391,59
3cyiLfw6V0Vz5WxUOMEex6,I Won,Ty Dolla $ign;Jack Harlow;24kGoldn,R&B,soul,Happy;Energetic;Motivated,workout;party;driving,140.993,0.762,0.788,0.672,0.272,0.0,0.174,0.114,-4.087,175639,63
5s4sjLD7BUMrRvwFLSDUUC,Você Existe Em Mim,Josh Groban,Classical,opera,Dark,workout;commute;driving,153.274,0.225,0.716,0.136,0.215,2.87e-05,0.0669,0.0986,-6.131,305786,24
6mHSkyU4vE2hvBFLqTMB6l,Sobre Nós,Leo Gandelman;Delacruz;Machine Series,Jazz,jazz,Romantic;Chill;Nostalgic,commute;cooking,88.382,0.366,0.534,0.457,0.614,0.000337,0.0403,0.156,-10.5,290560,37
3OuXuCuaZ889JdW2cX1dDw,Neither Do I,Stwo;Jeremih,R&B,soul,Sad;Calm,commute,119.955,0.812,0.398,0.189,0.453,5.4e-06,0.105,0.12,-9.832,220000,61
6XPmY4hIb1RGRyNuq0UBsl,Kina Chir,The PropheC,Hip-Hop,hip-hop,Chill,commute,117.919,0.622,0.431,0.365,0.0955,0.0,0.0293,0.088,-8.26,216026,72
3WFAdUVTAuLeTMApMwGgvr,born with horns,Machine Gun Kelly,Hip-Hop,hip-hop,Energetic;Dark,workout,95.073,0.569,0.919,0.256,0.00089,9.44e-05,0.135,0.0524,-5.378,147943,4
5zHx5ZKOLaatEm9mdVhobm,Tell Me When You Leave,Shannon & The Clams,Pop,power-pop,Happy;Energetic;Motivated,workout;studying;driving,156.164,0.417,0.757,0.912,0.127,0.892,0.0514,0.0969,-6.786,142706,23
3dkXSYgqtNE3BlLendqGnU,1.5.7,2T;Chris Beats Zn;Tz da Coronel;SoudCrime,R&B,funk,Dark,commute;driving,119.942,0.583,0.635,0.236,0.0327,0.0,0.0393,0.422,-6.033,163000,49
5rGVWeJK826Da7y0Cu9Z0n,O Teu Amor,Isadora Pompeo,R&B,gospel,Happy;Motivated,workout;commute;driving,155.899,0.653,0.72,0.768,0.499,3.8e-06,0.0524,0.127,-9.259,279615,40
40UlFC0dIxv7lAEJaPZLnm,Alone in Kyoto,Air,Chill,ambient,Sad;Calm;Chill,studying;commute,179.956,0.525,0.366,0.0785,0.958,0.751,0.0718,0.137,-16.488,291000,56
5gSVKG0R4xc8qtDIoyDNy8,Saada Pyaar,AP Dhillon;Gurinder Gill;Money Musik,Hip-Hop,hip-hop,Dark,commute;driving,91.004,0.743,0.655,0.164,0.0391,0.0,0.0866,0.118,-5.228,213626,69
58prIObJ1GMpyG51jnMjeS,Badfella,Sidhu Moose Wala,Hip-Hop,hip-hop,Happy;Energetic;Motivated,workout;driving,177.916,0.616,0.844,0.785,0.124,0.0,0.201,0.255,-4.674,217531,59
74qF0JeFMVilMEeFDiQZ48,"Mummy Nu Pasand (From ""Jai Mummy Di"")",Sunanda Sharma;Tanishk Bagchi,Hip-Hop,hip-hop,Happy;Energetic;Motivated,party,94.018,0.776,0.969,0.802,0.0149,0.000153,0.105,0.352,-0.079,184609,63
6zSGfGit15V0xewQwb7BUo,"Dois Pra Lá, Dois Pra Cá",Elis Regina,Jazz,jazz,Calm;Romantic;Chill;Nostalgic,studying;commute,96.644,0.652,0.363,0.478,0.586,0.000219,0.0433,0.0661,-8.62,266733,39
7kJUjre7GrJDxBHVbJ5fgu,Cigano (Ao Vivo),Djavan,Latin,mpb,Dark,commute;driving,128.5,0.545,0.623,0.27,0.229,3.93e-05,0.0531,0.688,-7.931,307533,43
6PanmBWD5O01iVwBcwX4tl,Han Är Kung,Eva Eastwood,Rock,rockabilly,Happy;Motivated,workout;commute;driving,142.952,0.522,0.745,0.961,0.486,0.0,0.033,0.307,-6.002,169443,24
017PF4Q3l4DBUiWoXk4OWT,Break My Heart,Dua Lipa,EDM,dance,Dark,workout;commute;party;driving,113.011,0.73,0.729,0.467,0.167,1.39e-06,0.0884,0.349,-3.434,221820,78
4BxY1gnqICuaP6qg2Nw5HV,La Felicidad Llegó,Alberto Vazquez,Rock,rock-n-roll,Chill,commute;cooking,94.482,0.665,0.454,0.871,0.426,0.0,0.0284,0.158,-7.84,145217,30
2QYNXDeUEFQJnvnY8VoVnP,Mera Dil Tere Liye,Anuradha Paudwal;Udit Narayan,Pop,k-pop,Energetic;Motivated,workout,80.368,0.484,0.754,0.576,0.726,0.00382,0.0663,0.392,-7.918,274920,46
4XdqINJVgXZW7D9cpClgeU,Here With You,Sick Puppies,Rock,grunge,Energetic;Motivated,workout,75.995,0.471,0.765,0.537,0.000254,0.0,0.0476,0.115,-4.876,213360,40
3BXxB5Vqu3YUCoKn9Ce9y0,Make It Last Forever,Keith Sweat;Jacci McGhee,R&B,soul,Chill,commute;cooking;driving,168.288,0.497,0.51,0.507,0.0325,0.0,0.0834,0.641,-12.054,296400,0
5CuO4SNNPEnNsfwzeF6LIq,Roman Candles,Death Cab for Cutie,Pop,indie-pop,Energetic;Dark,workout;driving,129.901,0.518,0.757,0.189,0.000777,0.00931,0.0555,0.115,-8.584,130106,0
5Pcf30ig9gfvyvJfk0LiBf,永遠愛著您,Grasshopper,Pop,cantopop,Chill,commute;cooking,135.471,0.494,0.474,0.431,0.281,0.0,0.12,0.695,-15.515,304457,21
6kRyHBN2bEncifnisnxtCN,Eu Nasci de Novo - Ao Vivo,Diante do Trono;Ana Paula Valadão,R&B,gospel,Dark,commute;driving,144.012,0.509,0.606,0.284,0.494,0.0,0.0382,0.349,-6.667,863306,38
3nUHbzarc3T956rAvVaN7w,The Heart Asks Pleasure First,Michael Nyman;Ahn Trio,Chill,ambient,Sad;Calm,studying;sleep,168.501,0.216,0.172,0.0997,0.989,0.819,0.0456,0.0949,-21.399,187426,0
3yBD2U2NN4AObn7rTveeYs,Se Tem Paixão - Ao Vivo,Matheus & Kauan,Latin,sertanejo,Happy,commute;cooking;driving,104.994,0.584,0.673,0.531,0.572,0.0,0.0272,0.493,-5.453,186993,52
0SlwcOEjRSEdkOD7DRcPvg,Blood Talks,Jordan Sandhu;Zikar Sandhu,Hip-Hop,hip-hop,Motivated,commute;party,89.967,0.763,0.735,0.532,0.154,0.0,0.185,0.391,-3.9,188000,58
4x8or2YedkW1d1EqnSlSx3,I'll Provide,Moodymann,EDM,detroit-techno,Happy,studying;commute;party;cooking;driving,122.001,0.882,0.659,0.535,0.00424,0.486,0.0552,0.14,-11.379,364680,28
2eoWx0xpv4Ghd5o40mXoNh,Margarita,Los 4;JP el Chamaco,Latin,salsa,Happy;Energetic;Motivated,workout;party,122.068,0.749,0.854,0.832,0.192,5.45e-06,0.122,0.204,-4.67,226244,27
5MHN05L4SL4DursLCHj64L,V & I (回憶組曲新唱版),Vivian Hsu,Pop,mandopop,Sad;Chill;Nostalgic,commute,116.278,0.439,0.476,0.333,0.444,0.0,0.0786,0.366,-7.7,277000,23
1TDBIYLxJ7u1qRp4OkrJT8,Corteo,arai tasuku,EDM,idm,Sad;Calm,studying;sleep,133.648,0.346,0.0126,0.0731,0.968,0.942,0.0399,0.0818,-21.713,212000,11
2gpz5SQb1NEPPxjbSglAZK,Trabajo Forzado,Pappo,Rock,heavy-metal,Happy,commute;cooking,75.814,0.547,0.699,0.622,0.0213,0.00835,0.0357,0.131,-4.634,248066,23
6GbvWYsT5sWXYgo8Bw6HPE,West Indies,Koffee,EDM,j-dance,Dark,commute;cooking;driving,90.137,0.754,0.638,0.437,0.118,0.0,0.303,0.204,-7.951,237458,52
7LmFgyIHlXRqjDOt68RQoQ,凉凉 - 電視劇《三生三世十里桃花》片尾曲,Aska Yang;Zhang Bichen,Pop,mandopop,Dark;Chill,commute;driving,90.005,0.463,0.56,0.267,0.78,1.09e-05,0.0292,0.0891,-7.832,333333,56
3s7NKMJGgF8jKE6ICuCdBR,One Step Closer - Live,Linkin Park,Rock,grunge,Energetic;Dark,workout,94.995,0.353,0.979,0.242,4.97e-05,0.000125,0.0942,0.41,-4.464,247066,25
1kXAT5Y0fIBw1vVbTgoS3i,Elegy,Novo Amor,Chill,ambient,Sad;Calm,studying;sleep,102.231,0.155,0.258,0.0317,0.979,0.95,0.0358,0.611,-13.266,207200,46
3YV4Go0hpYXjGTGLJXjfda,"Sajna, Say Yes To The Dress",Badshah;Payal Dev,Hip-Hop,hip-hop,Happy;Energetic;Motivated,driving,107.636,0.633,0.776,0.889,0.296,0.0,0.173,0.225,-3.839,158055,65
7mhJ08BCG6goQ8mPpk9TuZ,Two Two Two,Anirudh Ravichander;Sunidhi Chauhan;Sanjana Kalmanje,Hip-Hop,hip-hop,Happy,commute;party;cooking;driving,140.047,0.837,0.691,0.648,0.0207,0.00361,0.147,0.198,-4.982,176345,57
4RbgkygkOkbPIZ30gOfVsP,Party All Night Long - Original Mix,Paul Johnson,EDM,chicago-house,Happy,commute;cooking;driving,127.979,0.879,0.576,0.527,0.002,0.0292,0.0519,0.0793,-10.273,375988,0
1Kg1pUYOa3mYdQG9zi7SjV,Prohibidox,Feid,Latin,latin,Energetic;Motivated,workout;driving,180.108,0.647,0.801,0.517,0.0451,0.0,0.249,0.0628,-2.946,166253,7
4OukDE7pBKhCV4YYeYhnjq,Fly Me to the Moon,Olivia Ong,Pop,mandopop,Sad;Calm;Chill,studying;commute,114.854,0.629,0.38,0.232,0.934,0.000693,0.0317,0.103,-10.874,186133,46
5ORFEFEIsCS6JnV335CWya,Happen,Nick Hakim,Jazz,jazz,Sad;Chill,studying;commute,122.009,0.647,0.403,0.278,0.157,0.75,0.0301,0.115,-7.033,253373,46
0qTmSeOA6pQsqQmCTkRMp4,Na Alegria ou na Dor,Aurelina Dourado,R&B,gospel,Dark,commute;cooking;driving,139.948,0.665,0.665,0.441,0.0903,0.0,0.029,0.109,-5.011,284081,37
0j9zhGgyPkQdHTFTik3iqt,Da Cor do Pecado - Ao Vivo,Fernando & Sorocaba,Latin,sertanejo,Happy;Motivated,commute;party;driving,102.993,0.762,0.738,0.79,0.59,0.0,0.123,0.694,-5.722,231426,46
04KS4huulIeXs5jjHV2QfE,Ясный мой свет (Velum Remix),Tatiana Bulanova,Pop,synth-pop,Energetic;Motivated,workout;driving,180.067,0.623,0.83,0.635,0.00692,0.319,0.0662,0.356,-4.003,69361,46
4LB2clNX8xZ065fStce2JF,百年孤寂,Faye Wong,Pop,cantopop,Dark,workout;commute;driving,149.911,0.489,0.728,0.289,0.0148,0.0,0.0355,0.113,-5.509,317506,46
0jtGV7EP8HaRPhXSxiF3JW,Problema Seu,MC Ryan SP;Mc Danny;DG e Batidão Stronda,R&B,funk,Happy;Energetic;Motivated,workout;party;driving,149.998,0.714,0.832,0.971,0.202,0.0,0.0403,0.0648,-3.742,145600,43
0KqegYwrgcBLhk7tVUdJe0,Panther - Format:B Remix,Raumakustik;Format:B,EDM,minimal-techno,Happy;Energetic;Motivated,workout;studying;party,123.994,0.84,0.934,0.786,0.000417,0.841,0.0639,0.172,-7.936,390024,0
0qZw82sJY8aIiT1aGyNCKt,Give Up / Vas a Morir,End It,Rock,black-metal,Happy;Energetic;Motivated,workout;studying,164.071,0.197,0.932,0.734,1.41e-05,0.937,0.0811,0.349,-4.834,145264,26
4Uqi7W5XwMM1MHRKl3peKI,Nostalgia,Yanni,Chill,new-age,Sad;Chill,studying;commute,94.326,0.299,0.479,0.147,0.973,0.923,0.0598,0.138,-11.942,277594,31
4E3nePvpurweMnt3Wk7Uhj,Never,Orbital,EDM,breakbeat,Chill,studying;commute;cooking,130.033,0.64,0.434,0.766,0.14,0.768,0.033,0.126,-10.459,283866,20
7jok5zvxnrQuK2N7psZHyN,Chapel of Ghouls,Morbid Angel,Rock,black-metal,Energetic;Dark,studying,96.069,0.177,0.965,0.203,3.29e-06,0.548,0.0809,0.11,-7.14,297493,40
5h7t3xeHdfDthaqIF0fn3q,ミスター・ギブソン (セルフカバー) - Remastered 2022,Eikichi Yazawa,Rock,rockabilly,Happy;Energetic;Motivated,workout;driving,115.266,0.585,0.825,0.773,0.00398,1.5e-05,0.0484,0.14,-8.653,160200,22
4Fl7zEM7dw1xRRAb4Lz9RD,Playbox,Purple Disco Machine,EDM,deep-house,Energetic;Motivated,workout,124.823,0.651,0.905,0.603,0.00826,0.194,0.0361,0.296,-5.921,231031,44
5IWQ2TRHIKyUNIOkzioqoI,驛動的心,Sally Yeh;Unknown,Pop,cantopop,Calm;Nostalgic,studying;sleep,141.868,0.462,0.208,0.488,0.862,2.13e-06,0.0339,0.224,-16.398,238506,22
6UeMjHhzYnidHi7I4isoGg,Most Wanted,AP Dhillon;Gurinder Gill;Gminxr,Hip-Hop,hip-hop,Dark,commute;cooking,88.05,0.85,0.573,0.49,0.0439,0.0,0.274,0.0871,-6.759,184090,60
1i5gtw8FVdPh3EXTSVGcZI,Carolina,Seu Jorge,Latin,samba,Energetic,workout,89.992,0.62,0.81,0.433,0.0364,1.07e-05,0.0434,0.26,-4.655,351146,53
4FL8i7miD18FuMN08XGKcM,"Takkunu Takkunu - From ""Mr. Local""",Hiphop Tamizha;Anirudh Ravichander,Hip-Hop,hip-hop,Happy,commute;cooking;driving,110.027,0.811,0.587,0.758,0.0829,0.0,0.0872,0.173,-10.091,212727,62
4XIyKIqxM2wo4mZJYPwoqa,Bonebreaker,Slaughter to Prevail,Rock,death-metal,Energetic;Dark,workout,100.0,0.487,0.978,0.266,0.00014,0.0251,0.111,0.307,-1.451,265000,56
6oL9Fgi2Da6syTH8nj7S7x,"10,000 Hours (Instrumental Version)",Laura Sullivan,Chill,new-age,Sad;Calm,studying;sleep,85.737,0.398,0.187,0.279,0.991,0.926,0.032,0.112,-17.706,122130,48
5aqU0FigrEAI9IEyIGZplR,地盡頭,Shirley Kwan,Pop,cantopop,Sad;Calm,studying;sleep,123.841,0.424,0.293,0.0896,0.874,0.0,0.0749,0.114,-9.894,257266,32
0OhJkA8PcZ1NkX1MZLWYMz,"Idomeneo, re di Creta, K.366 / Act 1: Allegro - Live",Wolfgang Amadeus Mozart;Wiener Philharmoniker;Ferenc Fricsay,Classical,classical,Calm;Chill,studying,131.29,0.468,0.328,0.776,0.866,0.205,0.0362,0.269,-17.645,45560,22
0vttfYDZ6uLi6kStSxkTrB,El Federal De Caminos,El Coyote Y Su Banda Tierra Santa,R&B,r-n-b,Chill,commute;cooking,107.794,0.671,0.467,0.98,0.655,0.0,0.0402,0.306,-7.025,146733,49
6QMVzgc9sQ7cfaUo36IAKa,Me Voy Pa' La Habana,Alquimia La Sonora Del XXI,Latin,salsa,Happy;Energetic;Motivated,workout,179.042,0.698,0.926,0.955,0.427,0.00824,0.035,0.024,-3.168,219905,30
2p5THyuNwpJ9c7ex3TN383,Nowesind,Jacob David,Classical,classical,Sad;Calm;Nostalgic,studying;sleep,114.487,0.304,0.0902,0.318,0.903,0.907,0.0489,0.111,-32.824,119120,70
1sxh0eqIb8ulYypPuq6ZRu,"Bhaag D.K. Bose, Aandhi Aayi",Ram Sampath,Hip-Hop,hip-hop,Happy;Energetic;Motivated,workout,109.997,0.66,0.926,0.731,0.0948,0.0,0.0296,0.248,-3.452,241304,58
6VtcgrVYo2xfygcWAfRpd1,The World Is Ugly,My Chemical Romance,Rock,emo,Energetic;Dark,driving,96.004,0.447,0.781,0.102,0.0047,3.4e-05,0.0314,0.0976,-4.801,294680,60
6VNooTY5w9A9wg1YUsEbKB,Midas,Maribou State;Holly Walker,EDM,electronic,Dark;Chill,commute;driving,114.995,0.697,0.578,0.3,0.393,0.379,0.095,0.106,-5.213,218357,68
1sWUT5hSawhEctQEQrVQdn,可惜我是水瓶座,Miriam Yeung,Pop,cantopop,Calm;Romantic;Chill;Nostalgic,studying;commute,169.98,0.537,0.385,0.554,0.841,0.0,0.0391,0.0948,-6.216,215333,56
4qto2kJITIHyE086P4WtkU,Kiss the Rain,Yiruma,Classical,classical,Sad;Calm,studying;sleep,112.819,0.557,0.0958,0.202,0.99,0.872,0.0542,0.145,-18.457,300413,56
5U60gSOTRp6uQXCtWRt15j,Raw Trax 10,Surgeon,EDM,detroit-techno,Energetic;Motivated,workout;studying;party,133.988,0.749,0.872,0.644,0.249,0.93,0.098,0.111,-6.384,323816,6
1rZmyIJitURlw2d35xb9fn,Mi Machete,Grupo Niche,Latin,salsa,Happy;Energetic;Motivated,party;driving,102.99,0.854,0.831,0.83,0.343,0.0,0.0409,0.0835,-4.372,327160,36
0QHEWicUbdyWuHsMcVd1Ka,"Chaar Botal Vodka (From ""Ragini Mms 2"")",Yo Yo Honey Singh,Hip-Hop,hip-hop,Happy;Energetic;Motivated,workout;party,123.024,0.877,0.881,0.874,0.421,0.000345,0.0713,0.12,-3.713,225837,59
6HVtjbLoKFaqhuyqXyv7cU,Kom ner från taket,The Roaring Cadillacs,Rock,rockabilly,Happy;Energetic;Motivated,workout,92.465,0.526,0.901,0.786,0.0409,0.0,0.181,0.284,-5.882,153440,26
4N7h4IHWRaJCOo1VFdTMHV,Truman Sleeps,Philip Glass,Chill,ambient,Sad;Calm,studying;sleep,109.091,0.38,0.0797,0.0668,0.991,0.935,0.0438,0.123,-18.041,111831,55
5Omosctv795cWkqJlakEYF,Primeiro Dia Sem Mim (Ao Vivo),Ícaro e Gilmar,Latin,sertanejo,Energetic,workout;driving,110.059,0.68,0.831,0.493,0.308,0.0,0.0376,0.742,-4.154,188370,51
1ng3xbbnwCFzYqP5Zsg4en,Pensando Bem,J Neto,R&B,gospel,Sad;Calm,studying;sleep,124.032,0.424,0.247,0.281,0.657,4.89e-05,0.0346,0.128,-16.14,412467,40
1kilnkHgWGTEFNBGFCGUdC,Born New Day,Living Room,Jazz,jazz,Dark,studying;commute;driving,179.91,0.558,0.679,0.345,0.369,0.58,0.0461,0.101,-9.497,244000,0
1JMOA0BL1PvJxQ1wU7AGto,卿卿我我,葉玉卿,Pop,cantopop,Romantic;Nostalgic,commute;cooking;driving,106.961,0.722,0.548,0.417,0.582,0.0,0.0291,0.214,-9.077,240600,18
7n8o3jblAefGZvOKT4fAEU,Ela Botou o Gps,Mc Delux;DJ TS;Dj Guuh,R&B,funk,Dark;Nostalgic,commute;driving,129.95,0.765,0.579,0.371,0.538,0.0,0.0852,0.352,-2.191,188769,43
5f3PgI4zW2oErM3j3MWTWW,Don't Look,Karan Aujla,Hip-Hop,hip-hop,Energetic;Motivated,workout,175.969,0.576,0.889,0.623,0.185,0.0,0.198,0.71,-3.211,186409,64
0P8tqwpP4qLqrcgAFwY3dl,This Night,Superchunk,Pop,power-pop,Happy;Energetic;Motivated,workout,130.042,0.555,0.926,0.694,0.00453,0.000611,0.0461,0.254,-5.686,275680,21
7esh5OJ7CP435rmXeGm305,Santa Baby,Eartha Kitt,Jazz,jazz,Calm;Nostalgic,studying;sleep,101.759,0.467,0.237,0.388,0.892,3.46e-06,0.0542,0.148,-13.373,168949,0
1DQJd9IyanAqaQ04DItMt6,Dream A Little Dream Of Me,Louis Armstrong,Jazz,jazz,Calm;Nostalgic,studying;sleep,93.388,0.462,0.238,0.399,0.515,0.0,0.0723,0.213,-16.032,194840,63
6eTSBVZLp8t5lBimnpkMBZ,"Violin Concerto No. 2 in B Minor, Op. 7, MS. 48: III. Rondo à la clochette, 'La campanella'",Niccolò Paganini;Salvatore Accardo;London Philharmonic Orchestra;Charles Dutoit,Classical,classical,Calm;Nostalgic,studying;sleep,114.858,0.549,0.182,0.492,0.841,0.0954,0.0474,0.221,-19.85,542000,0
0moJi7C89oQnsGAVGgiRn1,Beautiful Beat,Nada Surf,Pop,power-pop,Energetic;Motivated,workout;driving,200.338,0.368,0.822,0.515,0.000148,0.00623,0.033,0.129,-5.929,278429,26
667Nl2Pc2g6h6mohByqKc0,"The Scientist - From ""Fifty Shades Darker (Original Motion Picture Soundtrack)""",Corinne Bailey Rae,R&B,soul,Sad;Calm,studying;sleep,85.551,0.307,0.231,0.158,0.806,0.000267,0.0333,0.112,-11.111,196040,2
50Zpv5cYapcq6fIwmnyGDS,Touching Love,Robert Haig Coxon,Chill,new-age,Sad;Calm,studying;sleep,63.364,0.0637,0.148,0.0368,0.983,0.979,0.0438,0.107,-19.065,171000,23
2HWx4iA8e9ynY7LlCyfelO,Mind Dimension - Kölsch Remix,Tiga;Kölsch,EDM,minimal-techno,Energetic;Dark,workout;driving,125.985,0.881,0.804,0.0453,0.0493,0.000841,0.171,0.131,-8.333,352926,45
095B9SjJ0cQu2fe6Dwdc1v,Alone,Grafix;Ruth Royall,EDM,drum-and-bass,Energetic;Dark,workout;studying,173.985,0.416,0.973,0.31,0.0036,0.905,0.0473,0.0793,-5.164,253220,31
7qSkQJ5yeqXdJZjvVBf45e,"The Christmas Song - Live At The Crescendo Club, Hollywood, CA / December 15, 1954",Mel Tormé,Jazz,jazz,Sad;Calm,studying;sleep,100.098,0.413,0.0417,0.225,0.948,0.0,0.035,0.12,-19.916,185266,0
61a7QY8DC9rwybJU33zaYj,Agradecer,MC Cabelinho;Dj Juninho da Espanha;Ariel Donato,R&B,funk,Dark,commute;driving,105.051,0.864,0.556,0.137,0.866,1.2e-05,0.0634,0.107,-4.394,173120,46
4jhYsGCaG4i30sGOct8Xhn,Enchanted Valley,Aine Minogue,Chill,new-age,Sad;Calm,studying;sleep,85.495,0.306,0.0955,0.0831,0.978,0.917,0.0437,0.0876,-18.601,269706,22
0IHYNEHVT1zMEeNOgvyg9B,My Mustang Ford,Chuck Berry,Rock,rock-n-roll,Happy;Energetic;Motivated,workout;driving,162.92,0.621,0.759,0.977,0.384,0.118,0.0335,0.336,-10.235,136546,53
7lUR4anj3pEalvriwjhmav,"Nocturne In C-Sharp Minor, Op. Posth.",Frédéric Chopin;Dang Thai Son,Classical,classical,Sad;Calm,studying;sleep,73.82,0.211,0.0309,0.206,0.988,0.917,0.035,0.0685,-29.185,243501,0
5VJkEUAvmEelXkmKAE21U6,"Yaar Zaahir (feat. Neha Sharma,Aashim Gulati)",Rashid Khan;Palak Muchhal;Neha Sharma;Aashim Gulati,Classical,classical,Calm;Romantic;Chill;Nostalgic,studying;commute,102.036,0.677,0.38,0.525,0.937,0.0571,0.0324,0.112,-14.241,289133,46
75U7VG9j6uXJNc5RqxKeXC,Onde Estás,Gabriel Brito,R&B,gospel,Sad;Chill,studying;commute,147.888,0.412,0.4,0.0804,0.756,0.0706,0.0271,0.127,-9.947,322702,38
0hiMfefSLhzCs2tujQG28n,This & That,Michael Penn,Pop,power-pop,Happy,commute;cooking;driving,112.343,0.713,0.555,0.944,0.00708,0.00219,0.0524,0.0495,-11.779,211400,27
6V1HxUCEpwj3NUrsbWk60J,UK Allstars - Congo Natty Meets Benny Page Remix - Mixed,Congo Natty;Rebel MC;Tenor Fly;Top Cat;General Levy;Tippa Irie;Sweetie Irie;Daddy Freddy;Benny Page,EDM,drum-and-bass,Happy;Energetic;Motivated,workout,88.969,0.629,0.932,0.699,0.0762,2.5e-06,0.277,0.17,-7.291,59325,16
14yNuMiYdoJOOvwB6SZDb4,"Nocturne No. 6 in D flat, Op. 63",Gabriel Fauré;Kun-Woo Paik,Classical,classical,Sad;Calm,studying;sleep,68.431,0.311,0.0465,0.0368,0.985,0.882,0.0426,0.144,-24.625,576000,0
6ddscngZzbsirESrhvqXcY,Invincible - VIP,Kanine,EDM,drum-and-bass,Energetic,studying;party,87.514,0.764,0.893,0.469,4.07e-05,0.641,0.243,0.319,-1.128,263667,15
2t5jGSFgLiPgdmocFwodID,Quarto de Motel / Só Pensando em Você - Ao Vivo,Humberto & Ronaldo,Latin,forro,Romantic;Chill;Nostalgic,commute;cooking;driving,148.096,0.438,0.53,0.461,0.787,0.0,0.031,0.422,-5.307,241045,41
7jktxmkjQIRbiBzMmYv32E,Tédio,Biquini Cavadão,R&B,r-n-b,Happy;Energetic;Motivated,workout,143.952,0.629,0.909,0.772,0.0129,0.000165,0.0586,0.346,-6.125,200226,52
6Z8oU8xMOie24Cflh2Sw6p,Venmegam,Yuvan Shankar Raja;Hariharan,Pop,k-pop,Romantic;Nostalgic,commute;cooking,114.945,0.803,0.426,0.556,0.418,2.23e-05,0.0742,0.11,-11.54,274853,66
026qbtwLI1UtOFQ22zqY2t,Ricordo Ancor (Pelagia's Song) [Captain Corelli's Mandolin - Original Motion Picture Soundtrack],Russell Watson,Classical,opera,Sad;Calm,studying;sleep,77.204,0.157,0.203,0.124,0.881,0.259,0.0364,0.159,-14.953,224493,21
3QDgKmNIelXL4t0Z3wxlXV,E mi manchi tu,Andrea Bocelli,Classical,opera,Sad;Calm;Chill,studying,139.205,0.181,0.303,0.0568,0.893,2.95e-05,0.0361,0.0987,-7.265,299146,24
69cLSS2ZcLncDGqoJjfQPx,The Magician (8d Audio),Deficio,EDM,progressive-house,Happy;Chill,commute;cooking;driving,159.821,0.646,0.568,0.663,0.011,0.0155,0.0513,0.0967,-10.532,184137,35
6yer5qmG5jwW0ZqWNqrS9E,A childs heart,Peter Sterling,Chill,new-age,Sad;Calm,studying;sleep,100.545,0.313,0.159,0.0421,0.905,0.614,0.0338,0.091,-16.708,269960,20
0L6cCPWguL1GYWNUlRFx55,Tá Desculpada - Ao Vivo,Vitinho,Latin,pagode,Happy;Romantic;Chill,commute;cooking;driving,139.864,0.616,0.588,0.722,0.771,0.0,0.113,0.426,-7.442,224998,53
3ate1F9BHMzHwd7oWenQfN,It's Real,Olivia Ong,Pop,mandopop,Dark,commute;driving,139.986,0.572,0.601,0.346,0.219,0.0,0.0321,0.119,-7.411,278506,22
3Nuxt92TlldaBq2uKvUfc9,Plastik (#keinschlaflieder),Liedfett,Rock,punk-rock,Happy;Energetic;Motivated,workout;driving,200.873,0.549,0.765,0.711,0.0281,0.0,0.289,0.387,-5.088,151401,34
30qTRckUlXl8flA2y0eq6l,Plage À Trois,Quadro Nuevo,Latin,tango,Sad;Calm,studying;sleep,120.941,0.482,0.192,0.198,0.927,0.748,0.0365,0.125,-15.351,243784,16
4rfhAoZjGwraqwX1w47uij,Sun & Moon - Original Mix,Above & Beyond;Richard Bedford,EDM,progressive-house,Sad;Dark;Chill,commute;driving,133.998,0.682,0.524,0.194,0.0228,0.0138,0.0918,0.11,-8.061,326266,53
2WyKvnMEF9H8CKHvmAXSm3,The Fusion - Blastoyz Remix,Omnia;Ira;Blastoyz,EDM,progressive-house,Energetic;Dark,workout,139.994,0.488,0.99,0.221,0.000144,0.0453,0.0574,0.389,-2.718,173142,51
1v8NfOckFEnck9gp7iyetm,Bachalo,Akhil,Hip-Hop,hip-hop,Romantic;Nostalgic,commute;cooking;driving,92.023,0.756,0.538,0.516,0.654,0.0,0.0485,0.172,-6.625,165108,65
1NoDZgAwhDmLXBdfxaFPVM,"Sonata for Piano and Violin in A, K.305: 2e. Variation 4",Wolfgang Amadeus Mozart;Arthur Grumiaux;Walter Klien,Classical,classical,Calm;Nostalgic,studying;sleep,58.878,0.398,0.113,0.369,0.973,0.132,0.0561,0.174,-22.607,68733,12
6sREY9IQvZ06hTXNY0rNqP,Valeu Demais,Art Popular,Latin,samba,Happy,commute;cooking;driving,138.911,0.605,0.691,0.718,0.548,0.0,0.0367,0.342,-9.766,223266,37
5fSRZmheHidHyvfuMds1yw,Linda Demais,Pedrinho Pegação,Latin,forro,Happy;Energetic;Motivated,workout,156.946,0.619,0.897,0.96,0.311,1.42e-05,0.0365,0.0984,-3.493,191858,39
5dn0stLSTZyVumstU7RAKe,O Little Town Of Bethlehem - Remastered 1999,Nat King Cole,Jazz,jazz,Sad;Calm,studying;sleep,107.841,0.29,0.164,0.231,0.909,3.52e-06,0.0302,0.0961,-15.755,139466,0
4HdzYTQiouB9BVYX7JOrhh,"Jalabulajangu (From ""Don"")",Anirudh Ravichander;Rokesh,Hip-Hop,hip-hop,Energetic,workout;driving,151.047,0.635,0.823,0.457,0.0261,0.0,0.153,0.0481,-5.437,202607,71
0gzu5mm36VJH2Zqu8sQPTf,Genda Phool (feat. Payal Dev),Badshah;Payal Dev,Hip-Hop,hip-hop,Happy,commute;cooking;driving,116.977,0.955,0.538,0.837,0.132,0.00146,0.0734,0.0704,-8.394,170769,62
2L8SSEroY1WFbk2vyqafQP,O Segundo Sol,Gilberto Gil,Latin,mpb,Happy,commute;cooking;driving,149.95,0.672,0.621,0.821,0.104,0.0,0.031,0.269,-7.001,257545,39
7bi5vk9KoY6Flkat31ViYD,Crazy Over You,BLACKPINK,Pop,k-pop,Happy,commute;party;cooking;driving,114.954,0.805,0.66,0.617,0.0367,6.4e-05,0.0582,0.215,-5.342,161945,66
4X4ipOx6obko7qBSlGxRDy,"You Don't Wanna Be My Girlfriend, Phoebe",my little airport,Pop,cantopop,Happy;Chill,commute;cooking;driving,142.97,0.669,0.539,0.751,0.377,0.0558,0.0285,0.0808,-10.252,138045,30
06frz7np2mUzt0wUTBERYP,Cozy Little Christmas,Katy Perry,EDM,dance,Happy,commute;party;cooking;driving,137.494,0.775,0.608,0.56,0.128,0.0,0.128,0.0895,-6.264,182520,1
7F1eoVZd2ySSJ70iP3PN1m,I Get The Sweetest Feeling,Jackie Wilson,Rock,rockabilly,Romantic;Chill,commute;cooking,123.532,0.684,0.482,0.749,0.778,0.000351,0.0371,0.148,-9.234,178373,60
24N4CgmUozgo6lwd2qM33i,Idolatria,Menor MC,R&B,funk,Calm,commute,127.933,0.731,0.301,0.568,0.25,0.0,0.546,0.119,-15.436,142495,44
0WTc2jsUgF4Y2MOz0aYvsR,Paranoid,Megadeth,Rock,hard-rock,Energetic;Motivated,workout,187.385,0.355,0.973,0.628,0.000359,0.154,0.071,0.142,-7.004,152600,65
42CvoNEEBDcUBpfRMnQG16,let me bleed,Lil Peep;Nedarb,Rock,emo,Dark,commute,85.98,0.479,0.691,0.189,0.00452,3.89e-06,0.0367,0.119,-6.339,246866,60
2aqhXN3IEdTOoNP9wWCPsQ,Nuvole Bianche - Reimagined by Mercan Dede,Ludovico Einaudi;Mercan Dede,Chill,ambient,Sad;Calm;Chill,studying,120.949,0.55,0.342,0.169,0.695,0.884,0.0337,0.0899,-16.771,423047,50
4CqnZVnY48DT8Xwv3F3mco,Firework,Katy Perry,EDM,dance,Happy;Energetic;Motivated,workout,124.069,0.637,0.867,0.652,0.143,0.0,0.05,0.11,-3.686,227973,1
3d1noLzR4D3dkUyVuqvLc2,Quão Grande é o Meu Deus,Projeto Vida Nova de Irajá;Tati Teixeira Campos,R&B,gospel,Dark,commute,75.998,0.442,0.615,0.2,0.455,0.0,0.0287,0.73,-6.528,292320,43
5W4cALNimK9sWuu3gFcYFE,The Darkness That You Fear - Edit,The Chemical Brothers,EDM,breakbeat,Energetic;Dark,workout,128.077,0.576,0.894,0.304,0.0351,0.0896,0.0404,0.23,-4.659,237772,36
3ParDD1MKVZPGagEsT8hZd,枕邊人 - 電視劇《三生三世枕上書》片頭曲,Tiger Hu,Pop,mandopop,Dark,workout;commute;driving,147.714,0.291,0.71,0.188,0.29,0.0,0.0462,0.103,-5.611,269982,41
4xZqbPztwDXPgrezWPLM23,Humen Tumse Pyar Kitna,Parveen Sultana;R. D. Burman,Classical,classical,Calm;Romantic;Chill;Nostalgic,studying,109.602,0.427,0.336,0.506,0.983,0.0774,0.0356,0.214,-12.126,293040,31
5nmsFfHXPb8J5MnafFmQ7o,Prelude in G Minor,Yiruma,Chill,new-age,Sad;Calm,studying;sleep,74.093,0.321,0.0822,0.102,0.991,0.924,0.0334,0.128,-19.555,264093,44
7CqeeC577wMU93lRB3tugC,No Enemy no table,Scan 7,EDM,detroit-techno,Happy;Energetic;Motivated,workout;studying,130.005,0.694,0.928,0.786,9.17e-05,0.921,0.0692,0.32,-10.082,413999,10
5pVARXJMB0vwfgdSifKxHa,Rap do Killua: Meu Nome Começa com Kill (Nerd Hits),7 Minutoz,R&B,r-n-b,Chill,commute;cooking,84.977,0.671,0.534,0.418,0.103,0.0,0.204,0.332,-8.15,240782,43
5BXr7hYZQOeRttkeWYTq5S,ASAP,STAYC,Pop,k-pop,Energetic;Dark,workout;driving,132.02,0.764,0.802,0.323,0.102,0.0,0.0351,0.189,-4.217,194080,70
2lnsPwMiu9LWtn2xgLKDqz,Pursuit of Pleasure,The Lillingtons,Pop,power-pop,Energetic,workout,169.894,0.31,0.949,0.452,2.44e-05,0.0063,0.0485,0.303,-4.562,224733,22
10H73uxnyBpBdBXJxK8OVO,HISTORY,Becky Hill;Joel Corry,EDM,dance,Happy;Energetic;Motivated,workout,122.975,0.674,0.86,0.771,0.155,3.21e-06,0.0369,0.359,-3.318,176609,5
6dgYHmc5yBnQFI4FSCbp6y,12 Bande,Varinder Brar,Hip-Hop,hip-hop,Happy,commute;party;cooking;driving,141.794,0.706,0.693,0.838,0.0123,0.0,0.259,0.346,-5.502,204507,64
4A1VmZQ2rdCS07En1TLDNb,Adams: Hallelujah Junction: 1st Movement,John Adams;Nicolas Hodges;Rolf Hind,Chill,ambient,Sad;Calm;Nostalgic,studying;sleep,115.509,0.525,0.144,0.321,0.984,0.89,0.0349,0.186,-22.617,429933,47
5xmiJO45JjamuTXhmjMMG5,Awakening,Patrick Kelly,Chill,new-age,Sad;Calm,studying;sleep,93.966,0.388,0.227,0.093,0.881,0.946,0.0277,0.112,-18.907,321186,20
5VsuaewFS9GWBGpbAhAWzu,Pena Mulata,Malena Muyala,Latin,tango,Calm;Nostalgic,studying;sleep,102.92,0.694,0.292,0.408,0.849,0.000105,0.0755,0.0942,-9.428,164226,21
0tKjVEJlX3IZ5L1rEJc5hh,When I See You Smile,Bad English,Rock,hard-rock,Dark,commute;driving,135.671,0.495,0.609,0.33,0.42,0.0,0.0339,0.187,-9.902,257440,65
3jPaLIbWPyfS5GZluhxh4D,Dame Tus Ojos (feat. Laurie Colón),"Reynaldo Santiago "" Chino "";Laurie Colon",Latin,salsa,Happy;Motivated,workout;commute;party;driving,130.051,0.813,0.747,0.787,0.0271,9.22e-06,0.0691,0.049,-5.055,250493,40
0WIcuCP4r3jBup7JRk7yRO,Beira Mar,Cynthia Luz,R&B,r-n-b,Calm;Romantic;Chill,studying,142.77,0.571,0.324,0.672,0.666,0.0,0.205,0.0895,-9.245,180032,41
6dUGQzqCA18wKzVuiGttJF,Game Over,Karan Aujla,Hip-Hop,hip-hop,Happy,commute;cooking;driving,134.144,0.846,0.573,0.553,0.0437,0.0,0.0633,0.0856,-6.005,154925,64
0MHiYjjcHNYM9KURa6NveF,"Manavaalan Thug - From ""Thallumaala""",Dabzee;SA,Hip-Hop,hip-hop,Romantic,commute;cooking;driving,96.049,0.809,0.583,0.478,0.356,0.0,0.0605,0.0622,-8.771,200000,72
6UHeffMYu288kzZt06BVgj,Pique Neymar,MC Meno K;Ricky Ribeiro;DJ Kelwin Lopes,R&B,funk,Romantic;Nostalgic,commute;cooking;driving,158.906,0.712,0.544,0.439,0.425,0.0,0.0928,0.15,-9.473,120800,43
5SZ6zX4rOrEQferfFC2MfP,Walk This Way,Aerosmith,Rock,hard-rock,Happy;Motivated,commute;driving,108.705,0.653,0.73,0.894,0.0114,1.03e-05,0.043,0.0754,-10.613,220400,75
71Wjog8YlOCcZfDiJZyyux,El Reloj,Il Volo,Classical,opera,Sad;Chill,studying;commute,82.974,0.529,0.428,0.193,0.888,0.00767,0.0372,0.106,-9.559,249893,34
23LQimhaFmor64X8zlbNwL,Marie Marie,The Blasters,Rock,rock-n-roll,Happy;Energetic;Motivated,workout;driving,174.362,0.412,0.81,0.966,0.0363,1.1e-05,0.0725,0.104,-10.655,125906,30
15lAKAkwZpm5ohh2WikPlc,Hallelujah,George Winston,Chill,new-age,Sad;Calm,studying;sleep,127.122,0.385,0.187,0.0491,0.888,0.896,0.0375,0.114,-15.554,327706,25
5BCVQPv92Y5kLkHE7RR8po,"Concerto for 2 Oboes in C Major, Op. 7, No. 2: II. Adagio",Tomaso Albinoni;Anthony Camden;Alison Alty;London Virtuosi;John Georgiadis,Classical,opera,Sad;Calm,studying;sleep,81.929,0.179,0.0588,0.116,0.938,0.862,0.0385,0.105,-22.848,130773,21
2ahydS3UcOoAF2usK3I1ph,美人魚,JJ Lin,Pop,mandopop,Romantic,commute;cooking;driving,95.021,0.624,0.647,0.452,0.451,0.0,0.0357,0.383,-6.584,252000,52
1IumZkgfXrd3czjGGWVzX6,Em Teus Braços,Mauro Henrique,R&B,gospel,Chill,commute,139.835,0.645,0.462,0.384,0.272,7.75e-05,0.0274,0.11,-6.133,358500,43
5KckAOzQttI3LsIEzfSAaG,Janie,Off With Their Heads,Pop,power-pop,Energetic;Motivated,workout,102.12,0.348,0.996,0.501,5.4e-05,0.0,0.0564,0.421,-3.269,123733,24
09F0zRNSUa0qAWYUksXtXt,A Shimmer,Nils Frahm,Chill,ambient,Sad;Calm,studying;sleep,195.603,0.152,0.00559,0.0772,0.956,0.906,0.0426,0.112,-32.174,396688,51
73RTbo2nzGjuhuAPqj3AgB,Where Have You Gone (Anywhere),Lucas & Steve,EDM,progressive-house,Energetic;Dark,workout;driving,124.067,0.618,0.767,0.239,0.00564,0.0,0.0491,0.147,-5.024,158602,56
0oN921mKYPOVYhKceZofrs,Ghost Waltz,Abel Korzeniowski,Chill,ambient,Sad;Calm,studying;sleep,171.567,0.148,0.25,0.162,0.906,0.775,0.0334,0.12,-15.961,170893,51
52xhb3eswtdK9rgojPICp0,Where We Used To Play,Spencer Brewer,Chill,new-age,Sad;Calm,studying;sleep,93.173,0.334,0.0494,0.136,0.992,0.931,0.0558,0.0937,-28.666,245440,22
24nGYlFa2j6qJ8j1WWlRG8,Retarded,Weston,Pop,power-pop,Energetic,workout,181.582,0.263,0.985,0.471,0.00356,0.0,0.155,0.37,-3.805,163587,23
4YKrHZm5GmIOG01JFmU8dA,売旬,QUEEN BEE;Ai Shinozaki,EDM,j-dance,Happy;Energetic;Motivated,workout,129.988,0.692,0.969,0.863,0.126,0.00183,0.0395,0.0563,-3.427,310599,21
6r0WuK50Lpu9u460x84oBn,God of Revival - Live,Bethel Music;Brian Johnson;Jenn Johnson,Chill,ambient,Dark,commute;driving,144.004,0.36,0.608,0.21,0.065,0.0,0.0309,0.43,-7.811,515387,58
2HPVvTJ5BZGLOXTyrPH3wy,Meherezylaa,Yuvan Shankar Raja;Bhavatharini;Rizwan,Pop,k-pop,Dark,commute;driving,100.043,0.734,0.721,0.387,0.157,2.96e-06,0.0556,0.256,-5.806,259200,46
5vhrsx08dHh2QcVh1Rsiwt,LONDON (feat. J. Cole),BIA;J. Cole,Latin,latin,Happy,commute;cooking;driving,132.001,0.644,0.671,0.563,0.0225,0.0,0.315,0.0855,-5.156,250722,70
7oDCqI6qYIc2ebiduj7RkM,Jogiya,Hariprasad Chaurasia,Classical,classical,Sad;Calm,studying;sleep,101.393,0.515,0.0781,0.273,0.986,0.844,0.0437,0.164,-25.804,239493,40
5s6eU20CFfpueCuggRL3Tx,Melusina,Ira Stein,Chill,new-age,Sad;Calm,studying;sleep,122.495,0.388,0.201,0.0526,0.984,0.906,0.0681,0.0745,-14.363,252746,22
0x98TljIUZtLffQkRPoVb6,"Mozart: Piano Concerto No. 20 in D Minor, K. 466: I. Allegro",Wolfgang Amadeus Mozart;Daniel Barenboim;Berliner Philharmoniker,Classical,classical,Sad;Calm,studying;sleep,134.184,0.294,0.0949,0.144,0.983,0.913,0.0365,0.204,-22.207,872760,39
3NFsiVT0koW5vxN3MqG5TD,Absinth,Medooza;PAWLIE POIZN,Rock,emo,Happy;Energetic;Motivated,workout,82.499,0.573,0.829,0.734,0.28,1.5e-05,0.182,0.0904,-9.942,163424,32
4B57Z082idrfenHCUHP4LV,"Carmen, Act II, No.17 Duo (continued...): Non! tu ne m'aimes pas! (Carmen/Don José)",Georges Bizet;Angela Gheorghiu;Michel Plasson;Wolff;Orchestre National Du Capitole De Toulouse,Classical,opera,Sad;Calm,studying;sleep,85.52,0.32,0.101,0.17,0.985,1.3e-06,0.0668,0.121,-18.386,158293,22
6EP117i3gizdFg9neGen0s,Tadipaar,MC STAN,Hip-Hop,hip-hop,Energetic;Dark,workout;driving,139.587,0.62,0.813,0.37,0.449,1.48e-06,0.161,0.21,-4.833,466285,57
4C6bHQP5ms3S8caC2CuJFI,Toma Conta De Mim,Limão Com Mel,Latin,forro,Energetic;Motivated,workout,90.17,0.562,0.898,0.505,0.0164,0.0,0.0497,0.255,-3.543,214893,43
5cc6bqV4lFNB8etIbI7SNz,bloody valentine,Machine Gun Kelly,Hip-Hop,hip-hop,Energetic,workout,160.083,0.52,0.856,0.47,0.000193,0.0,0.0806,0.157,-4.228,205015,0
7vBqDxT6CcJhnOCRfM9Wvi,Say Yeah,TroyBoi,EDM,electronic,Sad,commute,100.029,0.828,0.452,0.171,0.003,0.198,0.0458,0.0884,-6.038,218400,50
4o1DTgW21ZHSJkAtL7souf,Pumped Up - Ryan Riback Remix,Klingande;Ryan Riback,EDM,deep-house,Sad;Dark;Chill,commute;driving,119.041,0.666,0.541,0.264,0.00925,0.00567,0.0409,0.16,-9.414,180000,47
19C3bmijuVj9xJdXvPhQsa,Salió El Sol,Don Omar,Hip-Hop,hip-hop,Happy;Motivated,commute;party;driving,109.976,0.886,0.708,0.965,0.107,0.0114,0.0911,0.044,-5.915,317280,5
0nsZBSzz5WG7onOtEL5mqj,Emotionally Scarred,Lil Baby,Hip-Hop,hip-hop,Dark,commute,88.284,0.585,0.641,0.266,0.0286,0.0,0.133,0.316,-4.269,197529,2
6a9IyyR436gjqDNwF8ZJRm,Rockin' At The Ritz,Ray Campi,Rock,rockabilly,Happy;Motivated,commute;party;driving,99.635,0.752,0.733,0.734,0.137,0.000413,0.0495,0.0825,-8.664,188173,22
0yi54SFrkRRKqgcSLMUS66,Os Sonhos de Deus,Ludmila Ferber,R&B,gospel,Sad;Chill,commute,90.666,0.29,0.455,0.172,0.718,1.47e-06,0.0303,0.137,-7.246,416813,42
7AW4g4I9fPfUIyqtbsuAkM,Droptop,AP Dhillon;Gurinder Gill;Gminxr,Hip-Hop,hip-hop,Sad,commute,85.005,0.899,0.479,0.309,0.0126,0.0,0.272,0.142,-10.432,141176,66
5pD0jmWSuoCc7hwJLN3VJF,Ringo,Joris Voorn,EDM,minimal-techno,Happy;Energetic;Motivated,workout;studying;party;driving,121.995,0.748,0.756,0.717,0.0358,0.908,0.0509,0.203,-9.045,410663,50
3feHro11zldHX6lVbJkkfd,???%,Enygma Rapper,R&B,r-n-b,Energetic;Motivated,workout;driving,146.952,0.463,0.756,0.549,0.239,0.0,0.059,0.074,-7.755,324810,44
14ca1ksf8GSu1RgeJaFZDF,Broken (with Lil Skies & Noah Cyrus),Lund;Lil Skies;Noah Cyrus,Rock,emo,Sad;Dark,commute;driving,134.005,0.76,0.538,0.138,0.163,7.76e-06,0.0345,0.1,-3.54,207080,51
4KeVtD5p1EItj5MH7DQhLf,Voi Che Sapete from the Marriage of Figaro,Philharmonia Orchestra;Suzannah Bee,Classical,opera,Calm;Nostalgic,studying;sleep,118.184,0.51,0.197,0.476,0.992,0.862,0.0336,0.206,-13.149,163219,25
3i1dmw3Eud6cM576HPkj1g,Cuida de Mim,Gabriela Rocha,R&B,gospel,Sad;Chill,commute,110.039,0.342,0.491,0.184,0.579,0.0,0.0367,0.202,-5.07,295000,41
7wnQTnZe2Q0O0WdKmODS50,Games People Play,Mel Tormé,Jazz,jazz,Chill,commute;cooking,119.718,0.576,0.462,0.881,0.581,0.0,0.0424,0.0884,-9.962,167308,0
4E8tYlwwsmvkLIchyy0b8P,69,Teyana Taylor,Rock,alternative,Romantic;Chill;Nostalgic,commute;cooking,115.003,0.527,0.463,0.429,0.773,1.96e-06,0.173,0.178,-8.028,161274,0
1jEKaQuP8gBW2wYqqtNXEf,Demon Time,Aaryan Shah,R&B,soul,Sad;Chill,commute,71.931,0.499,0.48,0.201,0.805,0.0,0.0931,0.121,-9.217,189777,58
3MDve8fTNpGOGdhZ7wvMdf,Carro Chefe da Leste,Salvador Da Rima;Menor MC;Caio Passos,R&B,funk,Calm,commute;cooking,139.675,0.72,0.464,0.807,0.153,0.0,0.292,0.0914,-4.178,173142,46
18oO0TSyS9lIW9sioZyCNN,Aankhein,Vilen,Hip-Hop,hip-hop,Calm;Romantic;Chill;Nostalgic,studying;commute,140.061,0.416,0.363,0.469,0.512,1.3e-05,0.0294,0.106,-8.371,219428,63
3o5JDoTfKZJmr80ecOyPVE,緋聞男友,Wilfred Lau,Pop,cantopop,Dark;Chill;Nostalgic,commute,73.032,0.552,0.553,0.379,0.425,0.0,0.0318,0.0978,-6.68,233800,32
6EJ0X1nXbgkxaZsdTm9iWG,Aeon,Karunesh,Chill,new-age,Romantic;Chill,studying;commute;cooking,172.011,0.558,0.441,0.728,0.848,0.901,0.0332,0.0626,-13.773,404062,10
7opCc8G3b72KmeCVAjVvFA,Dói,Gustavo Mioto,Latin,sertanejo,Dark,workout;commute;driving,151.843,0.622,0.73,0.491,0.131,0.0,0.0633,0.107,-2.961,167116,44
3MhBRomduHAus1mnb8kGlb,某年某月某一天,Energy,Pop,mandopop,Dark,commute;cooking;driving,131.995,0.758,0.565,0.401,0.169,0.0,0.044,0.126,-5.25,244733,0
2M857I621lLa6qTKTGd4Pt,Job,Midian Lima;Arthur Callazans,R&B,gospel,Dark;Chill,commute;driving,131.933,0.517,0.576,0.228,0.532,0.0,0.0391,0.126,-5.384,324893,41
7I7s5Nl6C8pxsCOWJBxWxW,"Supernatural - From ""Ghostbusters II"" Soundtrack",New Edition,R&B,r-n-b,Happy;Energetic;Motivated,party,103.892,0.755,0.957,0.793,0.0655,0.00143,0.0657,0.258,-5.201,274906,0
5dg4ZDlBtLr3b91LS0ynip,"アイ・ラヴ・ユー,OK - Live at 日本武道館'95 - Remastered 2022",Eikichi Yazawa,Rock,j-rock,Happy,workout;commute;driving,113.946,0.649,0.741,0.5,0.0263,0.000146,0.0397,0.941,-8.161,284120,36
6F1oXa2BbKYBIVlUaWP17F,O Melhor Pra Ti,Midian Lima,R&B,gospel,Chill;Nostalgic,studying;commute,91.891,0.449,0.446,0.352,0.653,0.0,0.0286,0.0788,-8.277,243000,41
4gMPlHHAjOQnUrhsuqHivn,To My Youth,BOL4,Pop,k-pop,Romantic;Chill;Nostalgic,commute;cooking;driving,173.334,0.424,0.564,0.441,0.685,0.0,0.0563,0.292,-4.619,222680,68
5Mf84BbHYdrewDABZOH5H6,Talk,DJ Snake;George Maple,EDM,electronic,Energetic;Dark,workout;driving,118.082,0.572,0.802,0.255,0.0093,0.0,0.0807,0.124,-4.408,237960,51
6otiaV2fagE3s8IvP6WkwG,I'm Just a Kid,Simple Plan,Rock,punk-rock,Energetic,workout;driving,110.065,0.527,0.834,0.422,0.00107,0.000102,0.0447,0.0993,-5.531,198333,72
5ZZwQy1wofQhj7LJDNLflT,流沙,David Tao,Pop,mandopop,Calm;Nostalgic,studying;sleep,75.999,0.647,0.291,0.388,0.672,0.0,0.0367,0.258,-11.476,242560,51
3NQ9kBo6RYwjr867eDOENU,Coral de anjos,Grupo Sensação,Latin,pagode,Energetic,workout,77.635,0.413,0.917,0.478,0.313,0.0,0.0742,0.732,-5.999,232746,45
3l5QKH2vZOwJtjx7Owj1r3,Astro,Layton Giordani,EDM,minimal-techno,Energetic;Dark,workout;studying,128.989,0.698,0.935,0.272,0.00756,0.861,0.0478,0.0764,-5.945,361395,38
21TKHZHZb4FWeJJjPYFqPb,Let It Snow,The Temptations,R&B,funk,Sad;Chill,commute,128.518,0.452,0.457,0.286,0.28,3.59e-05,0.0287,0.127,-9.66,215480,0
2XIc1pqjXV3Cr2BQUGNBck,LA NOCHE DE ANOCHE,Bad Bunny;ROSALÍA,Latin,latino,Dark,commute,81.993,0.856,0.618,0.391,0.0303,0.0,0.286,0.0866,-4.892,203200,82
1VvGJIAjhGdB7InVP9NA7V,Haareya,Sachin-Jigar;Arijit Singh;Priya Saraiya,Hip-Hop,hip-hop,Calm;Romantic;Chill;Nostalgic,studying;commute,123.935,0.675,0.392,0.534,0.773,0.0,0.037,0.109,-10.11,214735,58
1OWoUwZfj3O5L3Ldjaq9cN,Giving Up,Donny Hathaway,R&B,funk,Sad;Calm,studying;sleep,83.219,0.427,0.23,0.109,0.764,1.6e-06,0.0353,0.327,-11.317,232361,0
5YzckYO7G171MHg1UqkxJY,Destroy Everything You Touch,Ladytron,Pop,synth-pop,Happy;Energetic;Motivated,workout;driving,120.336,0.524,0.771,0.705,0.00994,8.3e-06,0.0321,0.187,-5.961,276493,47
50DMJJpAeQv4fIpxZvQz2e,Monsters (feat. Demi Lovato and blackbear),All Time Low;Demi Lovato;blackbear,Rock,punk-rock,Happy;Energetic;Motivated,workout;driving,162.092,0.51,0.787,0.793,0.0137,0.0,0.0529,0.368,-3.712,174424,66
2fgpYCWp31JJlplZ7MRANG,Why'd You Make Me Cry,Odina,Chill,ambient,Sad;Calm,studying;sleep,107.061,0.355,0.297,0.0627,0.936,0.545,0.0314,0.129,-10.826,220000,42
3XZOrumPtgNclj7gPiPLFs,Gostava Tanto de Você (Ao Vivo II),Tim Maia,Latin,samba,Energetic;Motivated,driving,93.585,0.469,0.751,0.553,0.11,0.0,0.277,0.762,-7.672,207333,37
3BIDLsbt2mhciopVG1tuBw,Eu Sou,Oficina G3,R&B,gospel,Energetic,workout,199.91,0.359,0.924,0.422,0.000377,5.96e-06,0.0719,0.0982,-4.096,352432,39
5I0dxGHQbeqLYaHLxLWF6g,Offering at Dawn,Eashwar Subramanian,Chill,ambient,Sad;Calm,sleep,180.003,0.368,0.294,0.126,0.399,0.00959,0.0302,0.16,-13.599,215063,18
506x1AFqa5UIh91P0dh0ra,Darkest Night,Tony Anderson,Chill,ambient,Sad;Calm;Chill,studying,88.592,0.18,0.328,0.0445,0.0882,0.906,0.0381,0.16,-14.955,268083,41
1JWWwXFfNKi6ioDZOaa9jX,Tic Tac,Future;Lil Uzi Vert,Hip-Hop,hip-hop,Dark,commute;cooking;driving,132.858,0.942,0.566,0.479,0.0773,0.0,0.226,0.11,-4.834,189147,0
65mSI1Rt8gJ30b2cZJrp4S,Fake News,Os Barões Da Pisadinha,Latin,forro,Happy;Energetic;Motivated,workout;party;driving,172.046,0.768,0.801,0.905,0.665,2.51e-05,0.0436,0.0701,-5.994,137482,39
7l7jGqZ6tLyCpDURjWJCdS,¿Dónde Estas Presumida?,Chuy Lizarraga y Su Banda Tierra Sinaloense,R&B,r-n-b,Chill,studying;commute;cooking,130.986,0.648,0.441,0.894,0.715,0.0,0.0332,0.0685,-3.676,213920,0
12kicq97WnIr8tkp6tSM4s,Elégie,Jules Massenet;Mischa Maisky;Daria Hovora,Classical,opera,Sad;Calm,studying;sleep,69.935,0.0787,0.0407,0.0395,0.991,0.81,0.0643,0.0971,-24.943,132818,22
6NJjPvoQvLdjTPR0aZV9oT,Underground Communication,Bassnectar;Seasunz,EDM,breakbeat,Energetic;Motivated,workout,91.002,0.519,0.991,0.543,0.00455,5.19e-06,0.0854,0.469,-5.416,238893,15
1Ffz40338QVTLU2FCJnVUb,Dime Mi Amor,Juan D'Arienzo;Héctor Mauré,Latin,tango,Chill,studying;commute;cooking,138.504,0.482,0.444,0.832,0.967,0.00891,0.0354,0.0705,-6.729,159146,21
55nlbqqFVnSsArIeYSQlqx,You & I (Nobody in the World),John Legend,R&B,soul,Sad;Calm;Chill,commute,84.087,0.456,0.342,0.224,0.129,0.0,0.0283,0.124,-8.162,252653,63
612k0JGUvwPwfXoldaEqs8,Silver Skies,MANILA GREY,R&B,soul,Romantic,commute;cooking;driving,99.977,0.688,0.649,0.568,0.351,0.0,0.0856,0.106,-7.406,182889,56
7Jx0aKehPTRKdGWGMjxXbB,Hoy,Tren Loco,Rock,heavy-metal,Energetic;Motivated,workout,118.756,0.412,0.876,0.583,0.000693,1.74e-06,0.0645,0.0652,-4.247,307106,22
39zODpVtRvghMyfNjZ3BVK,Stuck on You,Elvis Presley,Rock,rock-n-roll,Happy;Chill,commute;cooking;driving,131.641,0.647,0.513,0.955,0.758,8.64e-06,0.0421,0.108,-12.372,139640,54
5hLH4yqTZUX9cpykeMo7Rs,Hizbollah Rock'n'rollah,Backstreet Girls,Rock,rock-n-roll,Energetic,workout,99.41,0.325,0.919,0.406,0.00186,7.62e-05,0.0559,0.213,-3.061,194173,28
3vkx8zeclICui76ccWUzYU,The Deadest Bar,Casino Versus Japan,EDM,idm,Sad;Calm,studying;sleep,95.011,0.561,0.273,0.328,0.00426,0.873,0.0268,0.296,-17.533,286973,14
7hyAAjHZaDWSPDzlUYNUIa,Threnody,Goldmund,Chill,ambient,Sad;Calm,studying;sleep,85.279,0.217,0.00572,0.174,0.989,0.925,0.0394,0.109,-30.767,281120,57
34W3Q8qPGPyyb0J6GCsTwc,Happy Viche,Grupo Niche,Latin,salsa,Motivated,commute;party;driving,102.694,0.782,0.72,0.605,0.425,1.07e-06,0.0742,0.683,-6.664,297065,30
3FpwEUCh753Vv5u4rrmn4K,Instagram - Bassjackers Remix,Dimitri Vegas & Like Mike;David Guetta;Daddy Yankee;Afro Bros;Natti Natasha;Dimitri Vegas;Bassjackers,EDM,progressive-house,Energetic;Dark,workout;driving,128.037,0.494,0.823,0.291,0.025,0.00101,0.0813,0.209,-3.877,217178,49
4EhSxW4yAPi6nrOG7rRYlm,Mala - Ao Vivo,Hugo Henrique,Latin,sertanejo,Romantic,commute;cooking;driving,101.908,0.564,0.63,0.433,0.622,0.0,0.0266,0.477,-4.769,192626,47
1giYZTqlSKHv7CTIyw0A6E,GOD Will Provide,Terrence Parker,EDM,detroit-techno,Happy;Energetic;Motivated,workout;studying;party;driving,122.005,0.808,0.779,0.991,0.00205,0.936,0.0546,0.0467,-7.1,412680,5
7gWSWDBriMK7YKefAe4NMP,Miami 2 Ibiza - Swedish House Mafia vs. Tinie Tempah,Swedish House Mafia;Tinie Tempah,EDM,progressive-house,Happy;Energetic;Motivated,workout;party,125.03,0.736,0.929,0.658,0.00237,1.11e-05,0.0674,0.402,-5.89,206460,55
6wc5M9WCWyr3jFZ9adou2t,Si voltò,Andrea Bocelli,Classical,opera,Calm;Nostalgic,studying;sleep,95.991,0.579,0.267,0.473,0.808,4.05e-05,0.0311,0.109,-12.506,244680,26
6BOtDFg6GJm0rPUDuNmx57,Wake Up,Fetty Wap,EDM,j-dance,Happy,commute;cooking;driving,179.971,0.647,0.673,0.527,0.172,0.0,0.176,0.223,-5.992,224000,52
6Oj0CylkftUHZu1jR5INhX,"Let It Snow, Let It Snow, Let It Snow",Dean Martin,Jazz,jazz,Calm;Romantic;Chill,studying;commute,133.568,0.457,0.36,0.682,0.828,0.000127,0.0374,0.15,-9.188,116413,0
690PE50BbeUc6jApItiYZ6,Lefnui,Little Symphony,Chill,ambient,Sad;Calm,studying;sleep,119.147,0.169,0.0153,0.0822,0.884,0.98,0.0648,0.119,-26.169,90000,28
2oaphqhjnsn109Y7Y9aezg,Bien Pulenta,Juan D'Arienzo;Alberto Echagüe,Latin,tango,Happy;Romantic,commute;cooking;driving,135.201,0.58,0.65,0.704,0.926,8.85e-05,0.0971,0.061,-5.896,167080,23
2d21akUnz6DXYVbkvuJy0r,Easy,Jhayco,Latin,latin,Energetic;Motivated,party;driving,94.023,0.853,0.777,0.555,0.0972,0.000501,0.0689,0.332,-4.025,239373,0
7ySEGp46mhxSIwR6FqDcup,Explosão de Poder,Deise do Vale,R&B,gospel,Dark,commute;driving,139.656,0.497,0.67,0.274,0.539,0.0,0.0519,0.111,-5.974,224600,40
0Dsj4OiiWw4WkgbAkQaMY1,La Otra Parte de Ti - Complimenti,Jorge Muñiz,R&B,r-n-b,Happy,commute;cooking;driving,120.062,0.766,0.555,0.806,0.491,0.0,0.0342,0.0503,-11.37,228893,45
0tgHbR3DP2EaJMhYkvszQ6,Ganja Tribe - Original Mix,Living Room,Jazz,jazz,Dark;Chill,studying;commute;driving,94.97,0.669,0.579,0.135,0.29,0.671,0.032,0.113,-10.042,244578,0
4GNAkByimF0pxX2vgG35Z3,The Dreams that Stuff is Made Of,Jóhann Jóhannsson,Chill,ambient,Sad;Calm,studying;sleep,58.322,0.36,0.0854,0.0773,0.993,0.737,0.0343,0.115,-20.406,111836,55
2wZ99JXUqr6uoEcWbEZVbf,Nem Cinco Minutos Guardados - Ao Vivo,Titãs,Rock,hard-rock,Happy,commute;cooking;driving,133.022,0.387,0.694,0.708,0.597,0.0,0.0576,0.734,-9.23,245933,39
2kLFzLJgHtreNbNlbVzQy4,Jagga Jiteya,Daler Mehndi;Dee MC;Shashwat Sachdev,Hip-Hop,hip-hop,Energetic;Dark,driving,93.959,0.774,0.783,0.206,0.0173,0.0,0.0857,0.19,-4.247,191489,59
7sMxOsVRhzYk6BImA4QJKA,"Travels to Sadness, Hate & Depression",Mutiilation,Rock,black-metal,Energetic;Dark,workout,134.93,0.164,0.999,0.0245,0.00934,0.0681,0.086,0.218,-6.602,473640,16
3HnwfTfhlP5Y1kA0alhrke,Tome Demasiado,Pappo;Juanse,Rock,heavy-metal,Energetic,workout;driving,119.336,0.586,0.79,0.481,0.00594,0.000705,0.0969,0.549,-7.704,145266,28
3F4JxbEkur9ZXAtQ5GFVXB,Suburbia,Pet Shop Boys,Pop,synth-pop,Energetic,workout,126.16,0.53,0.873,0.456,0.0403,0.000118,0.0433,0.119,-10.572,244306,55
1YUn8WogP40RYJNSidN0lJ,Bittersweet Melody,Said The Sky;FRND,EDM,dubstep,Dark,workout;commute;driving,127.91,0.594,0.727,0.277,0.311,0.0,0.0536,0.0662,-4.507,210668,38
6N8AhWCi6BT4Cf6e1e5Ucv,Inútil - Ao vivo,Ultraje a Rigor,Rock,punk-rock,Energetic;Motivated,workout,175.049,0.132,0.958,0.515,0.00176,0.00507,0.0913,0.913,-5.88,200720,38
3gkaIUaByFC8OOvLVH9c4H,"Nabucco / Act II: Vieni, o Levita!",Giuseppe Verdi;Yevgeny Nesterenko;Orchester der Deutschen Oper Berlin;Giuseppe Sinopoli,Classical,opera,Sad;Calm,studying;sleep,162.878,0.23,0.0546,0.0921,0.958,0.0238,0.0436,0.137,-23.952,61266,22
56oReVXIfUO9xkX7pHmEU0,On the Nature of Daylight,Max Richter;Louisa Fuller;Natalia Bonner;John Metcalfe;Philip Sheppard;Chris Worsey,Chill,ambient,Sad;Calm;Chill,studying,65.38,0.065,0.341,0.0334,0.154,0.854,0.0482,0.109,-12.743,371746,65
0DVnuLTzoFyQS0ZV9Ygqsb,When The Love Falls,Yiruma,Chill,new-age,Calm;Nostalgic,studying;sleep,144.737,0.381,0.158,0.355,0.991,0.937,0.0571,0.127,-24.813,197573,48
0AX2kzQ4pEK3qpa14zZQDO,Every Day Is a Saturday,Pronobozo,EDM,breakbeat,Energetic;Dark,workout;studying,140.102,0.222,0.922,0.395,4.31e-05,0.894,0.0849,0.358,-3.883,218571,43
6KRddNr4XlooytDWtefT7L,I Love You Will Still Sound The Same,Oh Honey,R&B,r-n-b,Happy;Motivated,workout;commute;driving,113.96,0.607,0.737,0.702,0.0348,0.0,0.0309,0.119,-5.714,207123,58
1q8yOvrVNiZtMuEujDuSPP,Respectable,Mel & Kim,Pop,synth-pop,Happy;Energetic;Motivated,workout,122.274,0.697,0.971,0.89,0.00377,2.79e-05,0.0428,0.138,-5.093,202640,57
0N5MJALrQQmuQSoXmMbJBc,Breaking the Circle,Ocoeur,EDM,idm,Energetic;Dark,workout;studying;driving,149.977,0.519,0.752,0.211,0.542,0.932,0.0669,0.231,-14.776,332800,11
3FndTkMFKJuxYYl90ab1cF,Night After Night,Black Atlass,R&B,soul,Happy,commute;cooking;driving,159.959,0.668,0.652,0.712,0.0463,0.000396,0.04,0.141,-5.89,183056,54
60suOlM8VpTVITPFeqth8r,Sarkar,Jaura Phagwara,Hip-Hop,hip-hop,Sad;Calm;Chill,commute,89.975,0.69,0.399,0.311,0.202,0.0,0.0576,0.247,-11.202,210116,66
7DyL3BG336XzjcxAoxH8Gr,好きということは…,Hinatazaka46,Pop,j-pop,Energetic;Motivated,workout,147.969,0.454,0.892,0.604,0.0628,0.0,0.0624,0.333,-2.908,268560,36
7eK418wMGx908CDgCNwAPh,Amber Glow,Jim Brickman,Chill,new-age,Sad;Calm,studying;sleep,133.35,0.395,0.0942,0.268,0.977,0.872,0.0359,0.0848,-17.859,156257,0
4F8OK7mNa51mKqgHqWQiYm,Space Raiders - Charlotte de Witte Remix,Eats Everything;Charlotte de Witte,EDM,deep-house,Dark,workout;studying;commute;driving,131.997,0.749,0.731,0.0598,0.00314,0.867,0.108,0.111,-10.865,438720,54
4chxJYv0qsOKQukt6cKp97,Toh Phir Aao,Mustafa Zahid,Hip-Hop,hip-hop,Dark;Chill,commute;driving,101.996,0.459,0.563,0.0961,0.39,1.98e-06,0.0263,0.107,-6.369,348280,60
5Bfapss1X2la2DkesihbMM,L'Attesa,Andrea Bocelli,Classical,opera,Dark;Chill,commute;driving,139.693,0.29,0.562,0.123,0.673,0.0,0.0316,0.117,-6.33,269888,22
41ykywmUtDSis7fGAarryh,Idas sommarvisa,Georg Riedel;Lisa Nilsson,Jazz,jazz,Calm;Nostalgic,studying;sleep,106.15,0.667,0.222,0.428,0.913,0.0,0.0294,0.113,-13.373,127400,37
2O8dvLnVZlI6eoWcPJlPTg,Shepherd Me,Ann Sweeten,Chill,new-age,Sad;Calm,studying;sleep,121.691,0.318,0.138,0.127,0.987,0.917,0.0354,0.126,-19.424,255546,24
1aQ58u4guUf999iQX3J2HF,"Beast Mode (From ""Beast"")",Anirudh Ravichander,Hip-Hop,hip-hop,Energetic;Dark,workout;driving,170.983,0.584,0.847,0.371,0.00105,0.000525,0.0933,0.333,-5.106,220350,66
1qASWj8fWZXh6ssv4RPogx,Eu Tô Com a Puta,Josué Bom de Faixa,Latin,forro,Happy,commute;party;cooking;driving,147.998,0.758,0.609,0.951,0.495,0.000134,0.0464,0.102,-8.357,195420,41
5YBdBacQGdnh3RXnHM9khq,Aku Yang Malang 1,SUPERIOTS,Rock,punk,Happy;Energetic;Motivated,workout;driving,124.001,0.698,0.789,0.844,0.00625,0.000732,0.0298,0.163,-6.026,239498,38
5xYdmybQDEe6VHYY9bRXcs,HYbr:ID oval p-dance,alva noto,EDM,idm,Sad;Chill,studying;commute,160.004,0.673,0.453,0.0377,0.138,0.938,0.0596,0.172,-17.198,256135,10
0RVmOh80HfpuygCBt2d1va,Disco Maghreb,DJ Snake,EDM,edm,Energetic,workout,99.961,0.655,0.923,0.45,0.0581,0.00259,0.216,0.382,-3.5,184799,64
1XA8XwmeBdMUdrcLIlxPTF,"Peer Gynt Suite No. 1, Op. 46: 4. In The Hall Of The Mountain King",Edvard Grieg;Gothenburg Symphony Orchestra;Neeme Järvi,Classical,classical,Sad;Calm,studying;sleep,94.292,0.406,0.042,0.197,0.934,0.691,0.0546,0.192,-19.736,178573,0
4ScKb8Z2h4UVxeFTFp1f6I,Point Of No Return,Pappenheimer,EDM,minimal-techno,Energetic;Dark,workout;studying,138.027,0.589,0.899,0.28,0.000553,0.845,0.0458,0.122,-7.29,340869,20
4saIRi9mRU62JNjUlK4ra5,Angelitos Negros,Nana Mouskouri,Classical,opera,Sad;Calm;Chill,studying,174.742,0.528,0.326,0.0987,0.854,0.000937,0.0455,0.141,-11.533,188266,21
4vaxvNDaLSoD36iZX515ug,Betrayed,Lil Xan,Rock,emo,Sad,commute,120.012,0.821,0.434,0.241,0.434,0.0,0.118,0.128,-9.194,187173,70
1PujgTg3lif4WJ03CEiDpl,Si el Te Habla de Mi,LA INDIA,Latin,salsa,Happy;Energetic;Motivated,workout;driving,169.022,0.487,0.801,0.71,0.576,0.0,0.0562,0.0601,-4.037,244373,27
1XdUEm2MwB6ysy6E80ltMg,No Cap,KR$NA,Hip-Hop,hip-hop,Happy;Energetic;Motivated,workout;party;driving,118.017,0.888,0.782,0.82,0.23,0.0,0.21,0.315,-6.195,205423,62
3y7xqINqRIrgDFkjvN468u,Rituals of Human Sacrifice for Lord Baal,Inquisition,Rock,black-metal,Energetic;Dark,studying,75.614,0.19,0.935,0.102,0.00352,0.834,0.111,0.211,-4.014,359413,18
3898C4AbdbptwYet6547e5,The Girl From Ipanema,Stan Getz;João Gilberto;Astrud Gilberto,Jazz,jazz,Calm;Nostalgic,studying;sleep,129.863,0.664,0.194,0.443,0.909,3.85e-05,0.0357,0.0829,-15.487,321826,68
0TCQVIvfxdmwEbswLAJPl4,Pluie de Velours,Dan Gibson's Solitudes,Chill,new-age,Sad;Calm,studying;sleep,79.944,0.0738,0.0774,0.038,0.9,0.477,0.038,0.889,-26.203,885746,20
0bRXwKfigvpKZUurwqAlEh,Lovely Day,Bill Withers,R&B,funk,Happy,commute;cooking;driving,97.923,0.692,0.651,0.706,0.292,0.00241,0.0324,0.105,-8.267,254560,76
4dmgrfGknhKKaozk5U3JXL,Rodo cotidiano (Participação especial Maria Rita) - Ao vivo acústico,O Rappa;Maria Rita / 1134893,Rock,alt-rock,Motivated,workout;commute;driving,114.751,0.634,0.704,0.505,0.647,7.57e-06,0.17,0.975,-8.5,376613,47
48AAhCg91UjUhFZ17sNcSD,"Triple Concerto in C Major, Op. 56: III. Rondo alla Polacca - Live at Philharmonie, Berlin / 2019",Ludwig van Beethoven;Anne-Sophie Mutter;Yo-Yo Ma;Daniel Barenboim;West-Eastern Divan Orchestra,Classical,classical,Calm;Chill;Nostalgic,studying,105.35,0.367,0.302,0.356,0.846,0.679,0.0414,0.0729,-16.454,759920,0
6SxDyZv0icnCfTS9WBaa4j,La Chinita de los Ojos Cafés,Golpe a Golpe,Latin,latino,Happy;Motivated,commute;party;driving,91.978,0.88,0.74,0.858,0.0966,0.0,0.244,0.158,-3.833,201363,44
1aWpEHa4XrPz9H2Fqhav4S,Bobby Brown Goes Down,Frank Zappa,Rock,j-rock,Happy;Chill,commute;cooking;driving,135.868,0.602,0.557,0.765,0.253,0.0,0.178,0.11,-10.321,169066,0
3aawHeiwjPcVq0ZcXhFqkV,Autumn (Solo Piano),Ryan Stewart,Chill,new-age,Sad;Calm,studying;sleep,61.222,0.272,0.0971,0.0795,0.99,0.954,0.0485,0.0893,-20.651,184306,19
3jGCVfvapPHeSJCMh3HWdq,"Symphony No. 5 in B flat, K.22: 3. Molto Allegro",Wolfgang Amadeus Mozart;Richard Fuller;Wiener Philharmoniker;James Levine,Classical,classical,Calm;Nostalgic,studying;sleep,118.72,0.549,0.249,0.496,0.971,0.893,0.051,0.0856,-20.592,85400,11
0bWSUYv9RvJiMzPj1tc5QN,Besos,El Canto Del Loco,Latin,latin,Energetic;Motivated,workout,105.013,0.588,0.876,0.519,0.00806,7.41e-06,0.0516,0.129,-4.564,147466,0
2BxRxqP6gqHHO0dQzse8pe,Adıyaman,Kızılırmak,Jazz,jazz,Calm;Romantic;Chill;Nostalgic,studying;commute,127.962,0.599,0.365,0.459,0.867,0.0,0.0282,0.209,-7.628,133720,40
5KDhQJZTlsGmZ5vd0q3Zes,Let Them All Talk,Elvis Costello & The Attractions,Pop,power-pop,Happy;Energetic;Motivated,workout,156.062,0.588,0.887,0.935,0.107,0.0,0.0488,0.313,-7.593,186066,22
3dJj6o9o1fRgrojWjailuz,Nobody Can Save Me,Linkin Park,Rock,alternative,Dark,commute;cooking;driving,139.957,0.645,0.688,0.433,0.0107,0.0,0.0341,0.186,-4.749,225546,61
2fuCquhmrzHpu5xcA1ci9x,Under Pressure - Remastered 2011,Queen;David Bowie,Rock,rock,Dark,workout;commute;driving,113.805,0.671,0.712,0.462,0.429,0.0,0.0476,0.103,-7.815,248440,79
7eR3yxAzyHRreNfY3UrgWU,Pagliacci: Act I: Vesti la giubba,Ruggero Leoncavallo;Franco Corelli;Orchestra Sinfonica Nazionale della RAI di Torino;Arturo Basile,Classical,opera,Sad;Calm,studying;sleep,81.224,0.149,0.284,0.0707,0.976,0.104,0.036,0.345,-9.617,174706,21
6PsiA6fWFPmblMogJQCMzM,Cumbia Que Te Vas de Ronda,Linda Vera,Rock,rock-n-roll,Calm,sleep,200.199,0.462,0.234,0.965,0.428,3.84e-05,0.0523,0.0952,-18.632,138666,28
1kcjEaY5BPCUkdPKeKrE9k,Du vill ha sex med mig,Little Jinder,Pop,synth-pop,Happy,commute;cooking;driving,133.918,0.62,0.663,0.532,0.168,0.0064,0.0301,0.088,-5.793,177133,26
16xg7UwH9hbs96vCD8k6bC,GRIND,Emiway Bantai,Hip-Hop,hip-hop,Motivated,commute;party;driving,98.973,0.848,0.735,0.57,0.291,0.0,0.0445,0.0713,-4.661,175449,65
48em2surDglwbkUmdrHNjd,Kill! Drink! Kill!,Falconshield,Pop,power-pop,Energetic;Dark,workout,169.84,0.407,0.971,0.355,3.49e-05,0.0,0.13,0.165,-6.027,191634,21
5T81Qy9QX586Mqf5lehTSR,Periodico De Ayer,Domingo Quiñones,Latin,salsa,Happy;Motivated,commute;driving,91.478,0.649,0.737,0.943,0.576,0.0,0.0288,0.516,-7.799,121906,28
2UMkPz0K1G30F89luNr24W,Amar Você Não Dói / Vem - Ao Vivo,Bell Marques,Latin,forro,Energetic;Motivated,workout;party,112.014,0.728,0.937,0.584,0.118,0.00841,0.0354,0.351,-4.794,289776,39
3QHMxEOAGD51PDlbFPHLyJ,Vivir Mi Vida,Marc Anthony,Latin,salsa,Happy;Energetic;Motivated,workout,105.018,0.656,0.877,0.894,0.345,0.0,0.0342,0.349,-3.231,252346,76
210uN31E64RF58k4j6Gh4f,Gratitude at 432 Hz,Rakesh Chaurasia,Classical,classical,Sad;Calm,studying;sleep,70.953,0.212,0.108,0.0958,0.985,0.952,0.0364,0.111,-16.583,596181,45
6Qtsg8iui24fPWGQslfjZ0,The Twilight Zone,The Ventures,Rock,rock-n-roll,Dark,workout;commute;driving,113.657,0.563,0.719,0.488,0.242,0.146,0.0276,0.288,-11.323,155933,1
7Eta1k8UzwooyJCB9stY1d,Comics,Caravan Palace,Jazz,jazz,Energetic;Motivated,workout,89.999,0.554,0.848,0.561,0.000867,0.0298,0.0815,0.42,-4.857,212596,54
1ko2lVN0vKGUl9zrU0qSlT,Just the Two of Us (feat. Bill Withers),"Grover Washington, Jr.;Bill Withers",Jazz,jazz,Romantic;Nostalgic,commute;cooking,95.818,0.749,0.497,0.585,0.41,0.0499,0.105,0.0504,-12.609,438493,77
2i6TC7MsSE54t5odT0KIQi,Muchacho,Adriana Varela,Latin,tango,Calm;Nostalgic,studying;sleep,111.129,0.713,0.151,0.63,0.837,0.0,0.0799,0.0874,-13.226,154528,20
4X5eVzwLk47xdbo6R9O5UP,All of Me,Collabro,Classical,opera,Sad;Calm;Chill,studying;commute,118.184,0.405,0.365,0.0761,0.627,0.0,0.0281,0.107,-8.152,257959,20
3gNhPpKri5wFDD3LbBp2LG,Tristinha,Ferrugem,Latin,pagode,Happy;Motivated,workout;commute;driving,156.093,0.575,0.75,0.754,0.471,0.0,0.0406,0.367,-6.476,249267,46
6ubqrTIJwspBSqx8XQHN2K,Mayhem,Halestorm,Rock,grunge,Energetic,workout,172.822,0.398,0.982,0.401,0.00306,0.0243,0.178,0.44,-3.979,216760,55
0HAqq2GcQKyi3s87GuN7jU,Amoeba,Clairo,Pop,indie-pop,Romantic,commute;cooking,111.008,0.739,0.491,0.707,0.791,0.0366,0.027,0.1,-11.515,228922,74
4aSaL4bbi8guzD8roZB1OX,Raindrops,ELLEGARDEN,Rock,emo,Energetic;Dark,workout,128.049,0.435,0.906,0.342,0.00157,0.0,0.0967,0.153,-1.929,221226,34
5RTQ7QLKmUyWMl0jdPJzhp,DEAD ZONE,Gulab Sidhu;Jay Dee,Pop,pop,Happy,commute;cooking;driving,163.628,0.634,0.644,0.538,0.0324,0.0,0.35,0.644,-3.96,169939,64
5IZ6S8FeaOv9mlOifLUIwZ,O Beijo E A Reza,Skank,R&B,r-n-b,Calm,commute;cooking,143.477,0.776,0.491,0.879,0.000194,0.203,0.04,0.0558,-12.042,299000,43
1xYVxo2kgmXdE6ENgscBfH,Finally (feat. Reno Ka) - Long Mix,Terrence Parker;Reno Ka,EDM,detroit-techno,Motivated,workout;commute;party;driving,122.02,0.779,0.731,0.507,0.000718,0.123,0.0423,0.0568,-7.362,428721,5
31DsZ9tyytV1rNCZ33yG0D,Give Me Your Love,Lucas & Steve;MARF,EDM,progressive-house,Energetic;Motivated,workout;driving,128.009,0.591,0.753,0.528,0.113,0.0,0.0403,0.0627,-4.946,202530,56
3yaKxljNRpPcmDUHdQ78TT,Savannah Sunrise,Deuter,Chill,new-age,Sad;Calm,studying;sleep,78.924,0.134,0.0724,0.058,0.984,0.951,0.0477,0.116,-21.928,367840,20
0mJTAdmY8olbGQjopDYff3,Vaaste,Dhvani Bhanushali;Nikhil D'Souza;Tanishk Bagchi,Pop,pop,Sad;Chill;Nostalgic,commute,89.892,0.444,0.479,0.315,0.454,0.0,0.0436,0.095,-5.586,196043,69
43ZA173zlPZnKN3YSjrzHU,When I Fall In Love,Andrea Bocelli;Chris Botti,Classical,classical,Sad;Calm,studying;sleep,69.66,0.327,0.279,0.15,0.928,0.000144,0.0291,0.12,-10.318,281558,26
0OQ6khsXlri2wYI8HxJlqd,笑看風雲,Adam Cheng,Pop,cantopop,Sad;Chill,commute,120.001,0.608,0.401,0.181,0.462,1.93e-06,0.031,0.167,-10.68,264289,50
4aSY0tuzPKj2uq8rAg38Mh,Vive Tu Vida,Mr Black El Presidente;Keyvin Ce,Latin,salsa,Happy;Energetic;Motivated,workout;party;driving,110.022,0.825,0.838,0.938,0.0953,0.0,0.0545,0.0713,-4.446,222333,42
0udvqTPCimWmF6eXn93ZL6,The Simple Birth,Barbara Higbie,Chill,new-age,Sad;Calm;Nostalgic,studying;sleep,132.282,0.601,0.167,0.327,0.922,0.0154,0.0318,0.0677,-17.051,217333,20
57Zcl7oKKr29qHp38dzzWi,Echo,Yves V,EDM,progressive-house,Dark,commute;cooking;driving,128.256,0.676,0.656,0.415,0.0298,0.0,0.09,0.192,-7.41,180560,60
0eJ4rwYdkIl4Dz6hY2sNhJ,Sensacion Del Bloque,De La Ghetto,Hip-Hop,hip-hop,Dark,commute;driving,92.014,0.709,0.726,0.405,0.0977,0.0,0.0411,0.301,-7.129,182186,2
1rnNJckSOjUlvoCw3gV5ob,The Great Deceiver,In Flames,Rock,death-metal,Energetic;Dark,workout;studying,169.967,0.373,0.985,0.279,5.84e-06,0.549,0.114,0.254,-4.199,225314,57
25rTapkGpjHglVl0nhHmE6,Bicho-Folha e Bicho-Pau,Palavra Cantada,Latin,mpb,Chill,commute;cooking,79.041,0.691,0.475,0.791,0.596,1.16e-06,0.0801,0.145,-7.743,148686,39
4WPWoCfL1Mr55AB9QoedCT,Vel Muruga,Pithukuli Murugadas;Sikkil Vadivel;T.S. Vasudeva Rao,Classical,classical,Calm;Chill,studying;commute,112.684,0.542,0.354,0.757,0.963,0.00375,0.0557,0.323,-11.254,170866,29
0ViUlnRMrbmuzGyqWbJc0j,時の足音,KOBUKURO,Pop,j-pop,Romantic;Chill;Nostalgic,commute;cooking,81.522,0.546,0.485,0.425,0.5,0.0,0.0243,0.148,-6.313,330013,36
4NcvDnc0DtPKTOcoFqaomp,You Never Know,Jim Brickman,Chill,new-age,Sad;Calm,studying;sleep,139.616,0.5,0.245,0.178,0.945,0.583,0.0303,0.113,-14.551,225560,20
7nqAqwznesTgfCX84wqhfq,"The Nutcracker, Op. 71, TH 14 / Act 1: No. 2 March - Live at Walt Disney Concert Hall, Los Angeles / 2013",Pyotr Ilyich Tchaikovsky;Los Angeles Philharmonic;Gustavo Dudamel,Classical,classical,Calm;Nostalgic,studying;sleep,74.423,0.596,0.148,0.488,0.965,0.921,0.0374,0.0983,-23.21,145386,0
4jPU94aF0U2PMNN0aBnhgX,Handshake with Hell,Arch Enemy,Rock,death-metal,Energetic;Dark,workout,102.424,0.24,0.961,0.0576,3.63e-05,0.00426,0.123,0.164,-7.592,338960,57
0qvoxfYodIfe14gaidhnsV,Andha Kanna Paathaakaa,Anirudh Ravichander;Yuvan Shankar Raja,Hip-Hop,hip-hop,Energetic;Motivated,party,90.445,0.747,0.86,0.625,0.301,0.0383,0.279,0.0743,-4.071,194500,62
32Dc90Bn6NCKMPmdfprhFq,FESTA DE ADEUS,Julio Secchin,Latin,mpb,Calm;Romantic;Chill;Nostalgic,studying;commute,139.969,0.652,0.382,0.507,0.758,0.002,0.0572,0.117,-8.601,169108,40
2N1vE6dO6wlZvUGKEwN3tC,Glaciär/For Minou - Original Mix,Aril Brikha,EDM,detroit-techno,Energetic,workout;studying;party;driving,126.02,0.802,0.79,0.479,0.00127,0.898,0.0549,0.0728,-11.754,473910,6
7kHwpWr8LZDu4TmPTdu0rJ,Assim Que Se Faz,Luciana Mello,Latin,samba,Romantic;Nostalgic,commute;cooking,116.039,0.821,0.491,0.424,0.546,1.84e-05,0.0523,0.0828,-8.73,300626,42
4rg3s1aEaDXNWtD59o7YRT,Mother of Abominations,Power From Hell,Rock,black-metal,Energetic;Dark,workout;studying,160.186,0.233,0.958,0.0383,6.69e-06,0.946,0.0633,0.384,-8.827,316973,16
2N5gSlhembffRYnLZamklI,Spawn of Pure Malevolence,Repugnant,Rock,death-metal,Energetic;Dark,workout,121.005,0.215,0.988,0.0694,6.04e-06,0.209,0.118,0.0997,-3.169,192973,23
44cFiFUCi3wy5jo2uyFVfM,Se Não For Pra Te Adorar - Ao Vivo,Fernandinho,R&B,gospel,Energetic;Dark,workout;driving,112.916,0.496,0.848,0.21,0.624,0.0,0.0823,0.198,-5.073,285440,41
67qlKfxKVqs2uxPA6OMlDZ,el diablo,Machine Gun Kelly,Hip-Hop,hip-hop,Motivated,commute;party,75.003,0.765,0.725,0.578,0.00471,0.000194,0.143,0.154,-3.391,146264,2
6KqBkChlSmWOCtfnwtLJXL,My Dark Materials,Christopher Coe,EDM,techno,Energetic;Dark,workout;studying;driving,125.997,0.727,0.848,0.0386,0.0128,0.428,0.117,0.106,-9.437,457142,0
1gwu4J4HIbbQrPUHHRc415,Chup Chup,Wazir Patar;Roop Bhullar,Hip-Hop,hip-hop,Happy,commute;party;cooking;driving,168.051,0.815,0.676,0.836,0.0664,0.0,0.385,0.0578,-3.04,155714,57
2baiU53SqqdVf1Kdlbmc06,"String Quartet No. 9 in A, K.169: 4. Rondeaux (Allegro)",Wolfgang Amadeus Mozart;Quartetto Italiano,Classical,classical,Calm,studying;sleep,117.189,0.47,0.124,0.911,0.938,7.56e-05,0.0522,0.198,-18.936,98160,3
56FNy1crkdeoOhhxH3yWJk,Welcome to Heaven,Direct Hit!,Pop,power-pop,Energetic;Dark,workout,169.833,0.352,0.859,0.358,0.00143,0.0985,0.042,0.0735,-6.187,248044,25
0l1TYKi4obpzywy5rQp1s3,Week-end à Rome - 2014 Remastered,Étienne Daho,Pop,synth-pop,Happy;Energetic;Motivated,workout;studying;party,118.905,0.744,0.923,0.96,0.188,0.841,0.0448,0.0468,-5.802,252306,24
0wGrTrI43CKmfzbFNNhftb,East Side Flow,Sidhu Moose Wala,Hip-Hop,hip-hop,Happy;Energetic;Motivated,workout;party,151.965,0.767,0.867,0.786,0.109,0.0,0.247,0.155,-2.931,224211,66
0G51Gckb1jFoH0ZFaN49xN,ПОРНХАБ КРИСМАС КЛАБ,Poshlaya Molly,EDM,electronic,Dark,commute;driving,110.026,0.72,0.677,0.229,0.0093,0.003,0.0917,0.0566,-7.595,246743,55
1I0gGPEFiIM62rcVG32w7c,Me Gustas Cuando Callas ((Poema 15),Adriana Varela,Latin,tango,Calm;Romantic;Chill;Nostalgic,studying;commute,105.432,0.535,0.395,0.627,0.831,0.0,0.0561,0.043,-6.463,165106,18
3wl2RHCR2kZdXIsNXMZu7R,Serenade In E,Yiruma,Chill,new-age,Sad;Calm,studying;sleep,66.905,0.397,0.104,0.093,0.987,0.92,0.0558,0.0782,-18.249,310000,43
7qGpYEca4muf9nKvCso8AB,"Carmen, Act III, No.20 Trio: Voyons que j'essaie à mon tour (Carmen)",Georges Bizet;Angela Gheorghiu;Michel Plasson;Wolff;Orchestre National Du Capitole De Toulouse,Classical,opera,Sad;Calm,studying;sleep,124.587,0.315,0.0371,0.0348,0.981,0.000357,0.0553,0.0925,-21.937,67866,20
4wh6bMUhAxldwgXg2tekeC,Blues de la Libertad,Patricio Rey y sus Redonditos de Ricota,Rock,punk,Sad;Dark;Chill,commute;driving,146.939,0.499,0.541,0.317,0.028,0.000937,0.0308,0.19,-9.046,300960,40
039VxfSo5FErqE65169VZL,Devotion - 2020 Remix,Bingo Players;Felguk;Fafaq,EDM,progressive-house,Energetic;Dark,workout;studying;driving,124.025,0.701,0.802,0.365,0.00059,0.819,0.0451,0.332,-4.771,152131,58
2XpcN7PuOWYnS3tYooCZb6,Summer Of Love,Ten City,EDM,chicago-house,Happy;Energetic;Motivated,workout,124.019,0.655,0.896,0.82,0.0153,1.26e-05,0.0772,0.0793,-4.812,180000,5
5RrOyaV2xOAnf62uWj24dB,OOPS,King,Hip-Hop,hip-hop,Happy,commute;party;cooking;driving,99.952,0.918,0.673,0.828,0.314,0.0,0.184,0.0555,-5.084,163200,75
4r61dWOVO2YU5GXwJDgITe,"Sonata for Piano and Violin in E flat, K.481: 3d. Variation 3",Wolfgang Amadeus Mozart;Arthur Grumiaux;Walter Klien,Classical,classical,Calm;Nostalgic,studying;sleep,79.216,0.445,0.117,0.595,0.992,0.847,0.0362,0.131,-24.412,61866,10
0ocTokIYHy1xk21x218YN7,Eu Desejo,Pregador Luo,R&B,gospel,Happy;Motivated,workout;commute;driving,162.044,0.665,0.717,0.691,0.581,0.0,0.0864,0.149,-5.429,229253,43
70jK4YYMql3lJFBUK6l8QT,Only The Winds,Ólafur Arnalds,Chill,ambient,Sad;Calm,studying;sleep,116.997,0.478,0.176,0.0378,0.948,0.943,0.0342,0.081,-17.971,321373,45
2SYciSIUYvHMPItZhWY3mI,Shootout (8D Version),Izzamuzzic;Julien Marchal,EDM,electronic,Romantic,studying;commute;cooking,86.976,0.559,0.606,0.444,0.315,0.855,0.0409,0.109,-12.704,293142,56
6pg5sJV9wRSzMX11K0otV2,The Christmas Song,Vince Guaraldi Trio,Jazz,jazz,Sad;Calm,studying;sleep,170.063,0.342,0.154,0.193,0.993,0.932,0.039,0.103,-16.553,196933,0
66rs9D7wDSIwhZ7sPoBFYD,Fly Away Lullaby,Gary Stadler,Chill,new-age,Sad;Calm,studying;sleep,68.475,0.161,0.11,0.057,0.988,0.944,0.0347,0.124,-21.194,345093,23
2LgXhWI4fuXiwXOkuPVbJU,Deus Não Desperdiça Suas Lágrimas,Paulo Neto,R&B,gospel,Dark;Chill,commute;driving,127.873,0.555,0.585,0.307,0.166,0.0,0.0311,0.0831,-4.041,268515,41
5K6JpLRCdbIQigdJp2jFWQ,"Thotta Load Aage Waiting - From ""Laththi""",Yuvan Shankar Raja;MC Vickey;Durai,Pop,k-pop,Motivated,commute;party;driving,91.99,0.78,0.739,0.593,0.0292,1.18e-06,0.0567,0.0799,-8.896,198971,47
74iHIbrEHD0OJi7RyVBbuH,Sing-A-Long,Ransom,EDM,hardstyle,Energetic;Dark,workout,152.044,0.62,0.928,0.304,0.192,9.22e-05,0.094,0.321,-3.074,189473,21
05bNuygSyh9WlJTRepNiDp,My Cigarette,Red Hot Chili Peppers,R&B,funk,Happy,commute;party;cooking;driving,178.058,0.732,0.653,0.848,0.0158,0.295,0.0427,0.0851,-7.804,264207,63
7rnqq7955ubY95MRPiRpue,Hai Mera Dil,Alfaaz,Hip-Hop,hip-hop,Happy;Energetic;Motivated,workout;party;driving,112.062,0.739,0.839,0.904,0.475,0.0,0.0356,0.341,-4.175,209853,60
6aXbJYFsFav0JsmaXx11WQ,"You'll Be Back - From ""Hamilton""",Michael Ball;Alfie Boe,Classical,opera,Romantic;Chill;Nostalgic,studying;commute;cooking,120.142,0.699,0.443,0.477,0.766,5.16e-06,0.0595,0.109,-10.318,211226,21
1mg90rolr4JdohAwpvj3Wx,"8 Variations on ‘Dieu d'amour’ from ‘Les mariages samnites’ by Grétry in F, K.352: 8c. Variation VII : Adagio - Pt. 3",Wolfgang Amadeus Mozart;Danielle Laval,Classical,classical,Calm;Nostalgic,studying;sleep,73.975,0.368,0.0722,0.528,0.993,0.963,0.0536,0.145,-25.522,51506,21
1KBuhAHzia2qoD4u6YhvER,Stiff Upper Lip,AC/DC,Rock,hard-rock,Happy;Energetic;Motivated,workout,123.691,0.588,0.851,0.706,0.0344,0.00773,0.033,0.16,-4.206,214560,62
3PlwYd5JqRt3qsmnTOBtud,HAVE A NICE DAY,TENDRE,Rock,j-rock,Happy;Motivated,workout;commute;driving,154.944,0.668,0.713,0.755,0.0182,0.131,0.0547,0.0626,-8.07,220097,0
20tnxv4NAzTCayQQln3EZP,Dhakka,Sidhu Moose Wala;Afsana Khan,Hip-Hop,hip-hop,Happy;Motivated,workout;commute;party;driving,176.042,0.731,0.727,0.79,0.0907,2.67e-05,0.327,0.852,-6.001,246818,62
0Tie7NxHGeejv3jyWQXiqV,Resonance,Ocoeur,EDM,idm,Sad;Chill,studying;commute,115.161,0.576,0.487,0.044,0.165,0.849,0.0622,0.108,-13.116,370999,9
6h1JK4zvCvvSHJFFVG3Vqf,Ball If I Want To,DaBaby,Hip-Hop,hip-hop,Happy,commute;party;cooking;driving,139.949,0.902,0.669,0.628,0.161,0.0,0.457,0.0728,-5.049,112546,0
5DUDVKTyMbm6c0XsJistVc,借火,Juno Mak,Pop,cantopop,Calm;Romantic;Chill;Nostalgic,studying;commute,121.774,0.626,0.393,0.553,0.802,0.0,0.0381,0.102,-7.211,225840,44
1XotHNg5Tnpcyq1R2nJ7Na,Munna’S Love,Gustavo Santaolalla,Chill,ambient,Calm;Nostalgic,studying;sleep,104.033,0.576,0.137,0.532,0.986,0.897,0.0509,0.0871,-20.681,145450,19
5jLWRE6nyI3ijFlIMCYJKH,Amapola - Remastered,Andrea Bocelli;Orchestra Sinfonica di Milano Giuseppe Verdi;Steven Mercurio,Classical,opera,Sad;Calm;Chill,studying;commute,80.714,0.175,0.371,0.2,0.963,1.38e-06,0.0305,0.191,-7.367,253384,27
58X91MDH5OmePcLM5Hpg2M,Jednou Tě Zabijou,Schyzo,Rock,emo,Chill,commute;cooking,81.681,0.58,0.444,0.426,0.187,0.0,0.407,0.121,-9.43,231653,36
0M8itGFqtoA1JImV29Jrw8,Aria E Memoria (We'll Be Together) - English Version,Alessandro Safina;Chrissie Hynde,Classical,opera,Dark,commute,77.902,0.392,0.673,0.177,0.824,0.000421,0.039,0.0797,-6.764,263200,19
27NovPIUIRrOZoCHxABJwK,INDUSTRY BABY (feat. Jack Harlow),Lil Nas X;Jack Harlow,Hip-Hop,hip-hop,Happy;Motivated,workout;commute;party;driving,149.995,0.736,0.704,0.894,0.0203,0.0,0.0615,0.0501,-7.409,212000,86
77G0k1La0c5Dw8bAFANcyp,Sports,Beach Bunny,Pop,indie-pop,Energetic;Motivated,workout,186.142,0.231,0.877,0.524,0.000653,0.026,0.0574,0.0694,-5.278,164165,73
6NJOOWpT5g3Y46G2qtRejH,BLUE,Tiësto;Stevie Appleton,EDM,dance,Happy;Motivated,workout;commute;party;driving,118.035,0.744,0.725,0.902,0.0179,1e-05,0.0303,0.212,-6.056,167858,0
7EH8os68uvIQk3xUtsKmqf,La traviata*: Act I: Prelude,Giuseppe Verdi;Monika Krause;Rannveig Braga;Ivica Neshybova;Yordy Ramiro;Georg Tichy;Peter Oswald;Pavol Maurery;Ladislav Neshyba;Jozef Spacek;Peter Subert;Slovak Philharmonic Chorus;Slovak Radio Symphony Orchestra;Alexander Rahbari,Classical,opera,Sad;Calm,studying;sleep,95.036,0.185,0.00467,0.0383,0.857,0.0218,0.0501,0.143,-37.829,232200,22
7h8N0QlHxIEYfnHDVps8dS,Nuit Douce,Phlocalyst;Myríad,Jazz,jazz,Sad;Calm,studying;sleep,127.994,0.661,0.221,0.158,0.805,0.886,0.034,0.0929,-14.398,153750,60
7vYca4BGhViMAp5LoA0dEh,"4 Impromptus, Op. 90, D. 899: III. Andante",Franz Schubert;Yanica Hristova,Classical,classical,Sad;Calm,studying;sleep,67.291,0.128,0.0152,0.0803,0.995,0.913,0.0374,0.0744,-30.53,413546,0
411ZgO67nKxR1lg44sYnlW,Quando O Mel É Bom - Ao Vivo,Simone & Simaria,R&B,funk,Energetic;Motivated,workout;driving,175.695,0.547,0.8,0.607,0.482,0.0,0.26,0.311,-3.036,234093,51
3HHOfa5QV20fxF12JPgLsj,"Theme From ""In Search Of Angels""",Tim Story,Chill,ambient,Sad;Calm,studying;sleep,76.944,0.263,0.228,0.0762,0.902,0.935,0.0376,0.123,-14.361,127800,24
1rd95QjWl1JIZUrA4w6S5g,Off To War!,Behemoth,Rock,black-metal,Energetic;Dark,workout,148.099,0.211,0.966,0.162,1.77e-05,0.0147,0.074,0.125,-4.583,287574,45
5gbMldBlwyoBcO1VtFxmg3,出逢った頃のままで。,SPICY CHOCOLATE;Tak-Z;Kotobukikun,Pop,j-pop,Happy;Energetic;Motivated,workout,107.025,0.677,0.91,0.938,0.171,0.0,0.0335,0.11,-1.755,237226,36
2DpJ9T2RVRanZcYFHKOAfA,Put Your Head On My Shoulder,Paul Anka,R&B,r-n-b,Calm;Romantic;Chill;Nostalgic,studying,115.838,0.547,0.335,0.474,0.747,0.0,0.0307,0.101,-9.2,154733,69
5KDEqPWSBZzrANHGBlJ8xN,Real As It Gets,Lil Baby;EST Gee,Hip-Hop,hip-hop,Dark,workout;commute;driving,140.005,0.779,0.705,0.196,0.00471,0.0,0.163,0.0971,-5.891,192804,3
1BukqCn36umMofiiQxf54t,Isaiyaai Thamizhaai,Sirkazhi Govindarajan,Classical,classical,Happy,commute;cooking;driving,106.283,0.503,0.641,0.949,0.905,0.0,0.101,0.604,-10.564,200400,31
1uR6lnlWc7EQ5XbtfRSIoT,"Parsifal, WWV 111 - Concert version / Act 3: Good Friday Spell",Richard Wagner;Bavarian Radio Symphony Orchestra;Eugen Jochum,Classical,opera,Sad;Calm,studying;sleep,141.201,0.14,0.0227,0.0332,0.963,0.92,0.0417,0.108,-27.731,736000,24
4tWZkNLe7V7GtBt07MJ5FU,Move On,Stand Here Alone,Rock,punk,Happy;Energetic;Motivated,workout,169.934,0.423,0.928,0.74,0.015,0.0,0.0649,0.199,-2.322,210848,48
3DQwuewZCfbD6e7s2jW1Ok,聽說,Sam Lee,Pop,mandopop,Sad;Calm;Chill,commute,123.706,0.481,0.377,0.196,0.317,0.0,0.0346,0.125,-10.353,275347,22
73ptBTOgUcD3Wyrq0B9eAW,I'm a Firefighter,Cigarettes After Sex,Chill,ambient,Sad;Calm,commute,114.941,0.361,0.3,0.125,0.483,0.0303,0.0335,0.158,-13.657,271018,61
0oOdE0KVbXNDHdxja2Uf1Y,Namorando,Grecco,Rock,metal,Romantic;Chill;Nostalgic,studying;commute;cooking,170.125,0.396,0.42,0.485,0.631,0.0,0.0277,0.158,-9.255,210680,38
648sjoR2ga0PXixXttyqzJ,One Day,Omoinotake,Pop,j-pop,Happy;Motivated,workout;commute;driving,162.811,0.568,0.727,0.797,0.0343,0.0,0.0542,0.197,-5.415,223741,54
4wNIVLMwvz1P4hjWBmyKqa,Balance,Liquid Mind,Chill,new-age,Sad;Calm,studying;sleep,115.864,0.169,0.238,0.0334,0.764,0.826,0.0474,0.111,-15.741,400933,24
4c8KffBxeK8cTUj9wEOGl7,New Faces v2,Mac Miller;Earl Sweatshirt;Da$H,Hip-Hop,hip-hop,Dark;Chill,commute;driving,110.456,0.479,0.598,0.244,0.0536,0.0,0.323,0.456,-5.807,327560,0
1yT7lY0eEJjbWSjarCWH8Q,Doutrinado,Tz da Coronel,R&B,funk,Romantic,commute;cooking,86.818,0.415,0.64,0.433,0.65,0.0,0.123,0.149,-7.037,150047,44
53UYus4vbWpRBRwnMOE79w,Mistletoe,Jake Scott,Pop,indie-pop,Calm;Chill,studying,81.101,0.604,0.345,0.818,0.754,0.0,0.071,0.124,-8.554,178282,0
1gTD1rUFgz05rRyMvPPRtX,Goat,Sidhu Moose Wala,Hip-Hop,hip-hop,Energetic;Motivated,party,92.905,0.756,0.855,0.525,0.222,0.0,0.208,0.188,-3.352,80062,59
5vGbOzl2zhFCH09f77xBAC,Cycle Blue,FIT Siegel;Kassem Mosse,EDM,detroit-techno,Dark,workout;studying;commute;driving,120.008,0.744,0.744,0.236,0.000639,0.88,0.0466,0.0841,-10.566,454280,7
7JIFyFT89CwNK7EmhG2eqn,Esther,BAYNK;Tinashe,R&B,soul,Happy,commute;cooking;driving,105.953,0.828,0.502,0.677,0.172,0.00102,0.0445,0.0544,-6.053,192138,62
2tOziCeCfa30pRQbfQqRJf,Feeling Good - Ronan Remix,Nenei;Stella Starlight Trio;Ronan,Jazz,jazz,Happy,commute;cooking;driving,166.004,0.594,0.643,0.668,0.0112,0.00156,0.066,0.447,-9.078,154446,0
2dwnD6tMYqp8zQmfg1XvNQ,Way It Is,Mr. Belt & Wezol;RSCL,EDM,deep-house,Dark,commute;party;cooking;driving,123.997,0.868,0.69,0.457,0.0227,0.0526,0.0856,0.059,-5.606,192905,58
7AbQOJNsGPsvJD2eVvKyT9,"Lyric Pieces I, Op. 12 (Excerpts): No. 4, Alfedans",Edvard Grieg;Una Bourne,Classical,classical,Sad;Calm;Chill,studying,89.556,0.375,0.318,0.25,0.993,0.835,0.0576,0.149,-23.633,46666,0
7ajVYJt15NuE3NmzxSHOyS,Kiss of Death,Dokken,Rock,hard-rock,Energetic;Dark,workout,145.73,0.402,0.942,0.209,0.00178,0.00183,0.11,0.869,-8.659,351040,0
7oR52pTFA101oebY83ZIRr,Morning's Wings,Tony Anderson,Chill,ambient,Sad;Chill,studying;commute,77.44,0.159,0.487,0.0328,0.0332,0.867,0.0491,0.135,-13.086,154283,47
4a7AWx3ghlqOVqFq8OWZcQ,Bonus Track,Paul Cardall,Chill,new-age,Sad;Calm,studying;sleep,76.538,0.143,0.00831,0.117,0.97,0.711,0.0392,0.0779,-34.651,265400,26
4GNilkZKILsug3l5pdLoxo,Only You,Yazoo,Pop,synth-pop,Calm,commute,106.158,0.752,0.307,0.854,0.332,0.000135,0.0398,0.0829,-17.063,194173,26
0iiQCzqzytQsVmlkGjTGB1,Big Fun (Remastered),Inner City,EDM,detroit-techno,Happy;Energetic;Motivated,workout;studying,122.023,0.673,0.931,0.929,0.00037,0.487,0.0394,0.044,-4.326,198688,44
06I2PKNDtP6ypDXAMqCARp,Perfect Pair,Unodavid,Rock,emo,Sad,commute,82.962,0.728,0.439,0.34,0.193,0.0,0.143,0.106,-10.62,130057,58
5Gad2CfMEtyZHVlvjAzQzY,Miserere,Andrea Bocelli,Classical,opera,Sad;Chill,commute,147.773,0.233,0.473,0.154,0.671,7.27e-06,0.0351,0.0972,-7.531,253514,25
78QUxAllrdMT2v0wKhlwHP,Happy Holiday,Peggy Lee,Jazz,jazz,Romantic;Chill,commute;cooking,192.76,0.369,0.499,0.69,0.829,1.75e-06,0.0448,0.154,-9.301,115506,0
3lNETUpm5NjmJ6NZrZRFqZ,獨角戲,Valen Hsu,Pop,mandopop,Sad;Calm;Chill,studying;commute,171.814,0.353,0.35,0.205,0.763,4.39e-06,0.0402,0.0808,-14.231,277293,51
1eUNxXsRKs3hyN5gkjsx6f,The Other Side,Angerfist,EDM,techno,Energetic;Dark,workout,160.044,0.366,0.928,0.0395,0.0539,0.134,0.0432,0.0987,-1.187,319500,26
0tjnLIbuF8mwLUKq3CNIdH,Jug Jug Jeeve,Sachet Tandon;Parampara Tandon;Sachin-Jigar,Pop,pop,Happy;Romantic,commute;cooking;driving,90.097,0.559,0.632,0.699,0.413,0.0,0.0608,0.118,-7.58,199174,70
7LQ1ZZlbxJN0HePXKEyy0R,Me Perdoa - Ao Vivo,Só Pra Contrariar,Latin,pagode,Dark,commute;cooking;driving,113.97,0.556,0.696,0.475,0.28,0.0,0.0389,0.965,-6.058,233320,46
2r32XiAWtZbT3eLUvf4pag,Jee Le Zaraa,Vishal Dadlani,Hip-Hop,hip-hop,Dark,commute;cooking,79.993,0.584,0.698,0.436,0.447,0.0,0.0376,0.0699,-6.61,215202,65
68AII8xLoXkPMlVrLEHnwA,Jornalero,Pepe Aguirre,Latin,tango,Calm,studying;sleep,117.861,0.723,0.258,0.8,0.979,6.87e-05,0.109,0.37,-9.173,189637,25
1li75WLP9NEhAY8IYceYQB,"Chue Chuá, As Águas Vão Rolar/ Fui Passear No Norte/ Moema Morenou",Grupo Pagode;Churrasco,Latin,samba,Happy;Energetic;Motivated,workout,123.388,0.527,0.961,0.873,0.583,0.0,0.0987,0.155,-3.902,123026,36
55w3uYVfgZWZbbyIZJddz7,When You Wish Upon A Star,Jim Brickman,Chill,new-age,Sad;Calm,studying;sleep,66.85,0.255,0.0928,0.18,0.976,0.927,0.0392,0.143,-19.283,158482,20
6xJi7Qel6TsACujetOJd5N,Rang,Bickram Ghosh;Kala Ramnath;Rajhesh Vaidhya,Classical,classical,Romantic;Chill;Nostalgic,studying;commute;cooking,75.553,0.441,0.549,0.486,0.654,0.447,0.118,0.0997,-9.367,331280,33
2hDMBVN3P47GEhH5VtmA6m,Untouchable,Tegi Pannu;Manni Sandhu,Hip-Hop,hip-hop,Romantic,commute;cooking;driving,146.864,0.658,0.603,0.519,0.472,0.0,0.0676,0.124,-6.552,153210,69
0Y4ipB4nBIZA3dWUWcoeLB,Coco,Little Symphony,Chill,ambient,Sad;Calm;Chill,studying;commute,83.16,0.17,0.364,0.21,0.839,0.948,0.0701,0.975,-21.87,160000,51
4bERjPxhM1XqDd1xAxOiHo,If I Had You,Etta Jones,Jazz,jazz,Sad;Calm,studying;sleep,136.885,0.501,0.105,0.152,0.969,0.00364,0.0368,0.106,-14.701,228733,0
4FAmccI3DfqPgHxEt0119u,Susie Q,Los Apson,Rock,rock-n-roll,Happy;Motivated,workout;commute;driving,151.242,0.464,0.74,0.958,0.471,0.00192,0.0374,0.14,-6.698,125653,31
4719B5NlJxy8XxksIE96Fb,Requiem: IX. Confutatis,Giuseppe Verdi;Sir Colin Davis;London Symphony Orchestra;John Relyea,Classical,opera,Sad;Calm,studying;sleep,80.626,0.288,0.0626,0.0971,0.946,0.0014,0.0524,0.12,-25.345,327120,23
77BQceOpfvUBXgokOFHYMm,說好不哭,Jay Chou;Ashin Chen,Pop,mandopop,Calm;Chill;Nostalgic,studying;commute,151.828,0.513,0.363,0.383,0.53,0.0,0.0306,0.0792,-11.219,220693,59
7eqoqGkKwgOaWNNHx90uEZ,Nights,Frank Ocean,R&B,soul,Romantic;Chill;Nostalgic,commute;cooking,89.87,0.457,0.551,0.428,0.427,1.15e-06,0.167,0.113,-9.36,307151,80
3PHVj8LcrqgZUhS5LPAHc8,Say To Me,WHTKD,EDM,deep-house,Calm,commute;cooking,125.976,0.769,0.443,0.589,0.0103,0.358,0.0711,0.106,-10.857,154000,58
3u0UC2O76OTzrYpioBUQiN,Save You,Kodak Black,Hip-Hop,hip-hop,Dark,commute;driving,149.98,0.708,0.637,0.187,0.107,3.09e-06,0.052,0.102,-6.327,238687,1
5MnOC1HvWEPWQiQubJV4uK,KRÁLOVSTVÍ,Sickbrain,Rock,emo,Happy,commute;party;cooking;driving,120.072,0.772,0.691,0.69,0.238,0.0,0.208,0.344,-6.744,163546,35
4PC7eF0AUPcol7wzdE8lit,Christmas Time Is Here - Vocal,Vince Guaraldi Trio,Jazz,jazz,Sad;Calm,studying;sleep,75.993,0.375,0.139,0.0878,0.977,8.61e-06,0.0324,0.0984,-19.789,166440,1
4cTSnpyaIR1qGaTOLJunDM,BTS Cypher 4,BTS,Pop,k-pop,Energetic;Dark,workout;driving,119.978,0.817,0.797,0.361,0.00533,7.77e-06,0.0839,0.0551,-4.395,294463,66
7uoW5QeuW2OznVM0VOpc9B,Still About It,Attila,Rock,death-metal,Energetic,workout,118.02,0.633,0.966,0.408,0.000101,0.000808,0.168,0.287,-4.743,196202,23
6vp339SZ60IK1LWMbCSzAt,A Colheita,Alda Célia,R&B,gospel,Energetic,workout;driving,154.822,0.355,0.763,0.469,0.234,0.0,0.0666,0.976,-5.393,255837,41
512rk6iIuzhzOtBGHTUVUS,Superman,Armin van Buuren;Blasterjaxx;24h,EDM,progressive-house,Energetic,workout,103.501,0.403,0.884,0.436,0.0115,6.92e-05,0.126,0.805,-6.25,204250,33
0XXwP0EmpOEqWxcL9aSreJ,Pareço um Menino,Fábio Jr.,Latin,mpb,Calm;Chill;Nostalgic,studying,136.408,0.58,0.33,0.373,0.596,1.44e-06,0.0295,0.0849,-13.703,273906,50
5dYALtIofWC0oK3K53lXGB,Olen saanut elää,Reijo Taipale,Latin,tango,Calm;Chill;Nostalgic,studying,105.254,0.587,0.332,0.359,0.66,0.0,0.044,0.0901,-12.494,178816,17
6JjSoJ2laV4ZbKNb9nybvh,MAMI,Chris Lorenzo;COBRAH,EDM,deep-house,Happy;Energetic;Motivated,workout;party,126.022,0.758,0.944,0.826,0.0308,0.103,0.0623,0.0438,-4.901,247896,66
2LkchfaYkfpPpkehlAzryf,"Mami, podívej",Totally Nothin;Vercetti CG,Rock,emo,Sad;Chill,commute,135.012,0.64,0.448,0.0737,0.0911,0.0,0.0758,0.0834,-13.379,225777,38
6rmlfJjZ2kmMIjKFtOQWjZ,They Distort My Reality,Promoting Sounds;Eredaze,Rock,emo,Chill,commute;cooking,155.877,0.659,0.462,0.423,0.113,0.0,0.11,0.115,-11.42,185576,42
2J6v4RtFwpm8gBF6KOF8q3,Hexenkrieg,Bewitcher,Rock,black-metal,Energetic;Dark,workout,136.465,0.362,0.994,0.163,4.77e-05,0.0,0.181,0.337,-4.534,207838,18
6G8wZB4JBNV7wysdmnvXh7,Inside - Radio Edit,Fritz Kalkbrenner,EDM,minimal-techno,Happy,commute;party;cooking;driving,116.996,0.793,0.667,0.633,0.067,0.295,0.059,0.101,-10.096,192533,22
58ina5MM56CHWVlIbXiAZT,"Violin Concerto in F Minor, Op. 8, No. 4, RV 297 ""L'inverno"": II. Largo",Antonio Vivaldi;Gidon Kremer;Leslie Pearson;London Symphony Orchestra;Claudio Abbado,Classical,classical,Sad;Calm,studying;sleep,100.492,0.513,0.287,0.265,0.976,0.00247,0.0472,0.0991,-19.716,89840,0
5YuuJX4OkMGKuVhENvWxGv,Linus And Lucy,Vince Guaraldi Trio,Jazz,jazz,Calm;Romantic;Chill,studying;commute,81.774,0.497,0.386,0.695,0.784,0.927,0.038,0.167,-14.177,185453,0
1LDXhlWnWmrQeUp3B7bzDV,Ball And Chain (Honky Tonk),Mike Ness,Rock,psych-rock,Motivated,commute;driving,108.873,0.503,0.713,0.524,0.000468,4.75e-05,0.0331,0.052,-5.932,349066,29
48fPdAwGVoSkGK8GSez9yx,Anything,Alison Wonderland;Valentino Khan,EDM,electronic,Energetic,workout;studying,120.042,0.768,0.908,0.423,0.184,0.546,0.0486,0.0583,-5.014,226000,59
6nPRTOgZZ7d3KdLjX8ReJY,Cuando El Destino (En vivo),"El Mimoso Luis Antonio López;Luis Angel ""El Flaco""",R&B,r-n-b,Calm,sleep,73.68,0.559,0.26,0.516,0.34,0.0,0.115,0.129,-9.051,215298,41
3AYXFn1hxbOl5l52J9Afjb,Attila - Tardo per gli anni e tremulo,Giuseppe Verdi;Vincenzo Ciliberti,Classical,classical,Sad;Chill,commute,84.69,0.16,0.465,0.14,0.939,0.229,0.0337,0.383,-8.577,160176,0
3iuJytXIDXGbpZbDWxfgHl,Like A Chokeslam,The 20 Belows,Pop,power-pop,Happy;Energetic;Motivated,workout,133.027,0.488,0.908,0.895,0.136,0.0,0.0597,0.123,-4.991,140341,29
4hODrA0uQhH8u5cs5mkS2k,Torna a Surriento,Roberto Alagna;London Orchestra;Yvan Cassar;Avi Avital;Nemanja Radulović,Classical,opera,Sad;Calm;Chill,studying,80.965,0.197,0.308,0.187,0.95,0.000276,0.0358,0.118,-7.277,276066,22
6WdO6Ds95sLALCqCOfbDQh,Atlavík,Hugar,Chill,ambient,Sad;Calm,studying;sleep,126.823,0.535,0.147,0.238,0.867,0.797,0.0382,0.0825,-25.141,155733,53
4lW5f7Yr9E7EIYZ8RT3rIV,Brixton Briefcase,Chase & Status;CeeLo Green,EDM,drum-and-bass,Energetic;Dark,workout;driving,139.962,0.513,0.805,0.194,0.000277,0.0,0.0535,0.177,-4.765,238746,22
3UhmuWcFaLS3AO3kI9ynQ2,Insane,AP Dhillon;Shinda Kahlon;Gurinder Gill;Gminxr,Hip-Hop,hip-hop,Dark;Nostalgic,commute;driving,98.967,0.796,0.572,0.304,0.416,2.55e-05,0.0545,0.0975,-7.03,206060,77
3uoH77ACXwAdvVCCbgw1Ol,O Holy Night,Adolphe Adam;Wiener Sängerknaben;Friar Alessandro;Schubert-Akademie;Gerald Wirth,Classical,opera,Sad;Calm,studying;sleep,82.083,0.136,0.23,0.122,0.961,0.148,0.0355,0.113,-11.668,401933,0
6yDFQ5pSSYm898mHT9J96d,E Poi Ti Penti,Alberto Urso,Classical,opera,Dark;Chill,commute;driving,116.349,0.414,0.558,0.185,0.559,0.0,0.0349,0.295,-4.05,207240,23
06oWuRT5ZoQIxmiPOEEe9R,Unemployed Boyfriend,Everclear,Rock,grunge,Happy;Energetic;Motivated,workout,94.743,0.488,0.926,0.76,0.00373,0.000305,0.0891,0.364,-5.622,255233,26
000RDCYioLteXcutOjeweY,Teeje Week,Jordan Sandhu,Hip-Hop,hip-hop,Happy;Energetic;Motivated,workout;driving,161.721,0.679,0.77,0.839,0.0583,0.0,0.19,0.0825,-3.537,190203,62
346kyc0OF7x64WuFVgfpcH,Secrets from the Sky,Gomer Edwin Evans,Chill,new-age,Sad;Calm,studying;sleep,123.856,0.478,0.0767,0.287,0.963,0.942,0.0371,0.0946,-18.656,565680,24
69xohKu8C1fsflYAiSNbwM,Run BTS,BTS,Pop,k-pop,Happy;Energetic;Motivated,party,77.004,0.724,0.818,0.696,0.0201,0.0,0.168,0.0358,-3.747,204939,84
2FGqez2r0DU60GhfjyI3ed,Morro de Saudade / Vem Me Amar - Ao Vivo,Clayton & Romário,Latin,sertanejo,Happy;Energetic;Motivated,workout,173.912,0.61,0.902,0.808,0.419,0.0,0.224,0.588,-4.95,222784,56
6wXp2FcJh7Q75Uw3aWRCzj,Defect,Strangled;Pintglass,Rock,death-metal,Energetic;Dark,workout,98.724,0.268,0.923,0.117,0.000494,0.0249,0.105,0.116,-4.924,216935,23
7v8IPCKAG5dOSKbwWR2dBT,"9 Variations on ‘Lison dormait’ from ‘Julie’ by N. Dezède in C, K.264: 5. Variation IV",Wolfgang Amadeus Mozart;Danielle Laval,Classical,classical,Calm;Nostalgic,studying;sleep,115.604,0.373,0.184,0.399,0.983,0.88,0.0374,0.147,-18.88,81813,9
5Db8xWFjgozOIfpR043Ukn,Stupid Cupid,Connie Francis,R&B,r-n-b,Happy;Energetic;Motivated,workout;driving,136.045,0.609,0.756,0.968,0.762,5.11e-05,0.0375,0.0521,-5.747,133613,0
2VHUmVwiHGFJvhg6tnW65N,Beyond Belief (Reverze 2012 Anthem),Psyko Punkz,EDM,hardstyle,Energetic;Dark,workout,150.022,0.53,0.98,0.272,0.00871,0.0662,0.0917,0.0768,-5.23,337739,20
1L4mI0W77dkLDVYCpagz2n,I Feel my Saviors Love,Paul Cardall,Chill,new-age,Sad;Calm,studying;sleep,93.812,0.371,0.114,0.298,0.989,0.904,0.0465,0.0925,-18.905,207093,30
7cflqPPi3zWfLFRRBTWeh6,talk is overrated,Jeremy Zucker;blackbear,EDM,electro,Calm;Romantic,commute,138.035,0.776,0.353,0.658,0.435,0.0,0.0687,0.302,-8.317,189800,65
26AZmvXm9c63Isif1Jo8jd,神風,ONMYO-ZA,Rock,heavy-metal,Energetic;Dark,workout,99.75,0.386,0.963,0.306,0.000285,0.000203,0.072,0.0731,-1.605,309200,25
0PHfHk7nElZ2EX7phkuTwl,Unut Beni,Cem Karaca,Rock,psych-rock,Chill,commute;cooking,95.628,0.393,0.454,0.42,0.127,2.72e-05,0.0385,0.375,-15.335,243693,38
1EmoXFZ5oXu6u6oxBUzafC,"Sugar, We're Goin Down",Fall Out Boy,Rock,emo,Energetic;Motivated,workout,162.003,0.5,0.887,0.631,0.00467,0.0,0.0726,0.114,-3.74,230933,2
56QPnAl9tjGeZ3pOzuBPZg,Malevaje (with Raúl Garello y su Orquesta),Roberto Goyeneche;Raúl Garello y su Orquesta,Latin,tango,Romantic;Chill;Nostalgic,studying;commute;cooking,112.451,0.505,0.419,0.61,0.962,0.000113,0.0536,0.189,-11.863,166973,29
52kfmSd9QolQNMc3EdhZRm,El Vestido Rojo,Galy Galiano,Latin,salsa,Happy;Romantic,commute;cooking;driving,115.504,0.746,0.575,0.678,0.486,0.0,0.0759,0.141,-8.049,220186,28
1RpRvtfmHBNjSd66wLPs9w,Tubarão Gigante,MC Ryan SP,R&B,funk,Romantic;Chill;Nostalgic,commute;cooking;driving,120.026,0.685,0.55,0.572,0.454,0.0,0.197,0.24,-1.231,239882,46
2NTVtNcpC0i1R7LVGaCZCF,Jugnu,Badshah;Nikhita Gandhi,Hip-Hop,hip-hop,Energetic;Dark,workout;driving,124.961,0.716,0.803,0.325,0.03,0.0,0.0445,0.0817,-5.14,230400,74
7qKftNvnYRgHMm4GOjbVEe,"L'Africaine / Act 4: ""Mi batte il cor...O Paradiso!""",Giacomo Meyerbeer;Luciano Pavarotti;National Philharmonic Orchestra;Oliviero de Fabritiis,Classical,opera,Sad;Calm,studying;sleep,85.23,0.175,0.196,0.0897,0.955,0.00361,0.0407,0.307,-16.942,211520,19
6xFEo7q9LZXhVfSzfjrsZa,Mañana Zarpa un Barco,Lucio Demare;Juan Carlos Miranda,Latin,tango,Calm,studying;commute,116.033,0.702,0.371,0.895,0.924,0.000517,0.0723,0.141,-6.554,202240,16
7nH1DdG8js8Cu7CMbRCYqG,Verdi: Messa da Requiem: III. Tuba mirum,"Giuseppe Verdi;Riccardo Muti;Coro Del Teatro Alla Scala Di Milano;Orchestra Del Teatro Alla Scala, Milano",Classical,opera,Sad;Calm,studying;sleep,83.84,0.241,0.239,0.0338,0.848,0.651,0.0342,0.139,-16.593,119066,23
6zRGWlUGCyaggrLWaMjTvw,Sorriso Aberto - Ao Vivo,Samba De Raiz,Latin,samba,Happy;Energetic;Motivated,workout;driving,123.273,0.476,0.818,0.868,0.46,2.03e-06,0.241,0.944,-10.282,233693,37
47gsoojtyxC7ANyvh4E9xr,Go For It,Joe Jackson,Pop,power-pop,Happy;Energetic;Motivated,workout;party;driving,145.722,0.711,0.831,0.786,0.0302,0.000387,0.0271,0.156,-5.95,256493,23
2Racq7HrXkYvF8w9zXvlTp,Azhage,Hiphop Tamizha,Hip-Hop,hip-hop,Energetic;Motivated,workout;party;driving,128.123,0.717,0.79,0.536,0.308,0.0,0.0342,0.0871,-6.418,218158,59
2LXv3VrS5SDojeGNZjbGAa,La Suavecita,La Sonora Dinamita;El Dasa,Latin,salsa,Happy;Energetic;Motivated,party;driving,97.019,0.82,0.792,0.882,0.384,1.14e-06,0.034,0.132,-3.336,236400,0
1qdL50KCmGmGjKTT0bT8Kd,En la Eternidad,Plan 4,Rock,heavy-metal,Energetic,workout,124.0,0.527,0.983,0.418,0.000104,5.4e-05,0.0787,0.383,-3.115,189053,31
4IjlD8YWZiLrT4nZOFoLxv,Tú y las Nubes,Lupillo Rivera,R&B,r-n-b,Chill,commute;cooking;driving,110.728,0.676,0.597,0.439,0.143,0.00657,0.0526,0.293,-6.759,181021,42
70l1DSECLRnsDIBrJqB0O1,X Beneficio,Harry Nach,Latin,latino,Happy,commute;cooking;driving,160.084,0.718,0.543,0.936,0.23,0.0,0.177,0.104,-12.414,160500,40
6sn5LhFm2H5lq5JO6Q9EA0,Danny Boy,Mario Lanza,Classical,opera,Sad;Calm,studying;sleep,75.743,0.254,0.224,0.22,0.972,8.07e-06,0.0365,0.18,-12.686,177986,19
5ZF4HTEhmjRpfP8iU8slqS,Perpetual Peace,Dan Gibson's Solitudes,Chill,new-age,Sad;Calm,studying;sleep,83.118,0.131,0.239,0.0488,0.95,0.343,0.0359,0.987,-17.299,385280,20
5QeUZ1Z4xSCegBXutW3IIt,000000,A.CHAL,R&B,soul,Nostalgic,commute,190.011,0.734,0.472,0.387,0.494,0.00293,0.306,0.102,-8.192,165214,61
6NwEpX2JUWHVKWfDDfcqC4,Idhazhin Oram - The Innocence of Love,Anirudh Ravichander;Ajesh,Hip-Hop,hip-hop,Energetic;Dark,driving,109.959,0.65,0.783,0.302,0.22,3.71e-06,0.0377,0.182,-6.197,204866,69
5D507IC1VOAg7bKkmOblr6,"Bae (From ""Don"")",Anirudh Ravichander;Adithya RK,Hip-Hop,hip-hop,Dark,commute;cooking;driving,96.968,0.697,0.663,0.407,0.0701,1.04e-05,0.0486,0.112,-7.246,242628,71
3ZlJymoYg8vq3y9Czi9SRs,This Is A Very Special Day - Single Version,Peggy Lee,Jazz,jazz,Calm,studying;sleep,114.786,0.719,0.194,0.758,0.749,1.07e-06,0.043,0.0794,-13.088,154160,0
5NeP5LxzlLaGlsVFHviHUj,Majhail 1.0,Jordan Sandhu,Hip-Hop,hip-hop,Happy,commute;party;cooking;driving,155.836,0.778,0.648,0.678,0.238,0.0,0.318,0.278,-4.722,169230,61
7xNWu2pvePYO06KnvGiOfg,Audio Assault,General Midi,EDM,breakbeat,Energetic;Dark,workout,128.019,0.649,0.975,0.394,0.0124,0.112,0.0917,0.056,-5.361,317840,12
7w9Pi6SUHwlx5fbfBaT4d3,"Vem, Espírito de Deus - Ao Vivo",Bruna Olly,R&B,gospel,Dark,commute;driving,132.121,0.415,0.609,0.143,0.175,0.0,0.0324,0.107,-5.657,264786,40
1vvNmPOiUuyCbgWmtc6yfm,My Way,Calvin Harris,EDM,electro,Energetic;Motivated,workout;party,119.986,0.818,0.913,0.536,0.093,3.69e-05,0.0426,0.161,-3.06,219159,76
1FHf9qmNWwDsZYdLnteiQI,ROCKSTAR,DaBaby;Roddy Ricch,Hip-Hop,hip-hop,Dark,commute;party;cooking,89.979,0.746,0.69,0.497,0.247,0.0,0.164,0.101,-7.956,181733,1
0qFgvQk7s2hG52Um1wsPvS,No Puedo Quitar Mis Ojos de Ti (En Vivo),Angel Parra Trio;Julian Peña,Rock,j-rock,Energetic,workout,128.26,0.474,0.854,0.463,0.698,0.000614,0.076,0.987,-7.826,230053,36
7aeHztFLa7y9oRCmnJiS7U,Volantín,Chancho En Piedra,R&B,funk,Happy;Energetic;Motivated,driving,98.008,0.677,0.839,0.807,0.00279,1.12e-05,0.0378,0.307,-4.25,243200,47
1M6SuEJZJkZf2S419vIPkB,FEFE,6ix9ine;Nicki Minaj;Murda Beatz,Rock,emo,Calm,commute,125.978,0.931,0.387,0.375,0.088,0.0,0.412,0.136,-9.127,179404,72
59Wo0nrfki4N7lflMgl8u8,G.T.,Crazy Ken Band,Rock,rockabilly,Happy;Energetic;Motivated,workout,162.818,0.634,0.943,0.742,0.0118,2.22e-06,0.172,0.0808,-4.402,262760,25
4sm3tGqlJ0qMIUse4syKRI,Elegie: O doux printemps d'autrefois,Jules Massenet;Joshua Bell;Michael Stern;Academy of St. Martin in the Fields,Classical,opera,Sad;Calm,studying;sleep,76.077,0.19,0.107,0.0506,0.961,0.848,0.0481,0.122,-17.862,249666,20
3BH94h2gsVDD807EARW6Hi,"Nun komm der Heiden Heiland, BWV 659 (Arr. for String Quartet)",Johann Sebastian Bach;Arioso Quartett Wien,Classical,classical,Sad;Calm,studying;sleep,131.559,0.171,0.0367,0.0838,0.808,0.332,0.0435,0.122,-22.811,282026,0
2gNC2UZGVSK0iW4Ymc56na,Devil,Sidhu Moose Wala,Hip-Hop,hip-hop,Energetic,workout;driving,172.068,0.57,0.793,0.472,0.183,0.0,0.228,0.664,-5.366,245524,59
4yRrGbIaauTm2yxfq1Wi98,The House That Jack Built,Aretha Franklin,R&B,soul,Happy;Energetic;Motivated,workout,184.273,0.521,0.893,0.962,0.281,0.0,0.0962,0.283,-4.168,139920,0
0jdc4KBQzJ1ur7WFvcpOfw,Como Esquecer - Ao Vivo,Taty Girl,Latin,forro,Energetic;Motivated,workout,109.875,0.575,0.947,0.599,0.0665,4.2e-05,0.117,0.122,-3.656,136333,39
5BGRe1Egtr0ZymALgzQLvO,The Cross,Samael,Rock,black-metal,Energetic,workout,83.997,0.469,0.958,0.403,0.00609,0.00106,0.0593,0.245,-5.408,196853,16
1UMcb0kTXyqzan7t8Z8euH,You Were Loved,Gryffin;OneRepublic,EDM,edm,Dark,commute;cooking;driving,123.994,0.636,0.69,0.444,0.0947,0.0,0.0484,0.169,-5.011,221885,0
10fddGyyeUquZZ2uPTjD7P,Better Than Me,Hinder,Rock,grunge,Dark,commute;driving,139.924,0.449,0.682,0.254,0.205,0.0,0.029,0.175,-5.295,223533,63
0N6famotFerNniT2SB9muk,Desde El Fondo De Mi Corazón,Hildemaro,Latin,salsa,Happy,commute;party;cooking;driving,93.851,0.722,0.668,0.785,0.623,0.00025,0.0359,0.206,-6.686,242648,0
2BipFnJx3ko5aRiQ7ESASa,裝幀,Crispy脆樂團,Pop,mandopop,Calm;Nostalgic,studying;sleep,84.049,0.583,0.236,0.382,0.884,0.0,0.0437,0.133,-12.649,245000,49
7AW3PerzE4do0Xwwslntot,"Piano Concerto No. 9 in E-Flat Major, K. 271 ""Jeunehomme"": I. Allegro",Wolfgang Amadeus Mozart;Ingrid Haebler;London Symphony Orchestra;Witold Rowicki,Classical,classical,Sad;Calm;Nostalgic,studying;sleep,130.473,0.43,0.0947,0.322,0.989,0.884,0.0363,0.219,-20.02,647040,5
53zYfvOxlsHZv89MmpY1D5,Codeine Dreaming,Kodak Black;Lil Wayne,Hip-Hop,hip-hop,Happy,commute;party;cooking;driving,155.004,0.736,0.604,0.574,0.0654,6.43e-05,0.222,0.124,-7.357,264531,0
5yRmLJVIlnKjXHaxcausn6,Agora Somos Ex,Silvanno Salles,Latin,forro,Happy;Motivated,workout;commute;party;driving,139.047,0.763,0.742,0.835,0.786,0.0,0.0373,0.114,-3.501,210573,41
0w8HCs4mEIH9sGtZASV5bJ,Don't You Wanna Play?,Seeb;Julie Bergan,EDM,edm,Happy;Energetic;Motivated,driving,99.959,0.556,0.77,0.674,0.0214,0.0,0.0306,0.147,-3.52,138733,0
3faYvQmW73Gd61w9T4l3MU,One Time Only,Dwarves,Pop,power-pop,Energetic,workout,134.668,0.384,0.951,0.443,0.000445,0.0,0.0686,0.208,-5.121,90093,29
3et3ldx15qAilZa1ErXaS8,No Fun,Armin van Buuren;The Stickmen Project,EDM,progressive-house,Energetic;Dark,workout,121.03,0.731,0.904,0.328,0.00861,0.000164,0.0349,0.0916,-4.774,130412,0
7tpRgru0h8B4eCvdBegLTA,Nakhre,Zack Knight,Hip-Hop,hip-hop,Dark,commute;cooking;driving,169.989,0.524,0.632,0.416,0.255,0.0,0.0785,0.277,-7.285,194676,67
0b9eZe50TvLivR8cH1BjB4,WALE RMX,Theø;Plant;Fiks;Dari,Rock,emo,Happy;Energetic;Motivated,workout,150.005,0.569,0.963,0.651,0.0087,0.0,0.0536,0.148,-2.717,183983,38
7FKgFLnjdyTUInGfnSQPoH,Lullaby,George Gershwin;Nick Russoniello;The Golden Age Quartet,Classical,classical,Sad;Calm,studying;sleep,87.634,0.129,0.0209,0.0427,0.965,0.0386,0.0428,0.0544,-30.103,526946,0
4mSXlgIRqG5wvTJCzoPDzq,Nostalgias,Florindo Sassone Y Su Orquesta,Latin,tango,Calm;Nostalgic,studying;sleep,112.304,0.479,0.214,0.588,0.713,0.82,0.034,0.116,-13.639,167400,16
3RluF0PdGNh7mxhTFyA1Su,Baby Wants to Ride,Frankie Knuckles,EDM,chicago-house,Happy,commute;party;cooking;driving,132.645,0.804,0.653,0.779,0.0102,0.312,0.0589,0.373,-9.913,512320,12
2uvSVjHzjK7xVldIjrLNIq,Darkmere - Remastered 2003,Clannad,Chill,new-age,Sad;Calm;Chill,studying;commute,130.262,0.26,0.387,0.278,0.458,0.539,0.0342,0.0765,-11.986,121306,24
5S5ZTjnFetvswBSsz1IyCn,光の射す方へ,Mr.Children,Pop,j-pop,Happy;Energetic;Motivated,workout;driving,117.917,0.661,0.754,0.871,0.0168,7.03e-05,0.033,0.362,-9.054,409226,40
46eQd5lIICFLG46D1Y6YAr,Avalon,Talla 2XLC,EDM,techno,Energetic;Dark,workout;studying,138.022,0.444,0.986,0.0752,0.000121,0.558,0.0738,0.44,-5.285,227826,39
4m1mqQuy34Nzh0480VR364,Incendeia,MC Kevin o Chris,R&B,funk,Calm,commute;cooking,135.136,0.893,0.461,0.864,0.713,0.0406,0.422,0.117,-5.708,239999,80
72I5gb06T9KIESon4AWY8S,Lock Me Up,The Cab,Rock,punk-rock,Happy;Energetic;Motivated,workout,94.011,0.687,0.857,0.68,0.0852,0.0,0.034,0.467,-6.31,209626,58
13wblL6thQD5NHLa29j1X4,Tua Unção,Ministério Nova Jerusalém;Bruna Karla;Marcos Brunet,R&B,gospel,Dark,workout;commute;driving,140.042,0.403,0.731,0.143,0.117,0.0,0.0424,0.76,-8.238,483485,41
5PDSxvzJnXM0WnhVPBUvMS,Más De Lo Que Aposté,Aitana;Morat,Latin,latin,Happy;Energetic;Motivated,workout,151.988,0.621,0.918,0.838,0.0753,0.0,0.0552,0.13,-3.01,205031,0
5Q23x9RyABJ9vx09lNb9hs,Saudade Da Minha Terra,Belmonte & Amaraí,Latin,sertanejo,Calm,studying;commute;cooking,109.263,0.749,0.414,0.851,0.709,0.0,0.0665,0.282,-7.856,188826,46
4fhfaHKwDlArxcxfQLRUtV,Tempo - Tribute Mix by Tenor Fly,Ed Solo;Deekline,EDM,breakbeat,Energetic;Motivated,workout,87.499,0.645,0.951,0.584,0.000495,0.000728,0.0471,0.0798,-3.415,268800,12
35sb2Hfff2gnCQN5bDVsyk,War at Home,Josh Groban,Classical,opera,Sad;Calm;Chill,studying;commute,139.671,0.256,0.358,0.126,0.838,0.0013,0.0325,0.115,-6.281,284920,22
46sD4u8J0E01sKf1Gsg7WS,Oliveira Verdadeira,Trio Alexandre,R&B,gospel,Dark,commute,89.911,0.5,0.731,0.497,0.235,1.61e-05,0.0409,0.115,-5.49,325520,42
3bM4iV8QgfwebjIq8XZcOf,Orange Magic,Julia Michaels,EDM,electro,Dark,commute,80.018,0.563,0.671,0.374,0.00683,0.0,0.0295,0.139,-5.458,173937,0
6umBxaxgV2q52o3Q8wH2Ma,I Dreamed a Dream,Susan Boyle,Classical,opera,Sad;Calm;Chill,studying;commute,69.316,0.286,0.378,0.113,0.803,0.000518,0.0382,0.107,-8.752,190560,52
2qAEf1PGOp8VDN2yE3R5o9,Moon Addicted w/ Enik,Funkstörung,EDM,idm,Dark,workout;commute;driving,197.98,0.587,0.715,0.443,0.0096,0.000354,0.084,0.207,-7.798,269053,11
3SYAtFkdew61hXU32aD2zl,"Carmen, Act II: No.15 Quintette : Nous avons en tête une affaire (Le Dancaïro/Frasquita/Mercédès/Le Remendado/Carmen)",Georges Bizet;Nicolas Rivenq;Michel Plasson;Wolff;Orchestre National Du Capitole De Toulouse,Classical,opera,Sad;Calm,studying;sleep,77.108,0.381,0.216,0.288,0.98,3.02e-06,0.0945,0.103,-17.256,303266,26
2l8AHrnZIXkjKODsStkF69,Hip House - Deep Mix,Fast Eddie,EDM,chicago-house,Happy,commute;party;cooking;driving,122.766,0.898,0.666,0.557,0.00258,0.0311,0.106,0.0984,-8.2,253658,8
77y4tejtAGEHFEB8qqAyT3,It's a Small World,Jim Brickman,Chill,new-age,Sad;Calm,studying;sleep,145.065,0.376,0.0999,0.19,0.972,0.943,0.0349,0.109,-17.021,145527,24
4EsUANL1RYsCUaWuIZchEf,"Messiah, HWV 56 / Pt. 2: XLII. ""Hallelujah""",George Frideric Handel;The English Concert;Trevor Pinnock;The English Concert Choir,Classical,classical,Sad;Calm,studying;sleep,103.015,0.434,0.262,0.256,0.959,0.6,0.0286,0.141,-12.874,240760,0
3XisFctSbOjOBbagdtsP9U,Better Man,Ten City,EDM,chicago-house,Energetic;Motivated,workout;driving,124.038,0.686,0.805,0.544,0.294,1.29e-06,0.0513,0.0829,-6.645,221766,7
3mifYSeVtoZKbSEzrpVaRY,Rua de Trás,Mc Kevin;Mc Vk,R&B,funk,Romantic;Nostalgic,commute;cooking;driving,92.982,0.734,0.521,0.568,0.508,0.0,0.287,0.0908,-8.844,196129,43
4cUOqKvUGPFyqI37zTg3s5,The Crystal Specter,Dødheimsgard,Rock,black-metal,Energetic;Dark,workout;studying,157.537,0.121,0.975,0.0793,9.25e-06,0.544,0.19,0.151,-7.291,230453,17
30BzGYPo3vemThl8N65MlV,I've Got My Love To Keep Me Warm - Remastered 1996,Dean Martin,Jazz,jazz,Calm;Nostalgic,studying;sleep,138.997,0.522,0.148,0.643,0.766,0.0,0.0367,0.204,-15.579,166493,0
4rVW6XqAsSaf5vOwc8FREW,Wild (feat. Gary Clark Jr.),John Legend;Gary Clark Jr.,R&B,soul,Dark;Chill,commute,63.392,0.557,0.585,0.305,0.036,0.0,0.0431,0.176,-6.201,196906,67
3RzCcZ05bVMHfsebF5PHmw,Nils Has a New Piano,Nils Frahm,Chill,ambient,Sad;Calm,studying;sleep,128.733,0.342,0.0319,0.183,0.983,0.952,0.0451,0.0607,-34.481,245438,52
4HhPcoQaZ8Qo0GPalXWUIC,Que Le Den Candela,Celia Cruz,Latin,salsa,Happy;Motivated,commute;party;driving,103.398,0.875,0.711,0.906,0.489,0.000524,0.0518,0.0687,-10.999,232573,0
4nSwWiwtieiNmRAjy9fEXN,Kannala Kannala - The Melting Point of Love,Hiphop Tamizha;Kaushik Krish;Padmalatha,Hip-Hop,hip-hop,Energetic;Motivated,workout,81.992,0.593,0.776,0.634,0.216,2.94e-05,0.0325,0.329,-4.343,215456,63
565cVZONhoMyBkpDX9lywB,La Pastora - Remasterizado,Julio Martel;Alfredo De Angelis,Latin,tango,Calm,studying;sleep,123.387,0.63,0.199,0.692,0.977,0.608,0.0523,0.146,-10.883,191973,21
6e9Ew4AECYwY5Xgs2ZKMgp,Mercedes Tintia,Anuel AA,Latin,latino,Happy,commute;party;cooking;driving,172.014,0.815,0.67,0.768,0.0902,0.000854,0.109,0.0973,-4.076,195348,81
2KwOw5phnke2lZSZlaAcDE,All Through The Night,Hayley Westenra,Classical,opera,Sad;Calm,studying;sleep,97.285,0.3,0.106,0.235,0.974,9.16e-05,0.0338,0.0875,-13.903,242786,20
4PwuiP5jYhdKPFWNJuMHL9,Quando Deus Se Cala,Voz da Verdade,R&B,gospel,Dark;Chill;Nostalgic,commute;driving,139.5,0.507,0.559,0.319,0.759,6.6e-06,0.0254,0.0951,-6.335,373960,40
6Bm3m0ET1juxVtYtfNwOcq,Na Gravidade da Presença,Rodolfo Abrantes,R&B,gospel,Calm;Romantic;Chill;Nostalgic,studying;commute,119.971,0.628,0.38,0.464,0.834,0.0,0.0293,0.0849,-7.226,354386,40
6VP8cYLycLdBB2tKOPLDUB,"Lembrou de Mim, Né - (Citação ""Querendo Eu"") [Ao Vivo]",Gigantes do Samba,Latin,pagode,Energetic,driving,91.937,0.7,0.847,0.45,0.355,1.14e-06,0.0374,0.491,-5.04,201840,44
5NKv05ORf90oI1FMAOyTDN,Lay Your Head Down Darling,Órla Fallon,Classical,opera,Sad;Calm;Nostalgic,studying;sleep,101.842,0.431,0.0695,0.306,0.989,0.000888,0.0442,0.17,-16.673,243353,25
6cy5hG9A8uYZiDeEIILLkB,Se Que Volveras,Nana Mouskouri;Julio Iglesias,Classical,opera,Sad;Chill,commute,95.313,0.533,0.498,0.241,0.601,0.00156,0.0246,0.117,-9.279,262800,57
5AbU5I0K9Z7muuvUw4No4n,dark tree,Carlos Cipa,Chill,ambient,Sad;Calm,studying;sleep,79.66,0.123,0.113,0.0378,0.972,0.926,0.0367,0.0752,-20.961,393958,0
642WSldBQqArHKbhjJeKad,Interfone,Só Pra Contrariar,Latin,pagode,Happy,commute;cooking;driving,121.439,0.556,0.671,0.577,0.796,0.0,0.062,0.295,-6.706,251666,47
4r0LAir7t2WbMTae52XOo7,Pushin P,Gunna;Future;Young Thug,Hip-Hop,hip-hop,Sad,commute;cooking,77.502,0.773,0.422,0.488,0.00783,0.00693,0.187,0.129,-4.572,136266,0
2bsTRbvMKmgyDYr0mK3jTe,Let It Snow! Let It Snow! Let It Snow!,Dean Martin,Jazz,jazz,Calm;Romantic;Chill,studying,134.999,0.484,0.332,0.683,0.787,0.0,0.037,0.373,-10.312,115240,3
6pbhkfdG5RvTJaC3VKPaJn,Rooftops,Marshmello,EDM,progressive-house,Happy;Energetic;Motivated,workout;party,141.988,0.704,0.907,0.657,0.0292,0.0,0.0672,0.195,-3.95,177464,50
5pcmtf1lwrMqmAWWm248fY,DESIRES,AP Dhillon;Gurinder Gill,Hip-Hop,hip-hop,Calm,commute,100.013,0.863,0.387,0.39,0.365,0.00238,0.256,0.06,-10.057,168000,76
0iNSKEG6Te4S9ofncwUsrI,El Manicero,Alegre All Stars,Latin,salsa,Happy;Motivated,workout;commute;driving,110.467,0.644,0.731,0.872,0.491,0.00239,0.0536,0.709,-10.372,342346,27
7meZnbufav6aOYXgN8GfJB,Te Amo Espírito Santo,Gerson Rufino,R&B,gospel,Dark;Chill;Nostalgic,commute;driving,93.971,0.666,0.598,0.371,0.535,8.23e-05,0.0234,0.141,-7.728,265546,39
1U8Ho1nOzKXYDvfigOuHG4,Kush - Main,Dr. Dre;Snoop Dogg;Akon,R&B,funk,Energetic;Dark,workout,94.968,0.444,0.866,0.375,0.000622,4.72e-05,0.111,0.105,-6.217,235120,65
5Cc2v7fm2cCm5ux4fgCQpM,Nocturne in Paris,Tony Anderson,Chill,ambient,Sad;Calm,studying;sleep,75.259,0.228,0.082,0.0389,0.931,0.896,0.033,0.0879,-21.568,435124,45
0n9lAjWZ9NLd1ZuAC6qa4k,Holding On,Gregory Porter;Kem,Pop,j-pop,Sad;Calm;Chill,commute,195.72,0.486,0.35,0.124,0.148,3.28e-05,0.0776,0.0696,-7.873,256387,37
7lQ8MOhq6IN2w8EYcFNSUk,Without Me,Eminem,Hip-Hop,hip-hop,Happy,commute;party;cooking;driving,112.238,0.908,0.669,0.662,0.00286,0.0,0.0738,0.237,-2.827,290320,88
2XCBqjHk1WqF49hMs6gxZN,Recommit,Jimmy Eat World,Pop,power-pop,Dark,commute;driving,124.031,0.563,0.7,0.317,0.000436,0.000143,0.041,0.382,-12.245,251772,20
6RPnoYSDNmth8Fab2Fky4H,Lamento Borincano,Marco Antonio Muñiz,Rock,rock-n-roll,Calm;Nostalgic,studying;sleep,118.397,0.517,0.249,0.431,0.956,0.000459,0.0395,0.1,-11.445,244226,30
3hPhZlKm7BjfpspEsl2amP,Remember Me,Fetty Wap,EDM,j-dance,Dark,commute;party;cooking;driving,173.0,0.713,0.609,0.495,0.16,0.0,0.173,0.0987,-7.696,102773,42
7yn0E97MoGLBaW8mqIwqNr,Ud-daa Punjab,Vishal Dadlani;Amit Trivedi,Hip-Hop,hip-hop,Energetic;Motivated,workout;party,121.996,0.909,0.906,0.625,0.09,1.25e-05,0.206,0.287,-3.701,274701,59
1eJZGGcsqMhvtZaSOFQSJm,Júrame,Alfredo Kraus,Classical,opera,Calm;Nostalgic,studying;sleep,90.518,0.275,0.217,0.395,0.952,0.0,0.037,0.24,-14.65,258359,23
5Op4Nab6c1K3iM7kLOq3DA,Boomin' Back Atcha,Freq Nasty;Phoebe One,EDM,breakbeat,Dark,commute;driving,104.986,0.762,0.677,0.3,0.0831,0.000244,0.157,0.472,-6.402,269000,14
2vk6Hvu89QUSa0TYFvHYnR,Pacote Completo - Ao Vivo,Suel;Di Propósito,Latin,pagode,Happy;Motivated,workout;commute;driving,159.961,0.652,0.716,0.838,0.588,0.0,0.0371,0.594,-6.551,155471,55
4oMZ2h5UIfXiIS21a6fHEm,SPACE DASH,916frosty;Joey Melrose,Rock,emo,Energetic;Motivated,workout,160.026,0.633,0.865,0.59,0.0159,0.0,0.152,0.0844,-5.819,248035,49
3lRzVvMNG1QJcHlhLXM0lA,Signed to God,Sidhu Moose Wala,Hip-Hop,hip-hop,Happy,commute;party;cooking;driving,92.991,0.833,0.67,0.7,0.046,0.0,0.194,0.0468,-7.313,147741,66
33zcmmElV1YbRZe57biUjg,Celoso,Lele Pons,Latin,latin,Happy;Motivated,workout;commute;party;driving,166.043,0.746,0.703,0.667,0.352,0.0,0.107,0.331,-4.179,179693,67
4dD8eEf4eBL4MpjUGLXnA7,Parla più piano,Alessandro Safina,Classical,opera,Sad;Calm;Chill,studying,70.922,0.194,0.302,0.126,0.891,1.68e-05,0.031,0.0983,-9.349,218186,30
7ggEnd3patpPclJvsOKFnP,The Blood,Signs of the Swarm,Rock,death-metal,Energetic;Dark,workout,139.93,0.41,0.994,0.096,0.000164,0.000805,0.132,0.313,-3.062,265213,21
0wUDgZ2hZAJkqDhanHqsUx,O Come All Ye Faithful - Remastered/1990,Nat King Cole,Jazz,jazz,Sad;Calm,studying;sleep,130.643,0.29,0.178,0.214,0.884,0.0,0.0294,0.15,-13.97,140506,0
0n3mB1nLmwh55MZaqQllEq,The Wedding,Jóhann Jóhannsson,Chill,ambient,Sad;Calm,studying;sleep,134.836,0.241,0.231,0.274,0.85,0.939,0.0322,0.112,-16.365,102584,49
6bGyX75xUytV0Ze8CY18UR,Santa Claus Is Coming To Town,Bill Evans,Jazz,jazz,Calm;Romantic;Chill;Nostalgic,studying,92.421,0.62,0.31,0.649,0.672,0.0954,0.0446,0.14,-16.749,264360,0
7IctzNEJucIBzkAWYg6np2,The Chain,Kerala Dust,EDM,electronic,Chill,commute,151.016,0.682,0.492,0.398,0.0162,0.0456,0.0569,0.107,-13.151,321763,54
1SNOMFfXKqjvFxeU1f3tHq,"Sonata for Violin and Cello in C Major, M. 73: IV. Vif, avec entrain",Maurice Ravel;Duo Synopsis,Classical,classical,Calm;Nostalgic,studying;sleep,147.561,0.431,0.218,0.49,0.976,0.268,0.042,0.143,-18.009,364138,0
6MT5BRtVm18LrgqSrLnJuG,Banking on Me,Gunna,Hip-Hop,hip-hop,Calm;Romantic;Nostalgic,studying,135.143,0.793,0.308,0.46,0.613,1.68e-05,0.0466,0.0953,-10.414,200000,0
5NCyqYGMVv9XJbymXH71d9,Sólo Para Amarte,Rata Blanca,Rock,heavy-metal,Happy,studying;commute;cooking;driving,91.95,0.522,0.632,0.539,0.0268,0.916,0.0346,0.202,-15.762,342160,38
4enBboQxIXJ104dP5MFQGw,Bapu Tere Karke,Amar Sandhu,Hip-Hop,hip-hop,Dark,commute;driving,149.872,0.726,0.654,0.388,0.436,0.0,0.051,0.156,-3.932,230561,61
7KrQGQMvVmybKF2KQoUwDz,Can We,Kiwini Vaitai,Pop,j-pop,Happy,commute;party;cooking,82.035,0.81,0.697,0.938,0.287,0.000465,0.0814,0.0808,-7.076,248780,36
3IV4swNduIRunHREK80owz,Rollin' (Air Raid Vehicle),Limp Bizkit,R&B,funk,Happy;Energetic;Motivated,workout,96.306,0.603,0.933,0.709,0.00591,0.0,0.171,0.206,-3.358,213760,76
0vgXHXG9rU1EENbHs2ZmON,Amiga Linda - Ao Vivo,João Bosco & Vinicius;Tierry,Latin,sertanejo,Motivated,workout;commute;driving,161.966,0.476,0.726,0.615,0.521,0.0,0.0326,0.621,-7.031,184400,48
4XTTwW06rMgud7yS1nySZf,Animal,Miike Snow,Pop,synth-pop,Happy;Motivated,workout;commute;party;driving,118.049,0.763,0.721,0.657,0.0117,7.69e-06,0.0986,0.0752,-6.767,263880,54
6euwgOanJOzsBeZUDTbx29,found & lost,Survive Said The Prophet,Pop,j-pop,Energetic;Dark,workout,104.086,0.547,0.987,0.382,0.000133,0.000303,0.0783,0.343,-3.71,188960,55
2Y5AkPcCKN01ck6xDtOnoJ,24 Hours,Sky Ferreira,Pop,synth-pop,Energetic;Dark,workout,108.246,0.519,0.873,0.241,0.0301,0.0,0.0393,0.276,-3.555,244133,46
2QQ1VqwOviE1kuQj2enp1w,Rubbernotes - 5th Gear Edit,Kenny Larkin,EDM,chicago-house,Happy;Energetic;Motivated,workout;studying;driving,132.081,0.632,0.803,0.888,0.000119,0.528,0.0461,0.205,-10.758,221074,14
0myB6MFI5O76ebuwKEfALj,I Don't Fuck With You,Big Sean;E-40,Hip-Hop,hip-hop,Dark,commute;driving,97.971,0.824,0.733,0.395,0.0362,0.0,0.0614,0.325,-5.474,284386,0
6ECxq5Sh1ogq6oHDRUVmV2,Three,Sleeping At Last,Chill,ambient,Sad;Calm,studying;sleep,127.965,0.389,0.181,0.259,0.94,0.0,0.0431,0.0644,-11.148,247463,48
7GvYw5WCIT4Ws4Vsydte6N,Canções De Rei,Max Viana,Latin,mpb,Calm;Nostalgic,studying;sleep,105.944,0.572,0.223,0.377,0.916,2.85e-05,0.0277,0.103,-11.88,313000,40
6jFrlATJGkOlFCZMgmhwXr,Cadência - Ao Vivo,Ferrugem;Xande De Pilares,Latin,pagode,Happy;Energetic;Motivated,workout,88.234,0.57,0.803,0.85,0.307,0.0,0.203,0.276,-6.109,163563,41
5p4BRlcUzvRpApjjEFAtUq,"Il barbiere di Siviglia (The Barber of Seville), Act I: Cavatina: Largo al factotum della citta",Gioachino Rossini;Peter Mattei;Royal Stockholm Philharmonic Orchestra;Lawrence Renes,Classical,opera,Calm;Nostalgic,studying;sleep,98.607,0.484,0.266,0.4,0.982,0.013,0.113,0.222,-17.623,300106,46
3bAfogAvwjg2dnJ7WTQ5lr,Alone,Z.TAO,Pop,mandopop,Energetic;Motivated,workout,81.461,0.547,0.777,0.595,0.0108,0.0,0.0738,0.0916,-5.351,214988,27
7N02vK6QmHRiMVa6oy3HUA,Spirit of Grace,Stanton Lanier,Chill,new-age,Sad;Calm,studying;sleep,116.84,0.377,0.19,0.173,0.989,0.887,0.0552,0.0965,-21.428,224840,28
23Hakma2pAUDAGnyp4TLc1,mop,Gunna;Young Thug,Hip-Hop,hip-hop,Dark,commute;driving,144.918,0.878,0.575,0.399,0.00293,0.0,0.284,0.273,-8.732,185213,0
2fDyhCpqJfECadcxiP4uTn,One Dance,Smg;Atteev;Frntflw,EDM,electronic,Sad;Calm;Nostalgic,studying,99.921,0.856,0.329,0.348,0.642,8.29e-06,0.0644,0.103,-10.743,192000,28
11T9Noeo8ypJnw1igF1Fgk,Projeto no Deserto,Voz da Verdade,R&B,gospel,Energetic;Motivated,workout,95.183,0.667,0.869,0.535,0.34,1.41e-05,0.035,0.0696,-5.865,378426,42
3FHl1QYu76zguwjqhqcglX,"Kar Har Maidaan Fateh (From ""Sanju"")",Sukhwinder Singh;Shreya Ghoshal;Vikram Montrose,Hip-Hop,hip-hop,Energetic;Dark,workout;driving,170.022,0.557,0.821,0.184,0.0189,0.0,0.0573,0.0863,-7.794,312157,59
02Z90kqEwTvBQEOmP6jxyk,La La La (Reprise),Arjun Kanungo,Hip-Hop,hip-hop,Romantic,commute;party;cooking;driving,90.004,0.708,0.626,0.569,0.605,0.0,0.0529,0.115,-5.008,146666,59
5p4Qpabv0QrbKaOZP7SLom,"La Bohème / Act 2: ""Quando men vo""",Giacomo Puccini;Renée Fleming;London Philharmonic Orchestra;Sir Charles Mackerras,Classical,opera,Sad;Calm,studying;sleep,80.819,0.345,0.158,0.0448,0.983,0.227,0.051,0.72,-20.679,166826,24
42elEHkMJeRbFg1GSTofPP,Will You Hear Me,Dean Evenson,Chill,new-age,Sad;Calm;Chill,studying,77.809,0.188,0.308,0.104,0.982,0.854,0.0545,0.144,-17.273,804693,22
38T0tPVZHcPZyhtOcCP7pF,STAR WALKIN' (League of Legends Worlds Anthem),Lil Nas X,Hip-Hop,hip-hop,Dark,workout;commute;driving,141.872,0.637,0.715,0.308,0.148,0.0,0.0455,0.0892,-4.971,210575,90
3vv9phIu6Y1vX3jcqaGz5Z,Roses,The Chainsmokers;ROZES,EDM,edm,Energetic;Dark,driving,100.001,0.713,0.802,0.343,0.0435,0.00377,0.0561,0.309,-7.055,226738,74
7Dk8r4VR5NoveUvTiCKEXC,Pegao,Camilo,Latin,reggaeton,Calm,commute;cooking,90.037,0.807,0.499,0.867,0.162,0.0,0.0616,0.104,-4.733,160733,74
5RNjs0ue5fBDLRmS1OCZcW,They Came from the Shadows,Teenage Bottlerocket,Pop,power-pop,Energetic;Motivated,workout,102.982,0.44,0.994,0.611,6.97e-06,0.0518,0.0736,0.0744,-2.938,136760,25
1ZF05CfjZO3ovYTXhUxOxm,Sehnsucht,Alfred Heinrichs,EDM,deep-house,Sad;Calm,studying,140.005,0.776,0.338,0.0506,0.0495,0.933,0.115,0.0718,-8.31,308571,28
3y8doSsikONxr7FMYCt41C,Grock na Cinta,Tz da Coronel;Vinta;CalliCartel,R&B,funk,Happy,commute;party;cooking;driving,114.653,0.718,0.604,0.659,0.203,0.0,0.364,0.0581,-6.582,91429,47
2uU4tNepmkbE5lyQ9d0zFZ,Kabhi Khushi Kabhie Gham,Kris Bowers,Jazz,jazz,Calm;Nostalgic,studying;sleep,95.997,0.448,0.0588,0.418,0.625,0.952,0.0328,0.132,-27.582,208893,57
4c0BoZbzpf4ql8hPntc6uF,Kondalilla,Tony O'Connor,Chill,new-age,Sad;Calm,studying;sleep,87.654,0.227,0.0172,0.216,0.992,0.852,0.0384,0.341,-24.868,285093,21
2M3E9wbFtqdkSGkhfHikFh,I Know Him So Well,Elaine Paige;Barbara Dickson,Classical,opera,Sad;Calm,studying;sleep,138.61,0.423,0.211,0.131,0.82,0.0,0.0287,0.0894,-12.268,257106,52
0StKXJu8J5TxlinYqLpEKf,Forest Ridge,Dan Gibson's Solitudes,Chill,new-age,Sad;Calm,studying;sleep,74.546,0.193,0.105,0.0992,0.738,0.0168,0.0586,0.197,-28.109,573040,20
3Ph1IPNjUSGqOWZmlrjA9d,Finally,Kings Of Tomorrow;Julie Mc Knight,EDM,deep-house,Happy;Motivated,workout;commute;party;driving,124.993,0.88,0.728,0.895,0.0497,0.000213,0.0725,0.184,-8.629,313349,0
2TpfIIAtMFi3ta7dncAT3o,Visão de Cria,MC Rhamon,R&B,funk,Dark,commute;driving,175.783,0.77,0.603,0.396,0.512,0.0,0.378,0.0494,-5.882,166363,50
5CKDuCZN9qq3As3WDlxK1b,Miss Sloane Solo,Max Richter,Chill,ambient,Sad;Calm,studying;sleep,73.247,0.263,0.0177,0.173,0.992,0.906,0.0412,0.119,-32.229,127733,27
2KJkKZ6u3QRm9Xpu5I2CPB,Patience Is A Virtue,Clem Leek,Chill,ambient,Sad;Calm,studying;sleep,117.312,0.305,0.168,0.051,0.964,0.852,0.0332,0.103,-16.916,119063,48
6Q5uDNuuFYa8ToL3CCoHPC,Poison Tree,Grouper,Chill,ambient,Sad;Calm,studying;sleep,111.316,0.224,0.139,0.213,0.961,0.913,0.0354,0.108,-22.587,196893,69
7eVt6QJ5yZOSMi2E76zrDn,Vai Vadiar / Coração Em Desalinho - Ao Vivo No Rio De Janeiro / 2003,Zeca Pagodinho;VELHA GUARDA DA PORTELA,Latin,samba,Happy,commute;cooking;driving,115.45,0.425,0.631,0.841,0.457,2.29e-06,0.135,0.963,-10.465,309426,35
6ZpR2XFuQJSHAQwg9495KZ,Mind (feat. Kai),Jack Ü;Skrillex;Diplo;kai,EDM,edm,Energetic;Dark,workout;driving,174.153,0.502,0.777,0.356,0.117,2.91e-06,0.0934,0.0957,-4.627,242068,62
1lO9rzG6zQwduAprZAI7N1,Welcome to the Jungle,Novo Amor,Chill,ambient,Sad;Calm;Chill,studying,128.882,0.457,0.313,0.0657,0.97,0.378,0.0302,0.108,-11.215,196279,44
5BPhVkHioY3yezC05rlAEX,Angélica,Alfredo De Angelis;Juan Carlos Godoy,Latin,tango,Romantic;Chill,studying;commute;cooking,96.684,0.567,0.432,0.705,0.942,0.0024,0.0368,0.272,-8.302,164440,19
1z3iVmTuhTMSmSjgUzoFdm,"Violin Concerto No. 2 In E Major, BWV 1042: I. Allegro",Johann Sebastian Bach;Daniel Lozakovich;Chamber Orchestra of the Bavarian Radio;Radoslaw Szulc;Olga Watts,Classical,classical,Calm;Romantic;Chill,studying;commute,95.44,0.476,0.391,0.681,0.931,0.000678,0.0455,0.367,-11.603,469400,0
3QHBvWR5x3aidziMIk25EO,Yo Sufro (I'm Hurtin'),Lalo Carrion,Rock,rock-n-roll,Romantic;Chill;Nostalgic,commute;cooking,130.634,0.48,0.486,0.529,0.861,0.000201,0.0302,0.461,-8.016,151880,32
5oVTYjZ1h5xNMz2zYwsbjm,"Baby, It's Cold Outside",Dean Martin,Jazz,jazz,Calm;Nostalgic,studying;sleep,129.581,0.439,0.196,0.525,0.88,0.0,0.0601,0.0513,-16.093,143733,0
14nJ7PTwypy8fbt7hbfQqB,Beat Oriental,DJ Blakes;Mc Magrinho;Delano,R&B,funk,Energetic,workout,130.045,0.675,0.884,0.428,0.0694,0.0,0.0624,0.238,0.36,273897,47
4f68vqHzdkP8kaSW8PCo9x,Lush,Living Room,Jazz,jazz,Calm;Nostalgic,studying;sleep,85.002,0.757,0.251,0.531,0.46,0.651,0.144,0.165,-11.408,117882,0
6ua4ZcCoSABREsczFvGLI6,'O Sole Mio - Live,Luciano Pavarotti;Bryan Adams,Classical,opera,Sad;Calm,studying;sleep,62.074,0.297,0.264,0.247,0.943,1.4e-05,0.0387,0.7,-12.537,191506,47
5AEs83CYoPApEjYEJGbTuJ,Party Till We Die (feat. Andrew W.K.),MAKJ;Timmy Trumpet;Andrew W.K.,EDM,progressive-house,Energetic;Dark,workout,127.995,0.64,0.94,0.243,0.00528,0.000484,0.0795,0.357,-2.976,158554,63
7tUpvgMTJfB4OARD8gD6vg,Brand New Day,Living Room,Jazz,jazz,Dark,workout;studying;commute;driving,124.977,0.794,0.733,0.359,0.00369,0.87,0.0431,0.0978,-9.316,252778,0
3ToVPsKxOmJNmH0IQxF3bf,完全因你,Cass Phang,Pop,cantopop,Sad;Calm;Chill;Nostalgic,studying,135.145,0.376,0.311,0.329,0.72,0.0,0.058,0.176,-11.594,236000,19
7opmuePHHDBml8hNvrza4R,Hey Boy,Cynthia Luz;NOG;Pedro Lotto,R&B,r-n-b,Romantic;Chill,commute;cooking,87.876,0.646,0.476,0.703,0.572,0.0,0.409,0.229,-9.249,185454,42
7DYRFGwBu1GEU0o6Ani8Fw,Case-se Sabendo,Vitor Fernandes,Latin,forro,Happy;Energetic;Motivated,workout;driving,150.015,0.64,0.839,0.757,0.412,0.000792,0.0378,0.0962,-3.889,183250,37
0Uon5NsSAkBDx69XYOaQ5P,Stay,Gracie Abrams,Pop,indie-pop,Calm;Romantic;Chill;Nostalgic,studying;commute,114.26,0.618,0.37,0.433,0.883,0.0,0.0543,0.123,-10.5,177152,68
2Tmrq0AalsqBPUPEV2SeAy,"Spinnerlied aus dem Fliegenden Holländer, S. 440 (After Wagner's WWV 63)",Franz Liszt;Una Bourne,Classical,classical,Sad;Calm,studying;sleep,122.559,0.311,0.278,0.184,0.97,0.0336,0.0409,0.239,-21.328,241213,0
7e4SULG2NwQ9rt7MK6FbKl,Kaalpanik / Maayajastai,Bartika Eam Rai,Pop,indie-pop,Calm;Romantic;Chill;Nostalgic,studying;commute,82.011,0.597,0.392,0.535,0.883,0.000295,0.0294,0.11,-9.656,273357,48
2vXZbRbVg3ldnMQIbtqF7L,ビューティフル,Kegawa No Maries,Rock,j-rock,Energetic;Dark,workout,150.368,0.374,0.989,0.295,0.0408,0.00179,0.129,0.266,-1.483,229906,31
6yB5LinokjQjvOmEnb7usV,Vem Com Tua Glória - Ao Vivo,Marcelo Markes;Isaias Saad,R&B,gospel,Energetic;Dark,workout;driving,126.968,0.319,0.825,0.0743,0.0685,0.0,0.0522,0.341,-4.296,432479,39
5zEsgJyUE3Fg84mtxwf1et,this is what falling out of love feels like,JVKE,Pop,indie-pop,Energetic;Dark,workout;driving,173.874,0.323,0.807,0.366,0.649,0.00568,0.251,0.638,-5.031,141163,40
7vAPNx92EUeQoTaGhjGTpQ,IDGAF,Dua Lipa;Saweetie,EDM,dance,Happy,commute;cooking;driving,97.014,0.847,0.59,0.595,0.059,0.0,0.133,0.0822,-6.301,238940,4
16mKMqXTYDNFOo5bW7hmhC,"Piano Concerto No. 16 in D Major, K. 451: I. Allegro assai",Wolfgang Amadeus Mozart;Ingrid Haebler;London Symphony Orchestra;Sir Colin Davis,Classical,classical,Sad;Calm,studying;sleep,134.91,0.342,0.155,0.161,0.99,0.904,0.0372,0.0922,-19.013,656786,5
2Q8AN9WGElTDjXGmtGkSrA,Head Over Heels,Tears For Fears,Pop,synth-pop,Happy;Energetic;Motivated,driving,95.16,0.602,0.839,0.653,0.502,0.00118,0.0255,0.095,-4.251,256146,1
2vetHpHhkHZ3B3BgyQQvFD,Porque Te Quiero,Mickey Taveras,Latin,salsa,Happy,commute;party;cooking;driving,160.072,0.705,0.673,0.915,0.643,0.0,0.0316,0.278,-5.737,305506,30
32R2MmFjXeAhN8VN6xtH35,勁歌. 金曲2 (情歌王),Leo Ku,Pop,cantopop,Sad;Chill,commute,131.434,0.437,0.473,0.228,0.765,0.0,0.0342,0.296,-7.669,758307,48
01NsPGMDWGOrNWK9QylpHw,Cinderella,Mac Miller;Ty Dolla $ign,Hip-Hop,hip-hop,Sad;Dark;Chill,commute;driving,140.069,0.408,0.533,0.239,0.235,0.0,0.0536,0.345,-6.871,480186,0
1768OwieH9m0xC2xHt3vOY,Na Cama Ela É Bruta,Pedro Paulo & Alex;Dj Kevin,Latin,sertanejo,Happy;Energetic;Motivated,workout;party;driving,130.996,0.86,0.797,0.724,0.381,0.0,0.085,0.0875,-3.618,188427,49
1J9OoW4eLxIjwo10lBB83x,Broke Is A Joke,MC STAN,Hip-Hop,hip-hop,Romantic,commute;driving,122.03,0.74,0.648,0.4,0.659,0.0,0.0374,0.11,-5.171,215409,62
6P3meBUdJU57SNhsbaev88,Base Chakra,Llewellyn,Chill,new-age,Sad;Calm,studying;sleep,100.58,0.204,0.145,0.0552,0.95,0.771,0.0451,0.964,-24.728,441866,20
0ydyIEJ02X3kcZ6Bop6sHO,Sohne Lagde,Sidhu Moose Wala;The PropheC,Hip-Hop,hip-hop,Dark,commute,84.384,0.589,0.716,0.327,0.354,0.0,0.145,0.109,-5.651,209453,64
2x9gxKi3h7o7gLbzC37rPk,Deck The Halls,Nat King Cole,Jazz,jazz,Calm;Chill,studying;commute,107.172,0.635,0.393,0.97,0.652,0.0,0.0394,0.0845,-10.889,69000,1
4VhlHWOhdRmERGmhqPE0tb,世界劇團,Jay Fung,Pop,cantopop,Happy;Romantic,commute;cooking;driving,109.02,0.695,0.634,0.693,0.53,0.0,0.0297,0.0964,-8.288,222440,20
63rTOuaeQ8pRh7NX1yBB0H,Embraceable You,Sarah Vaughan;Clifford Brown,Jazz,jazz,Sad;Calm,studying;sleep,118.54,0.393,0.162,0.0428,0.956,0.000227,0.0335,0.126,-12.124,288600,0
6MMrsE9vd6ZzsElO5nwm6h,"12 Variations on ‘La belle Françoise’ in E flat, K.353: 9. Variation VIII",Wolfgang Amadeus Mozart;Danielle Laval,Classical,classical,Calm,studying;sleep,170.345,0.298,0.175,0.956,0.991,0.902,0.0329,0.132,-20.114,53520,20
21JL0gpeAYgbSUmzhgSPJz,Souvenir,Julien Baker;Phoebe Bridgers;Lucy Dacus,Chill,ambient,Sad;Calm,studying;sleep,109.008,0.605,0.299,0.181,0.751,0.474,0.0264,0.0943,-11.192,212467,60
3zNVQ2hDCiJ5QqUiS7vVxB,DUALQ,Gustavo Santaolalla;Otnicka,Chill,ambient,Dark,studying;commute;driving,169.942,0.493,0.656,0.0995,0.195,0.842,0.0426,0.113,-12.747,235142,36
7F4jKReNs1h8ujuz02Rsji,Não Tente Me Impedir - Ao Vivo,Bruno & Marrone,Latin,sertanejo,Energetic;Motivated,workout;driving,149.98,0.577,0.79,0.556,0.331,0.0,0.0964,0.367,-7.731,224826,48
0Pic5D6FjKBSkEL49T0eOm,Gerador Particular - Ao Vivo,Clayton Queiroz;Jessé Aguiar,R&B,gospel,Calm;Romantic;Chill;Nostalgic,studying;commute,138.443,0.403,0.397,0.597,0.832,0.0,0.0398,0.349,-10.694,270000,40
1UkNeA31KnDeAhLaPoYgFi,Salsera,The Echo Park Project,Jazz,jazz,Happy;Motivated,commute;party;driving,105.022,0.738,0.717,0.96,0.704,6.05e-06,0.0413,0.113,-4.694,361402,38
6nmkEV0oW6QJ340afYUlx0,Jatt te Jawani,Dilpreet Dhillon;Karan Aujla,Hip-Hop,hip-hop,Happy,commute;party;cooking;driving,159.872,0.765,0.685,0.608,0.024,0.0,0.264,0.0303,-4.727,240000,57
2PR4jVXzyjCky2PkONvipq,Favorite T-Shirt - Acoustic,Jake Scott,Pop,indie-pop,Calm;Nostalgic,studying;sleep,114.943,0.82,0.26,0.641,0.757,0.0,0.0759,0.144,-14.473,188442,60
0BNDtgT9yFjdbiQFnRuKcE,A Resposta - Live,Renascer Praise,R&B,gospel,Sad;Chill,commute,119.936,0.577,0.472,0.188,0.263,0.0,0.0314,0.891,-7.401,358573,40
4x2TltfXeQsID7xu2bWCr2,Deus Perfeito - Ao Vivo,Isadora Pompeo,R&B,gospel,Motivated,workout;commute;party;driving,138.008,0.727,0.701,0.627,0.0522,2.86e-05,0.0277,0.263,-6.571,209440,39
6o0hAjoZw1t2tWYlNa6SFd,Gelehi,Nil Sagar;Archana Padhi,Latin,samba,Energetic;Motivated,workout,79.133,0.401,0.989,0.533,0.136,0.0,0.448,0.088,-2.953,280295,35
4BllOzQZH3tSjmCIbYlSB6,Fire Like This,Hardknox,EDM,breakbeat,Happy;Energetic;Motivated,workout,118.012,0.648,0.912,0.694,0.0863,0.0432,0.0744,0.641,-5.493,278533,40
2QkUgk0UgTYBViwZKN0l3H,Famous,Sidhu Moose Wala;Intense,Hip-Hop,hip-hop,Happy,commute;party;cooking;driving,91.747,0.701,0.607,0.544,0.04,0.0,0.264,0.353,-6.723,249782,60
0IPrUbZh6uFgY7RvaMyBPb,"Sonate, Op. 5: V. Giga",Arcangelo Corelli;Cet étrange éclat,Classical,classical,Calm;Nostalgic,studying;sleep,56.139,0.159,0.0879,0.434,0.701,0.888,0.0429,0.0819,-23.347,190800,1
42wBzLyb7P5Q9MHdO3cdA8,八字,秀蘭瑪雅,Pop,mandopop,Dark;Chill,commute;driving,98.473,0.326,0.533,0.372,0.282,0.0,0.0413,0.251,-5.576,250846,23
3LXn4BVjDxS0Lq1MuwILVC,Kannan Varum Velai,Yuvan Shankar Raja;Anuradha Sriram;Madhushree,Pop,k-pop,Romantic,commute;cooking;driving,150.309,0.71,0.509,0.611,0.396,0.000327,0.0561,0.0738,-9.56,233973,45
6E59ljVX0peiUOd3yvNAxC,Back To The Rivers Of Belief: Way To Eternity / Hallelujah / The Rivers Of Belief,Enigma,Chill,new-age,Sad;Calm;Chill,studying;commute,84.811,0.339,0.356,0.207,0.0217,0.755,0.041,0.372,-17.53,636266,48
5F1tB8RaNirThjfMi0Hqfk,Meia Noite,Chicão dos Teclados,Latin,forro,Happy;Energetic;Motivated,workout;party;driving,168.01,0.716,0.76,0.963,0.228,0.0,0.0396,0.387,-8.436,187376,40
14rZjW3RioG7WesZhYESso,"Comptine d'un autre été, l'après-midi",Yann Tiersen,Chill,ambient,Sad;Calm,studying;sleep,100.848,0.483,0.192,0.0542,0.991,0.908,0.0469,0.106,-15.378,140733,73
2HmM5p02Q2qrYZvXJRLVx3,倒數,G.E.M.,Pop,mandopop,Dark,commute;driving,164.062,0.526,0.671,0.204,0.0215,2.7e-06,0.0324,0.104,-5.655,229333,53
4zWz6OmFpyXIgQCxAS5yQb,愛情廢柴,Jay Chou,Pop,mandopop,Dark,commute,73.947,0.411,0.671,0.397,0.0115,0.0,0.0319,0.11,-6.207,285616,50
7Lvxcrbzuz1mNCPkFakS9K,Ek Raat,Vilen,Hip-Hop,hip-hop,Sad;Dark;Chill,commute;driving,90.024,0.645,0.534,0.302,0.147,4.3e-06,0.0306,0.0858,-5.428,224040,67
7GbUWl6qLW1gdngbEV2WDJ,Monster,EXO,Pop,k-pop,Energetic;Motivated,workout;driving,150.0,0.618,0.76,0.541,0.0066,0.0,0.0596,0.127,-4.312,221341,67
1ZoQVu9XBssJBdeKMgF2eV,SUGA's Interlude,Halsey;SUGA;BTS,EDM,electro,Dark,workout;commute;driving,153.836,0.55,0.732,0.246,0.0864,0.0,0.105,0.0425,-6.88,138204,61
5d8n1bOdRanaUnEkEAwSdE,Necesito Quererte,Maelo Ruiz,Latin,salsa,Happy;Motivated,workout;commute;driving,164.965,0.579,0.729,0.908,0.465,0.0,0.0452,0.0837,-8.126,277571,37
3BCUHSTxd5zUogUsDMpwJ6,"Divertimento in E-Flat Major, K. 166/159d: IV. Adagio",Wolfgang Amadeus Mozart;Netherlands Wind Ensemble;Edo de Waart,Classical,classical,Sad;Calm,studying;sleep,73.238,0.156,0.0341,0.0398,0.994,0.332,0.0378,0.131,-18.552,79007,3
1170VohRSx6GwE6QDCHPPH,Kilby Girl,The Backseat Lovers,Pop,indie-pop,Sad;Chill,commute,162.279,0.329,0.444,0.225,0.0578,0.0352,0.0417,0.113,-9.973,282205,78
01gx6eTHdDH9PzgnLdgbDB,The Other Side,Alter Bridge,Rock,grunge,Energetic;Dark,workout,82.037,0.374,0.926,0.176,1.63e-05,0.000459,0.081,0.114,-6.047,354901,47
3UDb3MiDrkUPLMvKBWy0Sn,Our Singapore - NDP 2019 Theme Song,Stefanie Sun;JJ Lin;Aisyah Aziz;The Sam Willows;Taufik Batisah;Shabir;Kit Chan;Dick Lee;Brian Richmond;Pan Xiu Qiong;Tracy Huang;Rahimah Rahim;Louis Soliano;Jacintha Abisheganaden;Ramli Sarip;Sheikh Haikel;The Lion City Boy;ShiGGa Shay;Yung Raja;Fariz Jabba;Wheelsmith;Syah Riszuan;Nurjannah Qurratul’ Farhaien;Caitlin Tan;Heema Izzati Zainudin;Jordin Tan,Pop,mandopop,Sad;Calm,studying;sleep,104.083,0.43,0.264,0.286,0.797,5.68e-06,0.063,0.326,-15.309,240419,39
7AhMVnj6N89jmuCKNyr0AZ,ラブ・ドラマティック,Masayuki Suzuki;伊原六花,Pop,j-pop,Happy;Energetic;Motivated,workout;party;driving,129.039,0.71,0.798,0.789,0.364,0.0,0.0343,0.354,-5.309,263613,57
2gNjmvuQiEd2z9SqyYi8HH,Summertime,Louis Armstrong;Ella Fitzgerald,Jazz,jazz,Sad;Calm,studying;sleep,167.974,0.172,0.0696,0.103,0.916,0.00199,0.0339,0.137,-21.295,298133,64
5vJMWciCIDG0R5gLZLF8DC,walk away as the door slams,Lil Peep;Lil Tracy,Rock,emo,Dark;Chill,commute;driving,135.036,0.553,0.572,0.168,0.000115,0.0,0.039,0.115,-6.703,160560,70
2FYdec3yREDp9gIoaWMOxn,Tequila Con Limón,Los Juniors,Rock,rock-n-roll,Happy;Motivated,workout;commute;driving,149.814,0.686,0.727,0.873,0.761,0.0,0.285,0.292,-8.201,157400,34
4yurVSNjaPBKkOpbZWtuJO,Kalla Sohna Nai,Akhil,Hip-Hop,hip-hop,Calm,commute;cooking,92.055,0.802,0.499,0.763,0.454,0.0,0.0345,0.143,-5.881,156613,61
6D8MQ04WjnY9Jrhi1MdNFa,Gamzedeyim Deva Bulmam,Müzeyyen Senar,Rock,j-rock,Sad;Chill;Nostalgic,studying;commute,143.52,0.294,0.441,0.328,0.836,0.467,0.0327,0.102,-7.625,197146,43
2tTmW7RDtMQtBk7m2rYeSw,"Quevedo: Bzrp Music Sessions, Vol. 52",Bizarrap;Quevedo,Hip-Hop,hip-hop,Energetic;Motivated,workout;driving,128.033,0.621,0.782,0.55,0.0125,0.033,0.044,0.23,-5.548,198937,99
5Y6gse6fdyxs0lFFqyHYgz,Pretty On The Outside,Bullet For My Valentine,Rock,metalcore,Energetic;Dark,workout,101.671,0.449,0.939,0.19,2.91e-05,7.78e-05,0.0778,0.625,-3.524,235626,48
0wmYhNkWpiCv8UChUSZavw,19 Minuets K.103: No. 16 in G,Wolfgang Amadeus Mozart;Wiener Mozart Ensemble;Willi Boskovsky,Classical,classical,Calm,studying;sleep,152.807,0.521,0.143,0.721,0.971,0.0,0.0493,0.177,-16.338,42000,26
3bBNkMUG7KLnyZ3i9HoVjd,Early Byrd,Theo Parrish,EDM,detroit-techno,Dark,studying;commute;driving,119.007,0.668,0.649,0.241,0.00218,0.953,0.0567,0.44,-12.06,686000,7
4MnA4DRfswvZjJXcplU8jB,Drunk And Lonesome (Again),Southern Culture on the Skids,Rock,rockabilly,Happy,commute;party;cooking;driving,120.955,0.732,0.639,0.907,0.485,0.000868,0.0453,0.314,-5.482,173264,27
4AF27ulAT3STiX4YcmyZfE,Cannibal Instinct (Bonus Remastered),Goretrade,Rock,death-metal,Energetic;Dark,workout;studying,142.201,0.288,0.976,0.349,2.47e-06,0.943,0.139,0.445,-5.544,175348,34
5QMLTolS9JqMTqouRtbSWT,Nada,Cali Y El Dandee;Danna Paola,EDM,electro,Happy;Energetic;Motivated,workout;driving,173.905,0.684,0.808,0.712,0.0518,1.02e-05,0.061,0.0858,-2.737,174026,1
2AQStlE8K7iMoX0JrKFx3a,Hunting Season,Felix Da Housecat,EDM,chicago-house,Happy,commute;party;cooking;driving,143.802,0.712,0.694,0.865,0.00317,0.0677,0.0355,0.0923,-8.761,250466,11
0wwyjolxUZ5GEYghs8XHwi,Lo Han Visto Con Otra - Remasterizado,Ignacio Corsini,Latin,tango,Calm,studying;sleep,125.855,0.725,0.173,0.726,0.99,0.00823,0.105,0.155,-18.364,149613,15
7vuYfz0siJY66fLEiDKnEh,QKThr,Aphex Twin,Chill,ambient,Sad;Calm,studying;sleep,78.66,0.463,0.0223,0.0571,0.993,0.768,0.046,0.13,-26.117,87466,62
5djmFvrnR30Tj9Yyj8tOQQ,Truth Hurts,Lizzo,Hip-Hop,hip-hop,Dark,commute;cooking;driving,158.088,0.715,0.622,0.407,0.11,0.0,0.111,0.123,-3.046,173325,1
43Rtr7QpSPTHcFVru79fXm,Deserk Oak,Tony O'Connor,Chill,new-age,Sad;Calm,studying;sleep,199.776,0.395,0.128,0.294,0.773,0.953,0.0273,0.111,-21.931,266826,24
69OHNoRVtP9GDr2iNbB2oP,Sonhei Que Tava Me Casando,Wesley Safadão,Latin,forro,Energetic;Motivated,workout;driving,165.964,0.533,0.834,0.568,0.316,0.0,0.128,0.24,-5.061,161377,40
5nYs8umrPbDr3rXkCS74AX,"Recomposed By Max Richter: Vivaldi, The Four Seasons: Winter 3 - 2012",Max Richter;Daniel Hope;Konzerthaus Kammerorchester Berlin;Andre de Ridder,Chill,ambient,Sad;Calm,studying;sleep,110.601,0.469,0.259,0.0373,0.246,0.872,0.0376,0.319,-15.335,279093,0
104buTcnP2AsxqB7U1FIZ4,Heavy (feat. Kiiara),Linkin Park;Kiiara,Rock,alternative,Dark,commute;cooking;driving,149.982,0.59,0.671,0.438,0.0484,0.0,0.0706,0.0604,-6.098,169800,69
5IYqcX40Tr97RZDg3Sifl0,Prelude to a Suicide,Sarcófago,Rock,black-metal,Dark,studying;commute,86.303,0.307,0.7,0.3,2.28e-05,0.802,0.04,0.122,-9.619,233733,20
3t6QO2i4uPIaxP9ICLenfO,Manifesto (feat. Emicida) - Ao Vivo,Fresno;Emicida,Rock,emo,Energetic;Dark,workout,104.601,0.269,0.933,0.153,0.0665,0.0,0.183,0.751,-6.422,368586,37
43bCIv2YSOOpgLe39cQhKH,Blessed Path,Dean Evenson;Scott Huckabay,Chill,new-age,Sad;Calm,studying;sleep,178.946,0.144,0.136,0.0389,0.981,0.815,0.037,0.101,-20.006,239613,23
6OgjDxorTU4qeLvVuB9zoW,Attitude,Raj Ranjodh,Hip-Hop,hip-hop,Energetic;Dark,driving,93.989,0.644,0.77,0.367,0.0541,0.0,0.0561,0.22,-4.807,169787,43
7aUMVz1DMaXDPv4qutzFXL,H2O,Lauge;Baba Gnohm,Chill,ambient,Sad;Calm;Chill,studying,159.966,0.357,0.302,0.0361,0.325,0.93,0.0403,0.0626,-15.65,528765,0
1OERvlGpQpPk0fzt9dFDGl,"Ave Maria, D. 839 (Arr. Gamley)",Luciano Pavarotti;National Philharmonic Orchestra;Kurt Herbert Adler,Classical,classical,Sad;Calm;Chill,studying,89.521,0.214,0.328,0.114,0.945,8.92e-05,0.0377,0.105,-13.545,288346,0
0k1IaASoGkeLoti8XbaKaJ,"Nabucco: Va, pensiero, sull'ali dorate - Edit",Giuseppe Verdi;Chicago Symphony Chorus;Chicago Symphony Orchestra;Sir Georg Solti,Classical,classical,Sad;Calm,studying;sleep,138.57,0.148,0.0367,0.0666,0.989,0.828,0.0413,0.114,-21.648,221746,0
2Q1COShNh1VoZC31hsM5FA,Por una Cabeza (En Directo),Roberto Goyeneche,Latin,tango,Chill,studying;commute;cooking,119.904,0.548,0.445,0.795,0.841,1.76e-06,0.0534,0.766,-12.332,142082,22
1a46OuggzTZbK5bPp8ERKy,是不是每一個戀愛的人都像我,Aaron Kwok,Pop,cantopop,Sad;Chill;Nostalgic,studying;commute,129.897,0.558,0.419,0.341,0.553,0.0,0.0261,0.13,-11.51,245133,19
0xZRLBgPrcjjIyK0BLllQK,Abelha Sem Mel - Na Praia / Ao Vivo,Matheus & Kauan,Latin,sertanejo,Energetic;Motivated,workout;driving,129.099,0.404,0.841,0.601,0.0886,0.0,0.0744,0.838,-3.036,194240,47
2BvE8TIcnVDzhBfnHY768m,Aku Cinta Kau Dan Dia,Endank Soekamti,Rock,punk-rock,Energetic;Motivated,workout,110.634,0.372,0.937,0.572,0.000924,0.000231,0.0554,0.108,-4.282,289937,38
4gIe96UTtwNiS5C3BOWEC5,A Don Agustín Bardi,Armando Pontier,Latin,tango,Calm;Nostalgic,studying;sleep,120.367,0.685,0.126,0.58,0.771,0.809,0.0425,0.249,-18.033,159400,20
0H7LRye21kQjDfHVqnGoiM,Carmen Suite No. 2: 2. Habanera,Georges Bizet;Orchestre de Paris;Semyon Bychkov,Classical,opera,Calm;Nostalgic,studying;sleep,133.677,0.457,0.00568,0.489,0.964,0.000645,0.0461,0.167,-29.605,122000,51
7lVAlNJlasZr0c3fey4Mww,To The One Who Knows,Yanni,Chill,new-age,Sad;Calm,studying;sleep,96.393,0.172,0.186,0.0544,0.885,0.916,0.0325,0.133,-17.672,339373,36
69d9Rusw6W1cZyat1l96tO,On The Street Where You Live,Nat King Cole,Jazz,jazz,Sad;Chill;Nostalgic,studying;commute,71.923,0.369,0.421,0.326,0.61,0.0,0.0397,0.195,-10.346,192826,1
7h6lpVuSGPW6RNjDXKpYDh,The Sound,The 1975,Rock,alt-rock,Energetic;Motivated,workout,120.708,0.648,0.936,0.566,0.085,6.93e-06,0.0762,0.482,-4.745,248879,63
51FpZbIYAtkWtbFzZVLxUk,In the Midnight Hour,Wilson Pickett,R&B,funk,Calm,commute;cooking,111.917,0.751,0.444,0.849,0.12,3.53e-06,0.0403,0.118,-8.63,157160,0
6jReXy5IY7Ji2XEaaooCKm,Mujer,Ecko,Latin,latino,Dark,workout;commute;driving,163.0,0.67,0.713,0.4,0.227,0.000845,0.038,0.247,-6.797,157213,0
7tYwhedfTi1NUS54sIIzr1,La colegiala,Enrique Rodríguez;Armando Moreno;Chato Flores,Latin,tango,Calm,studying;sleep,165.052,0.651,0.246,0.894,0.947,1.11e-06,0.101,0.169,-11.784,98293,18
3qKapskdglWDCqA7evO3Ux,It Gonna Come - FKJ Remix,Melody Gardot;FKJ,Jazz,jazz,Romantic;Chill;Nostalgic,commute;cooking;driving,95.728,0.592,0.541,0.54,0.655,0.00157,0.0533,0.159,-8.703,224506,0
4LfcsVeb7Of1eB0tvRlb4e,Trem da Saudade - Ao Vivo,Taty Girl,Latin,forro,Happy;Energetic;Motivated,workout,107.846,0.516,0.943,0.769,0.135,0.000263,0.21,0.2,-3.545,90671,42
3RlsVPIIs5KFhLFhxZ4iDF,Rockstar,Nickelback,Rock,alt-rock,Happy;Energetic;Motivated,workout,144.072,0.616,0.91,0.693,0.0459,0.0,0.0386,0.343,-3.004,252040,70
0C6zhAFFZ4WbyzD93jZx0Z,Purple Snowflakes,Marvin Gaye,R&B,funk,Chill,commute;cooking,109.403,0.607,0.481,0.78,0.404,0.0,0.0269,0.107,-9.347,171920,0
7vW5ibTBXgnkDSCcVHsao0,So long baby goodbye,The Fastback,Rock,rockabilly,Happy;Energetic;Motivated,workout;driving,180.024,0.641,0.82,0.961,0.0778,3.22e-06,0.0916,0.101,-5.686,213916,31
2UKK9UEbKlykbmLVP1zWIQ,Haule Haule,Sukhwinder Singh,Hip-Hop,hip-hop,Happy;Energetic;Motivated,party,89.934,0.712,0.776,0.96,0.541,2.17e-06,0.213,0.0896,-7.424,263967,63
5rpw2ag9jizRl9VdaLNT61,Spiriteaux,Tony Anderson,Chill,ambient,Sad;Calm,studying;sleep,117.497,0.233,0.0358,0.0396,0.946,0.878,0.0373,0.108,-28.579,234000,50
3ZzhV6JIDKWvWR7wiKWD0C,La femme d'argent,Air,Chill,ambient,Motivated,studying;commute,79.82,0.517,0.737,0.558,0.434,0.684,0.0352,0.392,-8.189,426614,61
2XS7UHAbWRfSNJMVsIs7hH,Ciegos del Mundo,Malon,Rock,heavy-metal,Energetic,workout,128.731,0.453,0.964,0.477,2.27e-05,0.243,0.0777,0.292,-4.773,201748,27
34U3O5S4N77R7dTEh9TGfD,Maskeli Balo,Yeni Türkü,Pop,j-pop,Chill,studying;commute;cooking,92.632,0.609,0.435,0.769,0.669,0.0,0.0254,0.169,-10.651,173133,41
44ehTQAdu2IxkVNKmVCGVA,Briarcombe,Ira Stein,Chill,new-age,Sad;Calm,studying;sleep,131.253,0.412,0.153,0.08,0.837,0.881,0.0344,0.0761,-17.123,383640,22
4cAyotQrmkob1ciSlPS2OS,Dragging Knives,King 810,Rock,metalcore,Energetic;Dark,workout,178.056,0.433,0.95,0.217,0.0125,2.16e-05,0.113,0.257,-5.2,290173,26
63ThoHdxN0lcHVPsHc4a8o,一生中最愛,Alan Tam,Pop,cantopop,Sad;Calm,studying;sleep,125.924,0.65,0.217,0.186,0.842,1.08e-05,0.0366,0.122,-13.503,262640,50
4mBMyfaNeG40BUBm3DP5xV,Gaddi Vich,Dilpreet Dhillon;Desi Crew;Kaur B,Hip-Hop,hip-hop,Happy,commute;cooking;driving,99.997,0.875,0.555,0.59,0.179,0.0,0.076,0.124,-5.871,172800,60
5YDbSfN5oKWBoeyf9nBA38,Rave,Sam Paganini,EDM,deep-house,Energetic;Dark,workout;studying;driving,124.989,0.763,0.807,0.33,0.000137,0.909,0.044,0.295,-7.399,405699,55
4krYRz1TcFweFvmREcygeU,擁抱,Mayday,Pop,mandopop,Sad;Chill,commute,119.889,0.415,0.448,0.249,0.417,0.0,0.0303,0.106,-7.659,286826,47
1TQDtNsrAABaMDSgRTpke6,Decida - Ao Vivo,Leonardo;Eduardo Costa,Latin,sertanejo,Happy,commute;cooking,82.418,0.495,0.673,0.534,0.159,0.0,0.0478,0.568,-4.823,224306,46
6Tv7KutvWWoAqXRh2z35pK,Se Joga Na Minha Vida - Ao Vivo,Henrique & Juliano,Latin,sertanejo,Happy,commute;cooking;driving,99.653,0.611,0.662,0.602,0.16,0.0,0.0734,0.741,-5.794,188706,54
2kAZP4MIGCitpBHn358pgU,"Meherezylaa - From ""Maanaadu""",Yuvan Shankar Raja;Bhavatharini;Rizwan,Pop,k-pop,Dark,commute;driving,100.043,0.734,0.721,0.387,0.157,2.96e-06,0.0556,0.256,-5.806,259200,53
2eZnuULywhhLeWaYPFrJqC,Canzoncina - Extended Version,TNT;Tuneboy;Technoboy,EDM,hardstyle,Energetic;Dark,workout,150.056,0.512,0.941,0.127,0.000616,0.0332,0.0319,0.316,-1.058,256006,50
5olDF40pLOsPi0JjaiY37m,De Treta Em Treta,MC Caja;Mc Gibi,R&B,funk,Sad;Chill;Nostalgic,studying;commute,173.829,0.62,0.414,0.319,0.708,0.0,0.899,0.319,-7.916,192024,43
4BWOTlwOwhdOGRZni7nxin,She Don't Give A,King,Hip-Hop,hip-hop,Sad;Chill,commute,162.904,0.557,0.471,0.26,0.517,2.6e-06,0.355,0.112,-9.414,206134,61
6gBqfMrnpsAT6O6hosjhNA,Carona do Amor,Exaltasamba,Latin,samba,Romantic;Chill;Nostalgic,commute;cooking,137.986,0.623,0.489,0.566,0.651,0.0,0.0365,0.109,-13.139,255200,37
6Xdn9jtD8cMVtVA2EE9c4j,Abraão e Isaque,Daniel & Samuel,R&B,gospel,Sad;Dark;Chill,commute;driving,139.652,0.47,0.541,0.272,0.543,0.0,0.0307,0.0798,-5.606,280600,40
0jDjl6u73NHr2WhzoeEwQ3,Mi Amor Imposible,Los Pasteles Verdes,R&B,r-n-b,Happy,commute;cooking;driving,138.254,0.55,0.698,0.687,0.409,0.00016,0.0482,0.303,-6.743,222668,45
3mfsGLEmKF6sWTqFQzZ4aF,I'd Do Anything to Make You Smile,Jack Harlow,Hip-Hop,hip-hop,Sad;Dark,commute;driving,150.044,0.832,0.522,0.253,0.012,0.079,0.05,0.377,-7.244,193765,0
4KCGYOHGExcKUlFkNajeVO,Goiaba,Oaty.,Jazz,jazz,Dark,studying;commute;driving,103.016,0.757,0.679,0.374,0.619,0.828,0.0864,0.109,-9.74,139805,57
2xLMifQCjDGFmkHkpNLD9h,SICKO MODE,Travis Scott,Hip-Hop,hip-hop,Dark,workout;commute;driving,155.008,0.834,0.73,0.446,0.00513,0.0,0.222,0.124,-3.714,312820,83
2jd7MUx3tgb88h31NKy9iV,"Sonate, Op. 5: I. Adagio",Arcangelo Corelli;Cet étrange éclat,Classical,classical,Sad;Calm,studying;sleep,96.29,0.126,0.0499,0.115,0.648,0.887,0.0393,0.141,-22.935,258760,2
3s5cJHIsm91npF99cASuZs,Me Acostumbré,Frankie Ruiz,Latin,salsa,Happy;Energetic;Motivated,driving,100.777,0.695,0.832,0.949,0.24,0.0,0.0388,0.0524,-4.998,289960,28
4XZ2iVTaHcjsu55RiPU1y1,"Fui - Ao Vivo Na Ilha Da Magia,Brasil/2008",Exaltasamba,Latin,samba,Happy;Energetic;Motivated,workout;driving,171.987,0.633,0.774,0.84,0.65,0.0,0.0526,0.919,-7.002,191093,39
3yBCQ8gFqTyDwwgMDY93fw,Hymn,Luke Howard;Brett Kelly,Chill,ambient,Sad;Calm,studying;sleep,140.811,0.14,0.125,0.0362,0.86,0.875,0.041,0.112,-16.519,343724,0
6hiPJSPAKqGTjPx1gUlKZS,Be Alright,Lucy Rose,Chill,ambient,Sad;Calm,studying;sleep,135.495,0.578,0.162,0.195,0.74,0.0,0.0374,0.178,-10.48,235560,37
7HIQSbV8s3wrXIj7NpP2iD,A Favela Venceu,Mc Kevin;DJ Negret,R&B,funk,Dark;Chill,commute,87.951,0.502,0.583,0.295,0.318,0.0,0.115,0.101,-4.002,208013,47
1kMt9DMzQZJlWKQLkwYDYO,Run To The Water,Live,Rock,grunge,Energetic;Dark,workout,180.262,0.153,0.855,0.285,0.0017,0.000682,0.0531,0.11,-4.488,267306,27
2vOyhBDexONLtvOpJsCFNF,Serenity,Jim Brickman,Chill,new-age,Sad;Calm,studying;sleep,73.69,0.255,0.0302,0.0414,0.979,0.858,0.036,0.0803,-23.615,303158,19
3X3mfRMRaPJRiIMDMQtSkd,Landslide,Oh Wonder,Pop,indie-pop,Sad;Chill;Nostalgic,studying;commute,81.299,0.624,0.423,0.325,0.748,8.18e-05,0.0628,0.103,-8.757,208229,62
1GcnF0cnsvfBHwA7Sfyckl,Don't Break The Heart That Loves You,Connie Francis,R&B,r-n-b,Sad;Chill,studying;commute,73.4,0.366,0.413,0.193,0.818,0.0,0.0303,0.2,-6.496,182133,0
5SdxVprk6IfnXDWKgOAABv,Pouco a Pouco - Ao Vivo,Dilsinho;Sorriso Maroto,Latin,pagode,Energetic;Motivated,workout,147.984,0.531,0.855,0.621,0.224,0.0,0.054,0.772,-5.917,199653,45
0m2lsuKeOfZwulUmLiMl10,Banho de Shopping,DJ BOY;MC Joãozinho VT;Mc Kako;MC Ryan SP;Mc Kadu;MC Cebezinho;Mc Kelvinho,R&B,funk,Happy,commute;party;cooking;driving,176.017,0.774,0.674,0.763,0.522,0.0,0.111,0.0967,-0.979,447272,49
01ZAjuOp09OWWEoNBTmJ8R,Atenti Pebeta - Remasterizado,Julio Martel;Alfredo De Angelis,Latin,tango,Chill,commute;cooking,129.024,0.623,0.45,0.892,0.924,0.0,0.0974,0.104,-8.347,146050,18
6Nnohe4qA8s5BiuoIAn560,You're Nobody 'Til Somebody Loves You - Remastered/1997,Dean Martin,Jazz,jazz,Calm;Nostalgic,studying;sleep,127.148,0.495,0.254,0.58,0.782,0.0,0.0337,0.28,-12.414,132666,0
39ujbBjTwwqUFySaCYDMMT,Proper Patola,Badshah;Diljit Dosanjh;Aastha Gill,Hip-Hop,hip-hop,Energetic,workout;party;driving,172.006,0.77,0.824,0.49,0.485,0.0,0.0851,0.318,-6.491,178604,68
03wrmep5c3Dr9JlOXPvFUX,You Raise Me Up,Celtic Woman,Classical,opera,Sad;Calm,studying;sleep,121.487,0.262,0.209,0.141,0.919,1.98e-06,0.0385,0.0805,-10.685,271133,54
7k11Ii2cGblg42H4iUZFEv,Elevator (Going Up) - Album Mix,Louie Vega;Monique Bingham,EDM,deep-house,Dark,commute;cooking;driving,122.991,0.797,0.673,0.429,0.175,0.00617,0.0745,0.132,-7.691,305813,27
2R9JaUNgitDVjaE3zE8CoU,Sembrador De Amor,Joan Sebastian,R&B,r-n-b,Happy;Motivated,commute;driving,102.368,0.665,0.707,0.777,0.642,0.00194,0.0312,0.161,-7.239,157942,43
1JhrhwHqrMcQqLgH5D1W1F,Messa da Requiem: 2a. Dies irae,Giuseppe Verdi;Mariinsky Chorus;Mariinsky Orchestra;Valery Gergiev,Classical,opera,Sad;Calm;Chill,studying;commute,88.009,0.173,0.395,0.107,0.94,0.948,0.0403,0.12,-12.559,128240,0
6SvIO9X1alZpKyG3g8EAHB,The Christmas Waltz,Peggy Lee,Jazz,jazz,Sad;Calm,studying;sleep,107.269,0.25,0.168,0.141,0.822,0.000135,0.0329,0.136,-16.789,173106,1
4qGr8HmRjhdRoUCnLf82eM,Pantera,Rvfv;Duki,Latin,latino,Dark,commute;driving,90.011,0.817,0.64,0.398,0.254,0.0,0.1,0.197,-4.397,181333,79
5VQlJpRS2GujR5nn1FoQ4L,先に言って欲しかった,Maharajan,EDM,j-dance,Energetic;Motivated,workout,137.959,0.553,0.873,0.542,0.0123,0.000854,0.0869,0.0591,-4.681,166595,25
0EUEtq224zqzpzPHof2qmL,BOTTOM OF THE BOTTLE,Jack Kays,Rock,emo,Romantic;Chill;Nostalgic,studying;commute;cooking,83.538,0.636,0.427,0.618,0.698,0.0,0.0253,0.111,-7.908,152500,61
2xHmqy3QJoSL9iOdk9otWT,I Feel the Rhythm - Original Mix,Ron Trent,EDM,chicago-house,Happy;Energetic;Motivated,workout;studying;party;driving,123.999,0.913,0.846,0.672,0.0131,0.92,0.0831,0.152,-6.203,378600,8
46UbgRorQPAs2CHhfl1XGM,Dance,Yiruma,Chill,new-age,Sad;Calm,studying;sleep,77.06,0.253,0.0588,0.0344,0.992,0.906,0.0547,0.0783,-24.504,245000,44
3a2PhvkAWCh2ywfkVyZWhk,Moça Bonita,Rastapé,Latin,forro,Chill,commute;cooking;driving,144.074,0.692,0.585,0.558,0.265,3.55e-06,0.0384,0.175,-6.976,189160,40
4y9OVwrQLvzB9vsC39y5Vm,Like A Parasite,The Queers,Pop,power-pop,Happy;Energetic;Motivated,workout,130.956,0.535,0.934,0.97,0.00103,0.211,0.0364,0.375,-4.28,172200,23
2KKYlJFyJ8Ozxj7FABxKEg,La Medecina,Joan Sebastian,R&B,r-n-b,Happy;Romantic,commute;cooking;driving,105.831,0.678,0.616,0.689,0.752,0.000231,0.0441,0.047,-6.723,160853,47
6DOYxFNFrFxFjNy7MSXVi4,Es-29,Eddie Fowlkes,EDM,detroit-techno,Happy;Chill,studying;commute;cooking;driving,136.018,0.682,0.539,0.712,5.07e-05,0.41,0.0493,0.0646,-8.361,303020,5
46WaBBaEHzgbN88Ew0nh50,MAGO,GFRIEND,Pop,k-pop,Energetic;Motivated,workout;driving,120.062,0.621,0.821,0.646,0.00548,0.000578,0.0364,0.142,-3.662,199133,69
73N5AghXPjYtAoS6RIYPZd,CHUSAMBA,Emiway Bantai,Hip-Hop,hip-hop,Happy;Energetic;Motivated,workout;party;driving,139.68,0.777,0.816,0.667,0.349,0.0,0.275,0.195,-3.884,193663,56
7xnZ2xPq9cfjWreJnvyBPI,Convite - Ao Vivo,Israel Novaes;MC Teteu,Latin,forro,Happy;Energetic;Motivated,workout;party,123.956,0.761,0.874,0.934,0.197,0.0,0.0372,0.383,-3.525,189427,41
5O86WXHkD5LdWgBaPQvQHO,Não Deixe O Samba Morrer - Remasterizada,Sambô;Luciana Mello,Latin,samba,Happy;Energetic;Motivated,workout;driving,136.755,0.525,0.828,0.664,0.48,0.0,0.188,0.909,-5.199,315066,36
7FNClArpU0MQIIkAU5VSwh,Vuelve,Daddy Yankee;Bad Bunny,Hip-Hop,hip-hop,Sad;Dark,commute;driving,130.025,0.734,0.531,0.199,0.196,0.0,0.0321,0.119,-5.662,279613,5
6IxZKlXPH1OH5D7HdmtGO0,"8 Slavonic Dances, Op. 46, B.83 - For Piano Duet: No. 1 in C Major (Presto)",Antonín Dvořák;Katia Labèque;Marielle Labèque,Classical,classical,Sad;Calm,studying;sleep,153.373,0.377,0.193,0.285,0.987,0.9,0.0449,0.0884,-18.928,203000,0
2rTYgHxgcndkUrRoU7x0Sv,Mr. Vain,Culture Beat,EDM,techno,Energetic,workout,132.871,0.676,0.996,0.4,0.0478,0.262,0.0397,0.333,-7.946,336840,62
1Ugz0VZmL522ZI4UrODbB5,Olha,Erasmo Carlos;Chico Buarque,Rock,j-rock,Calm;Romantic;Chill;Nostalgic,studying;commute,129.793,0.57,0.375,0.525,0.77,0.000787,0.0365,0.457,-12.068,215066,34
1bzne39ROIb83QOtwIDy5Q,Returning Home,Dan Gibson's Solitudes,Chill,new-age,Sad;Calm;Nostalgic,studying;sleep,88.102,0.283,0.267,0.346,0.884,0.911,0.379,0.914,-22.54,235750,27
7owBQhdgyOyj71Z9awtgoZ,Moments of Wonder,Pulse Mandala;Suseti,Chill,ambient,Sad;Calm,studying;sleep,68.937,0.169,0.221,0.061,0.846,0.894,0.0349,0.101,-21.642,297000,27
00uTtxaqbG0jPPjPCZx37Q,共犯者 - Remastered 2022,Eikichi Yazawa,Rock,j-rock,Happy;Energetic;Motivated,workout,110.108,0.675,0.856,0.686,0.127,0.0,0.0483,0.054,-9.795,267520,40
4PXnwRGWH9VKDxdf09JV6e,Barrio De Tango,Roberto Goyeneche,Latin,tango,Calm;Romantic;Chill;Nostalgic,studying,114.007,0.548,0.341,0.418,0.772,4.91e-06,0.0453,0.253,-7.015,152493,19
0bEArXxz4KYetIBe33rgPg,Musica,Il Divo,Classical,opera,Sad;Calm;Chill,studying;commute,81.853,0.212,0.35,0.164,0.87,0.0456,0.0285,0.167,-8.681,237106,19
2KQ2IzFLTcCqbJeLz5utur,Her Name,Charleon,EDM,deep-house,Energetic;Motivated,driving,101.212,0.589,0.811,0.627,0.203,0.0,0.0484,0.219,-2.137,174059,53
4lkARggU1higL8Uszt8cPY,Emotion,Purple Disco Machine,EDM,deep-house,Happy;Energetic;Motivated,workout;party,122.025,0.721,0.897,0.834,0.0134,0.00819,0.0384,0.0663,-6.489,184918,49
5LEjxlKCcYH8irGpRtjbj0,Adhiya,Karan Aujla,Hip-Hop,hip-hop,Happy;Energetic;Motivated,party;driving,92.063,0.753,0.758,0.794,0.0901,0.0,0.168,0.0717,-7.845,177397,58
6KOI9Op0fdvmPBG4RMemZc,"Kapoor & Sons Mashup (By DJ Chetas) (From ""Kapoor & Sons (Since 1921)"")",Nucleya;Benny Dayal;Amaal Mallik;Tanishk Bagchi;Badshah;Arko;Armaan Malik;Arijit Singh;Asees Kaur;Fazilpuria;Sukriti Kakar;Neha Kakkar,EDM,edm,Energetic;Motivated,workout,130.094,0.654,0.951,0.521,0.0308,0.00011,0.107,0.427,-4.062,221000,43
4szHVkwccA5hCKk3GA0Tle,Brutalism,Woo York,EDM,techno,Energetic;Dark,workout;studying;driving,123.982,0.438,0.827,0.0373,0.0185,0.881,0.0459,0.123,-8.529,387619,39
5I35M1ruDXFzK63YCg7Ijw,Snapchat Story,Bilal Saeed;Romee Khan,Hip-Hop,hip-hop,Happy;Energetic;Motivated,party;driving,95.982,0.808,0.811,0.753,0.163,0.0,0.0448,0.148,-3.856,199998,57
4tCGNLM1yPC3QmrpIjSOvc,Outerspace Girl,The Beloved,Pop,synth-pop,Happy;Energetic;Motivated,workout;studying,121.956,0.47,0.883,0.889,0.00778,0.841,0.0361,0.128,-9.469,289666,22
6SpALKoUWOZfbhEbKI1Biq,Tubular Bells,Mike Oldfield,Chill,new-age,Sad;Calm,sleep,149.531,0.283,0.201,0.149,0.49,0.00248,0.0322,0.13,-16.649,808760,0
7s7zrmC4CwKyua07VUS44S,As - Luxury Remix,Michelle Simonal;Natty Bong;Ronan,Jazz,jazz,Happy;Chill,commute;cooking,82.003,0.682,0.526,0.775,0.48,1.79e-05,0.0382,0.166,-8.656,193170,0
2zo5WMrYU7MJCmZUxUKOwu,Lakshmi Ashtakam,Bombay Sisters,Classical,classical,Sad;Calm;Nostalgic,studying;sleep,102.08,0.56,0.281,0.344,0.824,0.0,0.0818,0.229,-6.777,270053,33
6UxQDguCFICdBKYzxM8NeT,基隆山之戀,西卿,Pop,mandopop,Chill,commute;cooking,102.419,0.63,0.462,0.786,0.849,0.0125,0.0291,0.192,-11.02,180560,24
1fmdXvBzNSe3LvbcR4RiZs,Quando Eu Contar Iaia / Hei De Guardar Teu Nome / Vou Lhe Deixar No Sereno / Quem Sorriu Foi A Patroa / Bagaço Da Laranja - Ao Vivo,Zeca Pagodinho;Jorge Ben Jor,Latin,samba,Happy;Energetic;Motivated,workout;driving,122.742,0.573,0.831,0.732,0.452,2.05e-06,0.152,0.984,-8.604,306468,40
0BC1A4opbq3nb4PSjIPUHO,Body Language,Vybz Kartel,EDM,j-dance,Dark;Chill,commute;driving,179.829,0.566,0.575,0.184,0.149,0.0,0.24,0.109,-10.079,152906,21
75JjsyGDbAaO2tPvdcYZp8,Lobo Domesticado,Valentín Elizalde,R&B,r-n-b,Happy,commute;party;cooking;driving,116.016,0.751,0.612,0.942,0.261,2.48e-05,0.0361,0.359,-3.196,171426,0
13egNICeT6BaEjXAFHd7k4,Deafened By The Roar,Toxic Holocaust,Rock,black-metal,Energetic;Dark,workout,95.047,0.41,0.987,0.117,0.000121,0.0,0.0651,0.254,-4.241,90595,22
67KTXqxMEyBMq3LApqCgNV,Moosedrilla (feat. DIVINE),Sidhu Moose Wala;DIVINE,Hip-Hop,hip-hop,Happy;Energetic;Motivated,workout;party;driving,137.954,0.709,0.829,0.654,0.0698,0.0,0.245,0.561,-5.817,232173,61
0O8TVUrJnVcFMMjBBODGRx,"Tosca: ""E Lucevan la Stelle"" (Placido Version)",Giacomo Puccini;Plácido Domingo,Classical,opera,Sad;Calm,studying;sleep,73.402,0.163,0.244,0.0638,0.984,0.277,0.04,0.583,-12.077,171973,22
0sw4u9EcSC2E6rtCCdglHZ,Faithful,Erik Nieder,Chill,ambient,Dark,workout;commute;driving,139.972,0.451,0.724,0.284,0.0309,0.0,0.0409,0.0844,-5.758,284422,61
7k9Y8EXEvzKOH3zdMVXXo4,The World's Continuation,Ado,Pop,j-pop,Sad;Calm;Chill,commute,75.209,0.368,0.327,0.21,0.406,0.0,0.029,0.103,-7.331,287986,61
7rj3r1ghpdIbxLbIIbYnP4,"Piano Sonata No. 12 in F Major, K. 332: II. Adagio",Wolfgang Amadeus Mozart;Maria João Pires,Classical,classical,Sad;Calm;Nostalgic,studying;sleep,72.88,0.502,0.0308,0.312,0.995,0.915,0.063,0.0805,-26.86,284000,3
2cVJDlu9jmkPUeuJxA6v8i,"Master the Blaster (From ""Master"")",Anirudh Ravichander;Bjorn Surrao,Hip-Hop,hip-hop,Happy;Energetic;Motivated,party;driving,100.04,0.756,0.816,0.899,0.3,0.0,0.0972,0.172,-1.418,92250,60
4fvKqLGqlsj7giLICaxTXl,Limón y Sal,Julieta Venegas,Rock,alt-rock,Happy,commute;cooking;driving,110.972,0.625,0.653,0.605,0.124,0.0,0.0257,0.346,-5.967,205213,0
1bsZoNAyfjDdLutsE5KSQ4,Piano Sonata D. 960 in B-Flat Major: II. Andante sostenuto,Franz Schubert;Burak Çebi,Classical,classical,Sad;Calm,studying;sleep,68.863,0.297,0.00409,0.0449,0.995,0.918,0.0426,0.0896,-31.314,566333,0
6Ymx0XmzUFnwCA8pZaY0XV,The Christmas Song (arr. piano),Mel Tormé;Stephan Moccio,Jazz,jazz,Sad;Calm,studying;sleep,123.646,0.361,0.0156,0.0717,0.987,0.945,0.0378,0.108,-29.853,250906,0
52bop7hdnDIGHFW4p5EfE5,"12 Variations on an Allegretto in B Flat, K.500: 13. Variation XII : Allegro – Tempo I",Wolfgang Amadeus Mozart;Danielle Laval,Classical,classical,Calm;Nostalgic,studying;sleep,66.701,0.394,0.0897,0.443,0.99,0.904,0.058,0.101,-24.062,85651,2
06henIQqvVk2vAKj1yQtTp,Maze of Tranquility,Martin Landström,Jazz,jazz,Sad;Calm,studying;sleep,112.892,0.488,0.134,0.0507,0.76,0.219,0.0327,0.0826,-17.904,262707,63
0Yzg5gttgeusAFIDCNPR77,Dope Shope,Yo Yo Honey Singh;Deep Money,Hip-Hop,hip-hop,Happy;Energetic;Motivated,workout;party,136.032,0.754,0.914,0.865,0.424,2.62e-05,0.0548,0.116,-1.999,211764,58
3OHv54gMPmvIWnhRZweIF9,Si Tu Supieras (En Vivo),Giro,Latin,salsa,Happy;Energetic;Motivated,driving,97.791,0.568,0.775,0.682,0.182,1.32e-06,0.0328,0.413,-5.627,332640,33
7otXGiOBrTEtngSi5fhGAy,Mutasir,Farasat Anees;Talha Anjum;Jokhay,EDM,electronic,Dark,commute;driving,105.023,0.878,0.651,0.25,0.186,0.0,0.316,0.097,-6.43,164571,37
4qO03RMQm88DdpTJcxlglY,Call Me,Blondie,Pop,power-pop,Happy;Energetic;Motivated,workout;driving,142.669,0.56,0.825,0.74,0.000785,0.00246,0.0347,0.0892,-6.711,212600,73
6Ujww7W6X71sovMqT2bmVX,Aliento inocente,A.N.I.M.A.L.;Chuck Jhonson and Juan Jose Burgos;Richard Kaplan,Rock,heavy-metal,Energetic;Motivated,workout,106.898,0.574,0.971,0.568,0.000105,7e-05,0.0686,0.123,-6.415,247906,20
4XrWar13kLO1jr535AzKrQ,我不難過,Stefanie Sun,Pop,mandopop,Sad;Dark;Chill,commute;driving,127.977,0.446,0.521,0.126,0.268,0.0,0.0351,0.362,-6.804,320400,52
7waYR8YS6xkYgcPdxaxJFT,O Matuto Se Apaixonou (Versão Grave),Os Barões Da Pisadinha,Latin,forro,Happy;Motivated,workout;commute;party;driving,172.036,0.758,0.745,0.681,0.0261,0.0,0.0448,0.108,-7.488,132562,42
4u9jtJXU6fAbBBmWL6VB0E,Shaky Shaky,Daddy Yankee,Hip-Hop,hip-hop,Happy,commute;party;cooking,88.007,0.899,0.626,0.873,0.076,0.0,0.292,0.0631,-4.228,234320,0
0Oajka6trs5YNuLY2t1qib,Somewhere in October,Tom Day,Chill,ambient,Sad;Calm;Chill,studying;commute,97.006,0.581,0.375,0.106,0.39,0.651,0.0363,0.672,-16.464,247422,45
774Vy9sPhpePjj0B7WHaG2,Prrrum,Cosculluela,Latin,latino,Happy;Motivated,commute;party;driving,90.045,0.832,0.74,0.714,0.101,0.0,0.214,0.339,-4.862,238564,66
6Eo4NeIkHxXUVWySGl01Yw,Pra Te Ver,MC Hariel,R&B,funk,Romantic;Nostalgic,commute;cooking;driving,117.149,0.734,0.544,0.522,0.658,0.0,0.28,0.11,-9.835,182961,42
1ItJjahltmjQNjit9sdksw,Stolen Car (feat. Sting),Mylène Farmer;Sting,Pop,synth-pop,Energetic;Motivated,driving,99.989,0.676,0.764,0.624,0.0544,0.0042,0.0537,0.0902,-6.329,202613,50
1WUt8SY17zIL49TxENehP5,"Carmen (1997 - Remaster), Act I: Carmen! sur tes pas",Georges Bizet;Maria Callas;Nicolai Gedda;Choeurs Rene Duclos;Choeurs D'Enfants Jean Pesneaud;Orchestre de l'Opéra National de Paris;Georges Prêtre;Orchestre du Théâtre National de l'Opéra Paris;Paris Opera Orchestra,Classical,opera,Sad;Calm,studying;sleep,83.731,0.272,0.126,0.122,0.91,0.000272,0.0468,0.125,-20.155,87746,22
698afgx5ev4sqwZBTqHpoW,Bells,Roger Eno,Chill,ambient,Sad;Calm,studying;sleep,61.416,0.468,0.00375,0.174,0.994,0.948,0.0358,0.0776,-33.35,201901,44
0R4HTYUjrBvDwxilINNwYZ,Papillon - Solo Piano Version,Alexis Ffrench,Chill,ambient,Sad;Calm,studying;sleep,128.534,0.282,0.063,0.102,0.991,0.905,0.0377,0.131,-26.185,176457,56
6BoeqUM429BLh5Kw1IleDB,Favela Sorrir,Mc Kelvinho,R&B,funk,Romantic;Chill;Nostalgic,commute;cooking;driving,180.132,0.55,0.518,0.446,0.635,7.27e-06,0.112,0.181,-7.206,240000,42
16fWSYYJToYWTuFL9OocdT,Feeling Like,Kodak Black;Jeezy,Hip-Hop,hip-hop,Energetic;Dark,workout,85.594,0.428,0.832,0.157,0.303,0.0,0.338,0.142,-3.455,228259,0
1TWDoN2SuVuUZk1OBByZzE,Cambalache,Julio Sosa,Latin,tango,Happy,commute;cooking;driving,121.34,0.636,0.659,0.89,0.659,0.0,0.15,0.0638,-3.769,192680,19
6k2900NjJeVqZM55G3Danu,Bum Bum Tam Tam,MC Fioti;Future;J Balvin;Stefflon Don;Juan Magán,R&B,funk,Happy,commute;party;cooking;driving,131.999,0.896,0.675,0.659,0.346,8.11e-06,0.124,0.262,-3.908,213988,69
4juBGpkEJrSbWUPUW0prlA,Bom Mesmo É Estar Debaixo D'Água,Luedji Luna,Latin,mpb,Chill;Nostalgic,studying;commute,172.05,0.556,0.428,0.366,0.791,0.0192,0.0556,0.0899,-12.406,271293,41
68hjK3NvirVSJNBti4VLzR,Me Namora,Aviões do Forró;Caviar Com Rapadura,Latin,forro,Happy;Energetic;Motivated,workout,172.095,0.597,0.902,0.865,0.614,0.0,0.06,0.235,-5.983,204538,40
2hTn8oS49IQULxAWs7hEBz,Sakhiyan2.0,Maninder Buttar;Zahrah S Khan;Tanishk Bagchi,Hip-Hop,hip-hop,Dark,commute;driving,100.002,0.817,0.715,0.398,0.183,0.0,0.0484,0.214,-5.13,177694,68
6WgG5Lq7qCWjzrdOScRCzJ,"Faschingsschwank aus Wien, Op. 26: V. Finale (Live in Japan, 2022)",Robert Schumann;Pavel Nersessian,Classical,classical,Sad;Calm;Nostalgic,studying;sleep,79.824,0.341,0.146,0.343,0.994,0.901,0.0324,0.149,-21.088,251133,0
3yBOgD5rhyyQcnjhsk7qme,2 Be Loved (Am I Ready),Lizzo,Hip-Hop,hip-hop,Happy;Energetic;Motivated,workout;party;driving,155.932,0.721,0.769,0.915,0.0922,0.0,0.105,0.0817,-4.111,187107,3
2xADGxc3wNQk9YBSWIROyx,Esqueceu Foi Porra,Eric Land;Tarcísio do Acordeon,Latin,forro,Happy;Energetic;Motivated,workout,149.887,0.624,0.938,0.836,0.129,0.0,0.0644,0.327,-1.145,177531,61
6ZL2k6VpvBvfhaFsDdzSde,Nasceu pra Brilhar,Luan Estilizado;Alanzim Coreano,Latin,forro,Happy;Energetic;Motivated,workout;driving,149.977,0.545,0.813,0.772,0.44,0.0,0.0445,0.26,-4.155,168747,38
5RqKo9P4DLA0bVyY70cWkr,saman,Ólafur Arnalds,Chill,ambient,Calm;Nostalgic,studying;sleep,108.74,0.583,0.0238,0.426,0.994,0.847,0.0369,0.103,-32.244,131923,65
1W0YS64vF9qgMVLuN76aqg,Rise,Skillet,Rock,metal,Energetic;Dark,workout,87.938,0.57,0.921,0.381,0.0127,0.0,0.0724,0.818,-3.892,260786,61
3pcVsf6ibPqtCuHyJHfJpg,紅玫瑰(國),Eason Chan,Pop,cantopop,Dark;Chill;Nostalgic,commute;driving,128.05,0.425,0.583,0.345,0.744,0.000689,0.04,0.116,-6.971,239973,46
3P4lqTLBjHHIqszDF8xB8F,Nexus Point,Talla 2XLC;Roland Klein,EDM,techno,Energetic;Dark,workout;studying,139.999,0.374,0.96,0.129,7.42e-05,0.978,0.0499,0.736,-6.075,223767,46
2V52mICuJnWB3C4lrJZd7v,Youngest In Charge,Sidhu Moose Wala;Sunny Malton,Hip-Hop,hip-hop,Happy,commute;cooking;driving,176.069,0.595,0.689,0.519,0.00463,0.0,0.283,0.154,-6.822,198409,64
25tFLO2t30VhgAqLrjFMfs,Södra Korset,Thåström,Rock,punk,Sad;Dark;Chill,commute;driving,99.996,0.461,0.54,0.0807,0.543,0.0392,0.033,0.117,-10.806,373517,38
6g0lZUTjVxdPShGBi8x6oC,An Ti Dog MA Ti Sm,Oliver Shanti & Friends,Chill,new-age,Sad;Calm,studying;sleep,81.154,0.101,0.266,0.0339,0.512,0.227,0.0417,0.0846,-16.464,244000,22
5VnKWH0QvC4u9ridOIFwCC,Come Undone,Tove Lo,Pop,synth-pop,Dark,commute;driving,163.865,0.58,0.617,0.243,0.288,0.0,0.0991,0.551,-5.828,177534,45
3KZPBw2GyCEbh2zdsmeisl,Bote o Pé,Projeto Norte;Ane Alma,R&B,gospel,Sad;Chill,commute,88.954,0.497,0.495,0.241,0.217,0.0,0.0287,0.158,-7.931,200898,43
0W0nliaK7CIiQPPnHn4szJ,Brillo Mio,Caloncho,Pop,indie-pop,Calm,commute;cooking,110.994,0.802,0.402,0.763,0.0241,0.00539,0.0316,0.171,-11.601,196266,0
2xM3uCZU5YLiVAWqhY02dx,Awaken (Feel Alive),Big Wild;Surfaces,Pop,indie-pop,Sad;Chill,commute,140.012,0.401,0.492,0.174,0.192,0.0,0.0328,0.379,-6.489,180204,0
1LmTH1icxHp3kpeeC1qmDM,Kenny,Still Woozy,Pop,indie-pop,Romantic,commute;cooking,120.01,0.751,0.486,0.408,0.331,0.032,0.0374,0.108,-10.746,194133,1
35EGJJhFbcdlWIMF1azyBc,Se Você Pensa - Ao Vivo,Pitty,Rock,hard-rock,Energetic,workout,112.325,0.394,0.92,0.436,0.000733,3.85e-06,0.0397,0.638,-6.537,193653,36
4Y6pdMS2PwGshq1MYcJ9fC,I Will Follow You,Ricky Nelson,R&B,r-n-b,Romantic;Chill,studying;commute;cooking,120.774,0.671,0.442,0.749,0.758,1.63e-05,0.0332,0.108,-11.595,146133,58
6wKu6jqzVtxikYztRUWkoS,Aathi,Anirudh Ravichander;Vishal Dadlani,Hip-Hop,hip-hop,Energetic,workout;driving,150.0,0.59,0.822,0.438,0.236,0.0,0.056,0.678,-5.265,304920,59
42WMe5zPEsdXs5N0mpSoWk,花に亡霊,ヨルシカ,Pop,j-pop,Romantic;Chill;Nostalgic,commute;cooking,90.01,0.645,0.45,0.413,0.573,0.0,0.0482,0.0768,-6.628,241226,1
4SfpApdKSCNN2ABdMjSYnD,介乎法國與旺角的詩意 - Live,my little airport,Pop,cantopop,Chill,commute;cooking;driving,142.972,0.494,0.53,0.584,0.284,0.00162,0.0404,0.995,-12.234,141308,32
10MaP5YHR8014q2wq6SHlW,Sunday Morning,Alinka,EDM,chicago-house,Dark,workout;studying;commute;driving,126.013,0.735,0.729,0.284,9.59e-05,0.879,0.0519,0.0761,-10.908,351085,13
6YbhspuOar1D9WSSnfe7ds,"Young, Wild & Free (feat. Bruno Mars)",Snoop Dogg;Wiz Khalifa;Bruno Mars,R&B,funk,Happy,commute;cooking;driving,94.505,0.553,0.652,0.551,0.0897,0.0,0.206,0.111,-6.685,207346,68
0Yotveqn4dHS0JfFg6sdEM,Encaixe Perfeito,Swing & Simpatia,Latin,pagode,Happy,commute;cooking,83.289,0.532,0.689,0.553,0.565,0.0,0.161,0.478,-9.248,240546,46
5GG5P7jC6ikxnzFSWmsPi2,Impossível de Esquecer,Fernanda Brum E Eyshila,R&B,gospel,Dark,commute;driving,146.029,0.549,0.626,0.355,0.282,0.0,0.0277,0.195,-5.919,271162,40
4H8EmS0t1zazZlAoUd3awI,Ser Mais Simples,CPM 22,Rock,emo,Energetic,workout,140.047,0.599,0.909,0.486,0.000683,0.0,0.0484,0.0686,-4.729,216920,38
1MTQHCpraD4S8g5PAFKzoj,Behind Blue Eyes,Limp Bizkit,Rock,alternative,Sad;Chill,commute,120.315,0.595,0.489,0.0902,0.497,0.0,0.0271,0.119,-6.66,269973,74
3nCBLuL3Yi5KybXotzHd7X,Como Tu,Ralphy Santi;Tito Allen,Latin,salsa,Happy;Chill,commute;cooking,84.613,0.638,0.588,0.849,0.626,3.12e-06,0.0357,0.294,-11.756,356640,32
1e806Bcl0zWAr4Q3YhaMJD,The Future,Tube & Berger;Goatchy;Frank Sonic,EDM,techno,Happy,commute;party;cooking;driving,123.033,0.759,0.603,0.544,0.0668,0.237,0.044,0.656,-9.085,211371,53
0HiPErvTKTysE3iQy2n5XV,Sivanukku Isainthathu,Sirkazhi Govindarajan,Classical,classical,Calm;Nostalgic,studying;sleep,137.78,0.434,0.265,0.574,0.95,0.0,0.0699,0.485,-12.428,263853,32
6bl2cA03RSC3uodBpq66Jt,The Child In Us,Enigma,Chill,new-age,Dark,commute;driving,90.051,0.488,0.708,0.431,0.17,0.272,0.0407,0.222,-11.577,306066,57
0Qv1xmPwI57jlxymEy565g,"La bohème, SC 67 / Act 2: ""Arranci, datteri!""",Giacomo Puccini;Rolando Panerai;Gianni Maffeo;Luciano Pavarotti;Mirella Freni;Schöneberger Sängerknaben;Chor der Deutschen Oper Berlin;Berliner Philharmoniker;Herbert von Karajan,Classical,opera,Dark;Chill;Nostalgic,studying;commute;driving,108.247,0.359,0.517,0.39,0.966,0.771,0.0949,0.765,-13.837,172706,29
3aUTsgII9iDaA4RabiMk9O,La yumba,Osvaldo Pugliese,Latin,tango,Romantic;Chill;Nostalgic,studying;commute;cooking,120.971,0.664,0.405,0.534,0.949,0.237,0.0406,0.129,-10.656,167733,17
5s8u5uW7zXvWfes7xh0Gr8,獲獎人,Ronghao Li,Pop,mandopop,Sad;Chill,commute,123.93,0.598,0.473,0.218,0.592,0.0,0.0276,0.113,-7.11,240777,49
7Ij1B22a0APAMo972a9KH1,Prelude (Live),Yanni,Chill,new-age,Sad;Calm,studying;sleep,84.345,0.127,0.204,0.0397,0.968,0.455,0.042,0.243,-14.33,321133,39
3nc420PXjTdBV5TN0gCFkS,Ocean (feat. Khalid),Martin Garrix;Khalid,EDM,edm,Dark,commute;driving,139.912,0.506,0.693,0.221,0.584,9.58e-05,0.0412,0.0891,-7.265,216419,69
3p7PTLBM9ZLakDzVOqH2Q4,Bien Bohemio - En Vivo,Julio Sosa,Latin,tango,Happy,commute;cooking;driving,119.611,0.509,0.636,0.871,0.897,3.29e-06,0.0729,0.437,-8.064,200572,17
5jcs5wuDJyECUgkoJqQUbE,Foi Você Quem Trouxe - Ao Vivo,Lauana Prado,Latin,sertanejo,Energetic,workout;driving,179.903,0.522,0.814,0.422,0.0569,0.0,0.0696,0.585,-3.247,175274,45
4kZhLfs3nsJu8JBqEXdxNW,"June 24, 2022: Parade of Planets",Sleeping At Last,Chill,ambient,Sad;Calm,studying;sleep,65.166,0.244,0.16,0.0776,0.971,0.772,0.0345,0.387,-15.389,214320,45
5suPlHh7OaPtTiIAwAvyec,Love Can't Turn Around - Album Edit,Jesse Saunders,EDM,chicago-house,Happy;Energetic;Motivated,workout,122.125,0.664,0.855,0.924,0.00965,0.000173,0.0482,0.137,-10.03,237988,17
0LHNrwn2e5SoKRTcNGRE15,Goodnight,Tony O'Connor,Chill,new-age,Sad;Calm,studying;sleep,110.537,0.391,0.0192,0.0865,0.876,0.000475,0.0652,0.0932,-24.678,341426,20
6d48lKUZig9jlzUXHr7QMz,Volver,Adriana Varela,Latin,tango,Calm;Nostalgic,studying;sleep,105.578,0.555,0.0805,0.573,0.817,0.0,0.0576,0.212,-16.968,220148,23
3sr7kWetNpobjNZeSUGvWH,Dile,Don Omar,Hip-Hop,hip-hop,Happy;Motivated,commute;party;driving,94.04,0.822,0.744,0.747,0.173,7.03e-05,0.094,0.0692,-6.096,206986,1
2109dBho14Lqh2wr8goqAP,Enna Solla - The New Life of Tamizh,Anirudh Ravichander;Shweta Mohan,Hip-Hop,hip-hop,Happy;Romantic;Chill,commute;cooking;driving,109.891,0.621,0.515,0.657,0.616,0.000137,0.0453,0.11,-9.019,215999,62
49WyRJd7l5RRz57SorxBFa,Mil Motivos,MC Cebezinho,R&B,funk,Romantic,commute;cooking,160.005,0.841,0.406,0.697,0.467,0.0,0.218,0.0927,-6.655,198000,46
2lgnhNEDw15bHUCrpVEjoE,Tierra Viva,Nana Mouskouri,Classical,opera,Sad;Calm;Chill,studying,136.986,0.266,0.341,0.192,0.802,0.0,0.0349,0.122,-13.864,214866,21
5oibpY8nzNR2uCPKMzLeK0,Calling My Spirit,Kodak Black,Hip-Hop,hip-hop,Calm,commute,120.007,0.918,0.362,0.744,0.116,0.0,0.0905,0.263,-9.943,152000,0
3bDkaK29SjZsgGPWhF4ABU,Tähdet meren yllä,Reijo Taipale,Latin,tango,Calm;Romantic;Chill;Nostalgic,studying;commute,116.279,0.551,0.36,0.589,0.864,0.000259,0.0316,0.38,-9.791,189933,24
3sqRODOZ1Z6hR4F2tnFAlg,Sakhiyaan,Maninder Buttar,Hip-Hop,hip-hop,Dark,commute,83.001,0.706,0.674,0.359,0.3,0.0,0.044,0.202,-5.932,179325,73
1gj9poFl2mLKkguqWo5Y1i,Goodness of God - Live,Bethel Music;Jenn Johnson,Chill,ambient,Dark,commute;driving,126.142,0.466,0.67,0.395,0.155,0.0,0.0297,0.145,-4.701,296400,66
0P9Kg7MUJ8ygcKSOPh1LfJ,Burn The Witch,Queens of the Stone Age,Rock,alt-rock,Energetic,workout;studying;driving,124.649,0.452,0.819,0.423,0.175,0.69,0.0863,0.224,-4.394,217213,0
0Dy1Q2uUKII4asOHvexBn9,All With Love,Ömer Balık,EDM,deep-house,Sad,studying;commute,104.993,0.756,0.462,0.278,0.175,0.844,0.0292,0.0987,-8.584,204042,45
3U3gHqRwjam6CxwW68m30z,Resume,Lil Tjay,R&B,r-n-b,Romantic,commute;cooking,143.026,0.821,0.485,0.41,0.324,0.0,0.411,0.105,-12.369,235023,66
68JioFRhzBZrpbON6KI6Zq,Severance,The Amity Affliction,Rock,metalcore,Energetic;Dark,workout,86.73,0.326,0.978,0.189,0.000405,1.17e-06,0.158,0.257,-4.566,310640,24
0fqveSCZR2TqGAtEid72Ua,Music For Growing Flowers - Pt. 8,Erland Cooper,Chill,ambient,Calm;Nostalgic,studying;sleep,76.219,0.402,0.0275,0.365,0.963,0.896,0.0686,0.125,-25.462,73678,58
05QsnIXjPo4ZUhvlV1JxfA,Amanhã - Ao Vivo,Sorriso Maroto,Latin,pagode,Happy;Motivated,workout;commute;driving,140.038,0.62,0.746,0.763,0.505,0.0,0.0461,0.702,-8.475,238960,52
7CRq6EqepmU0tCp21MFkeq,Santa Claus Go Straight To The Ghetto,James Brown,R&B,funk,Happy,commute;cooking;driving,139.608,0.639,0.61,0.812,0.481,0.0,0.0446,0.203,-6.101,181052,0
2biGEMYnKkiqJXkS8Koiaw,Kentucky,Panopticon,Rock,black-metal,Calm;Romantic;Chill,studying;commute,99.951,0.456,0.399,0.689,0.644,0.656,0.0311,0.231,-16.311,201066,18
5025qrQ61sslcVl5yw6Lo2,I Can Wait Forever,Simple Plan,Rock,punk-rock,Dark,workout;commute;driving,142.772,0.39,0.734,0.227,0.00346,2.84e-06,0.035,0.103,-5.042,294320,36
3CETF61rL91bv64krXGudM,孤家寡人,鄭進一,Pop,mandopop,Happy,commute;cooking;driving,105.783,0.744,0.519,0.783,0.157,0.0,0.031,0.165,-10.583,245666,21
2DQ30rtQ1rpBvGItmoYrAr,Gratidão,Mc Kelvinho,R&B,funk,Dark;Nostalgic,commute;driving,163.894,0.777,0.559,0.325,0.623,0.0,0.488,0.0965,-8.435,156603,43
4ngIVcfL0Pm564bTpDIS8H,Po Ve Po - The Pain of Love,Anirudh Ravichander;Mohit Chauhan,Hip-Hop,hip-hop,Dark,commute,89.98,0.568,0.62,0.347,0.489,2.16e-05,0.0358,0.108,-6.874,254280,61
0SLjeqwh5iy8DZcaGNIaHJ,King for a Day,Faith No More,Rock,alt-rock,Energetic;Dark,studying,102.383,0.421,0.871,0.384,0.00608,0.411,0.0351,0.19,-9.193,395093,1
1YKxG3dyZs0vaEtHkKQDA8,Bandolera,Julianno Sosa;Keed Baby,Latin,latino,Dark,commute;driving,92.01,0.742,0.652,0.0923,0.189,0.000763,0.0473,0.0962,-7.455,245288,38
14dJexYlvd3t3XAtD1pYW1,Oh Caroline,The 1975,Rock,alt-rock,Happy;Energetic;Motivated,driving,96.538,0.646,0.85,0.819,0.363,4.01e-05,0.0428,0.0994,-5.466,212568,76
3nxRHGSdTr6lwc2QCrRAEv,Eterno Amor,Sampa Crew,R&B,funk,Dark;Chill,commute;driving,142.0,0.696,0.581,0.268,0.435,6.59e-06,0.0628,0.667,-10.402,260533,43
5u9OEVZhW70Dt59Y592rsN,O Valor Do Homem,Gerson Rufino,R&B,gospel,Happy,commute;party;cooking;driving,105.034,0.714,0.655,0.54,0.224,0.0,0.0298,0.375,-5.953,227933,39
15IuOb99czEVjmWHXCEGBJ,Ni Siquiera Entre Tus Brazos,Ella Es Tan Cargosa,Rock,alt-rock,Happy;Motivated,workout;commute;driving,134.986,0.63,0.715,0.765,0.0265,0.0,0.0271,0.245,-6.385,214213,51
3cdX1QGG3nH0l9ELypSxr1,Te Quise Olvidar,Angelica Maria,Rock,rock-n-roll,Chill;Nostalgic,commute,100.011,0.433,0.469,0.372,0.74,0.000547,0.0263,0.498,-4.98,204000,28
5masKPHeAOVNgxdLebIcK7,Stole the Show,Kygo;Parson James,EDM,edm,Dark,commute;cooking;driving,100.034,0.64,0.635,0.475,0.271,0.0,0.226,0.319,-7.565,223186,75
6TQWVAaeaVwGxgb9FzYyVC,Você Aprendeu A Amar? (feat. Emicida),Priscilla Alcantara;Emicida,R&B,funk,Romantic;Chill;Nostalgic,commute;cooking;driving,129.95,0.612,0.548,0.565,0.513,2.34e-05,0.0567,0.127,-7.931,220149,46
7bw1XVQuxg9SmXsoaBWcjJ,Queen Of Heresy,Cruel Force,Rock,black-metal,Energetic,workout;studying,186.646,0.188,0.984,0.446,1.62e-06,0.847,0.0945,0.195,-5.223,216213,19
4wVcyEfn3l0RH3vOFn4CAb,As One We Survive,The Agonist,Rock,death-metal,Energetic;Dark,workout,119.931,0.279,0.974,0.314,1.56e-05,5.95e-05,0.168,0.352,-4.95,220560,23
70rsxgG3v35GlBGUu3AsIY,The Bond,Stick To Your Guns,Rock,metalcore,Energetic;Dark,workout,140.06,0.283,0.978,0.164,3.58e-06,0.0141,0.125,0.081,-4.059,156626,27
2Gpk1rtu5wVUCMQH86kErs,Peace,Bethel Music;We The Kingdom,Chill,ambient,Sad;Calm,studying;sleep,118.003,0.553,0.127,0.178,0.953,0.0,0.0336,0.104,-13.067,297293,52
4M8waY2JnpO8cCckw5wk28,Raridade,Anderson Freire,R&B,gospel,Dark,commute;driving,133.983,0.498,0.622,0.184,0.478,0.0,0.0334,0.891,-5.419,294614,38
0u7USVAbOBTRfC9io56mjX,君に会うまでは(2006),Shogo Hamada,Rock,j-rock,Sad;Chill;Nostalgic,commute,106.344,0.388,0.481,0.318,0.651,0.0,0.0283,0.118,-6.353,260426,32
0wAZxpKxIVcRsBLja2n2Ux,Meu Instinto,Diogo Nogueira,Latin,samba,Happy;Energetic;Motivated,workout;party;driving,170.098,0.722,0.782,0.833,0.207,0.0,0.0696,0.238,-7.762,208056,38
0G1BEi8ByngMCJqcPnDACw,Eddie,Red Hot Chili Peppers,Rock,alt-rock,Energetic;Motivated,workout;driving,142.011,0.515,0.809,0.525,0.00455,0.0723,0.0512,0.0905,-5.817,341986,66
63mwx3CdqgxPOEOGXvhuZN,Alien Turned Human,Astrix,EDM,trance,Energetic;Dark,workout;studying;driving,135.991,0.382,0.83,0.0345,0.000354,0.81,0.0662,0.152,-8.322,488823,41
2KZco8cIC4A2jD3kkP6cAO,Il Canto,Il Volo;Plácido Domingo,Classical,opera,Sad;Chill,commute,128.237,0.254,0.459,0.138,0.896,0.00709,0.0343,0.106,-7.836,268626,19
51hrri99KuNwhALxbRRJnq,Rule Over (Putt Jattan Dey),The Landers,Hip-Hop,hip-hop,Romantic;Chill;Nostalgic,commute;cooking;driving,106.652,0.681,0.549,0.549,0.66,0.0,0.399,0.0936,-10.269,140800,65
5O2DjF5mJJwJoTkPNcQGrZ,"Mazhai - From ""Kaalidas""",Sudha Ragunathan,Classical,classical,Romantic;Chill,commute;cooking;driving,94.952,0.411,0.568,0.431,0.388,9.18e-06,0.0412,0.106,-7.356,248843,32
1PofW4c6W0SngeHYOHyEtV,Alfa E Ômega - Ao Vivo,Eli Soares,R&B,gospel,Romantic;Chill;Nostalgic,commute;cooking;driving,123.926,0.605,0.575,0.426,0.461,0.000355,0.0467,0.975,-9.203,290666,41
5QI6FhcgznHv4V0PbJWlaT,Clichê - Ao Vivo,Sorriso Maroto,Latin,pagode,Energetic;Motivated,workout;driving,148.042,0.582,0.844,0.547,0.708,0.0,0.0431,0.913,-5.777,227133,42
5PhK0I3glZ7vzU0Nkvvc8P,Se Dice De Mi,Tita Merello;Francisco Canaro Y Su Orquesta Tipica,Latin,tango,Romantic;Chill;Nostalgic,commute;cooking,128.281,0.594,0.475,0.454,0.856,0.0,0.311,0.413,-11.088,208760,18
4pqLCx6bMXg8MSMWjknKtZ,Nascer de Novo,Rayssa e Ravel,R&B,gospel,Happy;Motivated,commute;driving,105.53,0.612,0.716,0.682,0.03,3.26e-05,0.0245,0.149,-5.38,260295,37
2aTKrdenCq5qBOoJPFdn4P,Here's Your Perfect,Jamie Miller,R&B,soul,Romantic;Chill;Nostalgic,commute;cooking,113.12,0.558,0.454,0.424,0.499,0.0,0.0551,0.146,-5.335,158594,78
4AZ0PQq1bL575nKKfrmhzq,Muito Sagaz,MC Hariel,R&B,funk,Dark;Chill,commute,88.413,0.55,0.569,0.295,0.526,0.0,0.347,0.0789,-6.943,162461,55
1RUKoAMk3lluNoQYDMKs71,千個太陽,Deanie Ip;Elisa Chan;散芬芳合唱團,Pop,cantopop,Happy,commute;cooking,77.74,0.511,0.676,0.601,0.0993,0.0,0.028,0.0893,-7.468,237853,25
4osxJNBTFLCMUhXThxGClU,PlantedInMyMind.Memo,Charlie Burg,R&B,soul,Calm;Nostalgic,studying;sleep,59.219,0.511,0.114,0.508,0.969,0.00038,0.0362,0.0887,-16.031,89072,58
5njxP9WGjvDKHOad9rxmpv,Libera Eu,Bokaloka;Di Propósito,Latin,pagode,Happy,commute;cooking;driving,151.994,0.663,0.664,0.907,0.819,0.0,0.0424,0.36,-7.248,161741,46
3425OMM9bb64VMNXXldLvU,Ray,Avoure,EDM,techno,Motivated,workout;studying;commute;driving,121.985,0.568,0.714,0.515,0.025,0.944,0.033,0.204,-7.375,414646,47
0wIzTydwwi9W0pKYhn4teB,Gordinho Saliente - Ao Vivo,Henrique & Juliano,Latin,sertanejo,Happy;Energetic;Motivated,workout;party,147.907,0.702,0.952,0.914,0.206,0.0,0.14,0.385,-3.386,169026,54
3wotj7DBWBhoWBLtyTYlKU,Dawn,George Winston,Chill,new-age,Sad;Calm,studying;sleep,133.476,0.41,0.00219,0.199,0.994,0.596,0.0589,0.132,-21.137,184346,22
50BYymJYX2k7hnmfiXnYXs,Naah,Jass Manak,Hip-Hop,hip-hop,Romantic;Chill,commute;cooking;driving,155.69,0.572,0.533,0.441,0.347,0.0,0.0645,0.0794,-5.062,185574,62
1QuEakfDCo0mHPBN02KYQ7,Massacre,Kim Petras,EDM,dance,Sad;Dark;Chill,commute,89.888,0.503,0.506,0.11,0.0989,0.0,0.0332,0.352,-7.554,206815,3
0oBudl7P9fqep8ghZpA6wH,I've Got My Love to Keep Me Warm (with Antonia Bennett),Tony Bennett;Antonia Bennett,Jazz,jazz,Calm;Romantic;Chill;Nostalgic,studying;commute,129.849,0.486,0.399,0.42,0.872,0.0,0.0285,0.102,-7.135,209106,39
5m2MpBfJ0OvpY2ECXwq1di,Too Long - Nice7 Remix,Romanthony;NiCe7,EDM,chicago-house,Energetic;Dark,workout,123.001,0.792,0.858,0.277,0.000642,0.111,0.0485,0.0478,-6.17,424623,10
1sTJ7xUvsloeRJjwdQyKSB,Acuérdate De Mí,Morat,Latin,latin,Sad;Dark;Chill,commute;driving,184.446,0.328,0.517,0.287,0.266,0.0,0.0777,0.262,-6.124,221063,2
0z2Avp7PJ31q4Cvp7GyH3R,Saudade de Nós / Coisas do Amor (Fã de Carteirinha) - Ao Vivo,Turma do Pagode;Pixote,Latin,pagode,Happy,commute;cooking,88.17,0.63,0.678,0.628,0.551,0.0,0.111,0.12,-7.327,300496,49
0MjRVFwfhP2auEevtKcESF,Tapf Naar Tapf - Special Krew Remix Radio Edit,Immer Hansi;Special Krew,EDM,hardstyle,Happy;Energetic;Motivated,workout,149.94,0.56,0.995,0.86,0.00826,1.28e-05,0.0737,0.753,-3.726,132788,31
1tCWnejv08195hF9ZSS3X3,Pon De River Pon De Bank,Elephant Man,EDM,j-dance,Happy,commute;cooking;driving,101.087,0.692,0.677,0.848,0.0741,0.0,0.371,0.111,-6.225,239786,24
1L4yGRHF6SPY4U1jpbroSm,Sound Of Wind Driven Rain,Will Ackerman,Chill,new-age,Sad;Calm,studying;sleep,96.802,0.298,0.16,0.057,0.791,0.957,0.0321,0.11,-17.948,494400,25
4FwfiZYw2hm4CkoZctZIDq,Em Plena Lua De Mel (Dina),Reginaldo Rossi,Pop,j-pop,Energetic,workout,79.471,0.365,0.87,0.483,0.0981,0.0,0.266,0.304,-6.544,202613,47
47rHibRVRgr6TR9ILGfxbL,Ultraviolência,Surra,Rock,death-metal,Energetic;Dark,workout,115.97,0.322,0.996,0.399,0.00208,3.83e-05,0.11,0.178,-2.906,124323,29
3L3s97R0738xGQ2VqB12qo,Drown (feat. Clinton Kane) - Alle Farben Remix,Martin Garrix;Clinton Kane;Alle Farben,EDM,progressive-house,Energetic;Dark,workout,123.889,0.679,0.852,0.393,0.0972,6.59e-05,0.0501,0.0978,-5.007,169270,49
5eGsHi6RcL33gb9k89UYaB,Schedule,Tegi Pannu;Manni Sandhu,Hip-Hop,hip-hop,Happy,commute;cooking;driving,92.434,0.826,0.581,0.787,0.518,2.49e-06,0.21,0.0703,-6.425,148376,72
4RbRZYPR7Dwg8WRNn4UA8m,Racks and Rounds (feat. Sikander Kahlon),Sidhu Moose Wala;Sikander Kahlon,Hip-Hop,hip-hop,Happy;Energetic;Motivated,workout,88.014,0.657,0.836,0.837,0.376,0.0,0.127,0.0919,-3.399,225000,63
1S5nq7DelsGNc4DVFaJHul,Arrancacorazones - Acústico en Vivo,Attaque 77,Rock,punk-rock,Energetic;Dark,workout;driving,125.572,0.385,0.838,0.274,0.23,0.0,0.0369,0.91,-6.051,226000,39
4ZuJKSF9NsbxV42I7E1iK6,Tchaco Tchaco,La Furia,Latin,pagode,Happy;Energetic;Motivated,workout,128.972,0.524,0.883,0.882,0.536,0.0,0.102,0.52,-5.567,139786,43
0GNZDavApH4FCUccVoFt5n,No Te Burles,Adolescent's Orquesta,Latin,salsa,Happy;Motivated,workout;commute;party;driving,110.092,0.766,0.749,0.94,0.495,0.0,0.0522,0.305,-4.808,250914,34
3BHR1mJOqn2UZyq98YKPgd,Typa Girl,BLACKPINK,Pop,k-pop,Happy,commute;cooking;driving,131.966,0.918,0.585,0.519,0.0627,0.0,0.0889,0.624,-7.781,179172,82
5Qd6E8tsImeyOgf0JcsZ7x,No Te Quiero Perder,Banda Los Recoditos,R&B,r-n-b,Calm;Chill,studying;commute,140.105,0.697,0.399,0.916,0.611,2.06e-05,0.0375,0.064,-6.013,208320,0
1pP5Fio1IC3B4TITdeZBLa,EU FODO MESMO X FODE NA ONDA,DJ P13;Mc Gw;Mc Nauan,R&B,funk,Energetic;Dark,workout,130.033,0.826,0.893,0.0367,0.472,0.000879,0.27,0.0639,-2.178,185000,42
1wUCk6Nh4c8XLAG0NdNIU5,"Overture and Three Contredanses, K.106: Overture in D, K.106",Wolfgang Amadeus Mozart;Wiener Mozart Ensemble;Willi Boskovsky,Classical,classical,Calm,studying;sleep,147.246,0.56,0.247,0.69,0.924,0.957,0.0601,0.0918,-13.534,59760,16
3qUDe886N8w7vTWYDLY7X3,Casinha branca,Fábio Jr.,Latin,mpb,Happy;Energetic;Motivated,workout;driving,123.944,0.578,0.757,0.652,0.575,0.0,0.0344,0.154,-6.481,231813,42
3NgDjqxOAEpwN98ngNYylN,"Verdi: Aida, Act 2: ""Pietà ti prenda del mio dolor"" (Amneris, Aida)",Giuseppe Verdi;Riccardo Muti;New Philharmonia Orchestra,Classical,opera,Sad;Calm,studying;sleep,83.306,0.255,0.166,0.112,0.983,1.82e-05,0.05,0.647,-18.352,115293,21
6uGo2qqzOGVjm1v0pvpXjb,Papo de surdo e mudo,O Rappa,R&B,r-n-b,Happy;Energetic;Motivated,workout,156.879,0.661,0.899,0.699,0.244,0.0921,0.0384,0.177,-6.62,341213,41
5h5NznbR6QVDFMXRN0fH3A,Out Of My League (with Kiesza),Brando;Kiesza,EDM,deep-house,Dark,commute;party;cooking;driving,118.027,0.83,0.661,0.474,0.00499,2.23e-05,0.0426,0.146,-5.49,151547,62
5r94qmV4MGCn2XdA5R37nn,Meu Ex Amor / Hoje Eu Quero Te Amar / Tem Nada a Ver / Te Cuida Coração - Ao Vivo,Humberto & Ronaldo,Latin,forro,Happy;Romantic;Chill,commute;cooking;driving,133.949,0.501,0.578,0.727,0.802,0.0,0.0289,0.216,-4.835,348544,43
0ADruIr9d1CYUUZKgw8zWp,Turning Page (Live),Sleeping At Last,Chill,ambient,Sad;Calm,studying;sleep,126.381,0.425,0.236,0.239,0.987,0.000772,0.0361,0.123,-8.765,257502,40
6cbW2scRULV7RnFT4u8gnA,Sidhu Son,Sidhu Moose Wala,Hip-Hop,hip-hop,Motivated,commute,82.825,0.571,0.732,0.584,0.116,0.0,0.154,0.378,-6.068,217142,59
2XZBEM4HjKutCsqicQb0h5,If I Only Had the Time,The Godfathers,Pop,power-pop,Happy;Energetic;Motivated,workout,139.114,0.398,0.871,0.76,6.49e-05,0.00607,0.0356,0.131,-9.384,149840,23
7H3mfOvtPNA8YDF3EdKy0L,Tum Hi Ho Bandhu,Neeraj Shridhar;Kavita Seth,Hip-Hop,hip-hop,Happy;Energetic;Motivated,workout;party,134.994,0.715,0.89,0.891,0.00111,0.000837,0.051,0.0297,-5.438,283693,71
5EE1IDPjm2vQ4sYqXEdM0s,"Berceuse in D-Flat Major, Op. 57",Frédéric Chopin;Wilhelm Kempff,Classical,classical,Sad;Calm,studying;sleep,97.2,0.368,0.0334,0.128,0.987,0.939,0.0326,0.135,-30.83,286466,0
2EnSzL1nt1ZOs6fPPvu9au,Rehashed,A Life Once Lost,Rock,death-metal,Energetic;Dark,workout,152.708,0.45,0.976,0.329,6.65e-06,0.309,0.101,0.177,-3.52,199266,23
6vsxQABOglnuZ2Nm5N831i,"Das Lied von der Erde: No. 2, Der Einsame im Herbst",Gustav Mahler;Sir Simon Rattle;Peter Seiffert;Thomas Hampson;City Of Birmingham Symphony Orchestra,Classical,classical,Sad;Calm,studying;sleep,94.686,0.151,0.0292,0.0369,0.985,0.467,0.0434,0.105,-28.677,583826,0
4AanDau58qmC16r3StYgjF,Me Dê Motivo,Tim Maia,Latin,mpb,Sad;Dark;Chill,commute,66.814,0.489,0.511,0.0958,0.0366,0.00631,0.0482,0.726,-9.273,433133,41
1iuljeYz6ZG3GTJOZZkoer,RGF Island,Fetty Wap,EDM,j-dance,Energetic;Motivated,workout;party;driving,137.98,0.746,0.764,0.518,0.00116,8.19e-06,0.0423,0.0867,-5.066,173893,59
006tmNZLXEXPqdb23wwSN1,Yemyeşil Bir Deniz,İlhan İrem,Pop,j-pop,Romantic;Chill;Nostalgic,commute;cooking;driving,127.184,0.486,0.568,0.65,0.652,0.0,0.0417,0.834,-9.199,358173,44
7e6Gh17UPn9ykTSmrxlXga,Melhor Rolê da City - Ao Vivo,Guilherme & Benuto;Dj Guuga,Latin,sertanejo,Happy;Energetic;Motivated,workout,119.929,0.676,0.861,0.671,0.186,0.0,0.168,0.454,-3.687,152226,46
5d8a5B6RlYnquvR4X4OIrX,Time Bomb,The Chainsmokers,EDM,edm,Happy,commute;party;cooking;driving,109.97,0.842,0.681,0.872,0.232,2.32e-05,0.0361,0.125,-5.73,203061,62
7LHqxlhat0OIf3gCOGnOGr,Age of Love - ARTBAT Rave Mix,ARTBAT;Pete Tong,EDM,electronic,Energetic;Dark,workout;studying;driving,124.988,0.566,0.774,0.0288,0.0284,0.896,0.0644,0.0562,-9.427,445440,52
70bPj2TrEILRHMzgGvmb6U,Foi Inevitável - Ao Vivo,Péricles,Latin,pagode,Romantic,commute;cooking;driving,128.051,0.546,0.619,0.412,0.533,0.0,0.0327,0.59,-5.509,188766,44
0UIrLwFq3cvTg5vBMmlfjp,Nejistá přítomnost,ŠKWOR,Rock,metal,Energetic;Motivated,workout;driving,115.011,0.603,0.789,0.506,0.000244,1.52e-06,0.029,0.101,-4.918,236506,42
35So3EqoTmTiRCVNR1pZ1T,Nothing To Forgive,Falconshield,Pop,power-pop,Dark,workout;commute;driving,119.993,0.508,0.75,0.407,0.302,1.31e-05,0.106,0.326,-8.373,260063,48
6ZtIzOd81bVOs5zp4Esn6l,"La bohème, SC 67 / Act 2: ""Chi guardi?"" - ""Ecco i giocattoli di Parpignol""",Giacomo Puccini;Luciano Pavarotti;Nicolai Ghiaurov;Mirella Freni;Gianni Maffeo;Gernot Pietsch;Schöneberger Sängerknaben;Chor der Deutschen Oper Berlin;Berliner Philharmoniker;Herbert von Karajan,Classical,opera,Sad;Calm,studying;sleep,171.921,0.262,0.276,0.16,0.966,0.0249,0.0636,0.933,-14.66,188426,28
3Lgn78EgTDPXc2YsK562eq,該如何放棄愛,Vivian Koo,Pop,cantopop,Dark,commute;cooking;driving,144.031,0.537,0.621,0.461,0.0735,0.0,0.0307,0.209,-6.579,235509,22
1H1WA6PzEJlqx3YQ2g3dH7,A Mala é Falsa,Silvanno Salles,Latin,forro,Happy;Energetic;Motivated,workout;party;driving,139.022,0.758,0.798,0.902,0.786,0.0,0.0306,0.343,-3.363,176065,43
6u9DQw3scxWEc07A7Si117,Beautiful People - Floorplan Remix,Barbara Tucker;Floorplan,EDM,chicago-house,Sad,commute,123.98,0.742,0.488,0.248,0.0473,0.0376,0.0256,0.139,-9.349,267312,17
3g83boWaVYaeEm5fORdbj4,Frühling,Paul Kalkbrenner,EDM,minimal-techno,Sad,studying;commute;cooking,129.98,0.758,0.481,0.44,5.16e-05,0.949,0.0365,0.615,-10.637,314226,23
3GAekGYLRRWGx0fSNhjZEU,RAIN,Jack Harlow,Hip-Hop,hip-hop,Dark,commute;driving,100.995,0.877,0.607,0.131,0.00181,1.69e-05,0.102,0.107,-6.736,196638,0
4OtqlH4UCGzV8fLy36STjE,Yaarum illa,Yuvan Shankar Raja;Anthony Daasan,Pop,k-pop,Happy,commute;cooking;driving,129.988,0.603,0.64,0.699,0.258,0.0,0.0318,0.349,-5.601,205435,58
35FdyUxBYDgm1cXCNf23kc,Thinking Out Loud,The Baseballs,Rock,rockabilly,Happy;Energetic;Motivated,party;driving,105.994,0.737,0.836,0.853,0.379,4.57e-06,0.0442,0.305,-8.039,253945,23
3WOAE5J3PGcec1oN605nQN,七百年後,Eason Chan,Pop,cantopop,Dark,commute;driving,140.051,0.484,0.625,0.308,0.672,0.0,0.0334,0.0796,-5.241,262360,44
6pEzb2WKU1YQxRIHc6k1LG,"Deep Sleep, Pt. 1",Liquid Mind,Chill,ambient,Sad;Calm,studying;sleep,74.775,0.156,0.126,0.0341,0.965,0.972,0.0389,0.106,-22.038,368226,26
1M75T97HUSByfvLskwNxkk,Fala Aqui Com a Minha Mão,Wesley Safadão,Latin,forro,Happy;Energetic;Motivated,workout,182.041,0.648,0.886,0.923,0.455,0.0,0.115,0.0797,-3.089,166944,39
7HnAXewQTDWHRZ2FNrVlZY,Revelation: Music in Pure Intonation: Night Vigil II,Michael Harrison,Classical,classical,Sad;Calm,studying;sleep,71.608,0.329,0.013,0.285,0.994,0.919,0.0486,0.0671,-33.238,187960,45
43SZcLQB8jtHMuDVDHTV5S,Duvido Você Não Tomar Uma - Ao Vivo,Simone & Simaria,R&B,funk,Energetic;Motivated,workout;party;driving,125.966,0.703,0.841,0.602,0.572,0.0,0.0522,0.848,-3.529,190619,47
68Xzn8inCgRs7AEMZoKYPq,Lost Honor,Surf Curse,Rock,punk,Happy;Energetic;Motivated,workout,159.888,0.445,0.924,0.845,0.0716,0.00962,0.0857,0.193,-3.442,239346,45
39BLzMSiXoUq3K2URCEOMD,L’Hymne à l’amour,Lara Fabian,Classical,opera,Sad;Dark;Chill;Nostalgic,commute;driving,111.94,0.549,0.516,0.311,0.75,0.0,0.0358,0.122,-6.693,368800,19
3MOj0hBykVVw2PgTOs2s6o,They Fear Me,Mavado,EDM,j-dance,Dark,commute;driving,139.961,0.676,0.61,0.36,0.0818,0.0,0.278,0.319,-7.044,265773,20
17goDezWdFNGxtnn4mIt7J,"Turandot / Act 1: ""Signore, ascolta""",Giacomo Puccini;Montserrat Caballé;London Philharmonic Orchestra;Zubin Mehta,Classical,opera,Sad;Calm,studying;sleep,80.908,0.228,0.0371,0.0551,0.988,0.0011,0.0479,0.0874,-23.965,159866,20
25FVKRD6XUowfcii9f4xOB,A Porta,Fredy Miller,R&B,gospel,Sad;Dark;Chill,commute;driving,131.969,0.475,0.515,0.139,0.00404,0.000369,0.0302,0.0903,-10.574,313590,41
71eDkFOgkFf979VV0FvzZG,Circle in the Sand - 7” Mix,Belinda Carlisle,Pop,synth-pop,Happy;Motivated,workout;commute;driving,126.022,0.625,0.745,0.763,0.0641,0.0,0.0441,0.133,-8.551,224120,27
63Y39bpBmgiKXs4hSJ0dD3,Blue Christmas,The Platters,R&B,r-n-b,Happy;Romantic;Chill,commute;cooking;driving,157.24,0.45,0.552,0.741,0.745,0.0,0.0391,0.707,-6.9,115573,0
3eLiYrRTjxmMA8OG7ArBmU,"12 Pieces for Piano, Op. 40, TH 138: No. 9, Valse",Pyotr Ilyich Tchaikovsky;Una Bourne,Classical,classical,Calm;Nostalgic,studying;sleep,132.362,0.334,0.168,0.496,0.99,0.753,0.0457,0.0349,-22.454,167800,0
6X8jY9ucVRdfd3gO5WChAR,"12 Variations in C Major on ""Ah, vous dirai-je Maman"", K. 265/300e: Var. 8",Wolfgang Amadeus Mozart;Jan Lisiecki,Classical,classical,Calm;Nostalgic,studying;sleep,117.11,0.459,0.0757,0.395,0.995,0.881,0.0488,0.16,-32.14,54853,14
71mHO4fFmS2Xu5XxZbcRND,Under The Influence (Body Language),Chris Brown,EDM,dance,Dark,commute;cooking;driving,144.835,0.62,0.62,0.459,0.0388,0.000213,0.0375,0.129,-6.322,148750,77
7B87dSMUgWM2Taj0EEXtjp,Abiogenesis,Carbon Based Lifeforms,Chill,ambient,Dark;Chill,studying;commute,89.986,0.285,0.55,0.0559,0.326,0.866,0.0414,0.128,-10.988,405010,40
1QcJ84DYiQERoBhckjYJN6,Can't Breathe,Jay Reeve,EDM,hardstyle,Energetic;Dark,workout,76.034,0.436,0.88,0.142,0.0126,0.00082,0.0616,0.283,-4.646,252236,21
2fsWMOeuSy3zoewdWSqyP0,Nada De Esquecer,Open Farra;Guilherme & Benuto,R&B,funk,Happy;Energetic;Motivated,workout;driving,155.994,0.626,0.787,0.759,0.352,0.0,0.067,0.0994,-4.566,158758,44
0fYVliAYKHuPmECRs1pbRf,Renegades,X Ambassadors,Rock,alt-rock,Energetic;Motivated,workout,90.052,0.526,0.862,0.528,0.0144,0.0597,0.0905,0.229,-6.003,195200,76
3qOTlNs5GLNeyEBNhX86Qs,The Outcast,Upon A Burning Body,Rock,death-metal,Energetic;Dark,workout,103.511,0.507,0.928,0.272,2.51e-05,0.00414,0.083,0.155,-4.678,231959,26
1bZpYr83rE4dO7CSP7OItN,Bare Hands,Deal Casino,EDM,j-dance,Happy,commute;cooking;driving,168.066,0.658,0.645,0.671,0.0223,0.0,0.139,0.129,-6.464,217607,24
0woXw7yRascjnmsjvwfgGn,Poder Pra Salvar,Hillsong Em Português,R&B,gospel,Energetic;Dark,workout;driving,146.022,0.425,0.775,0.291,0.0252,0.000207,0.0398,0.591,-6.842,312853,39
3OrRT1vFUUWOIzRtwSzib5,I Saw Mommy Kissing Santa Claus,The Jackson 5,R&B,soul,Motivated,workout;commute;driving,128.89,0.582,0.705,0.64,0.29,1.38e-06,0.0539,0.797,-8.169,181360,1
5Z5TrgVSwgPnXIS6JzMU8w,Si Nos Queremos Todavía,Alfredo De Angelis;Orquesta de Alfredo De Angelis;Juan Carlos Godoy,Latin,tango,Calm;Romantic;Chill;Nostalgic,studying;commute,118.328,0.512,0.373,0.532,0.904,3.64e-06,0.051,0.381,-7.808,174066,18
7oejXAcNuJwUqfU0ZcVupv,AUTOMOTIVO PARALELO,DJ MAVICC;DJ KS;DJ RD DA DZ7,R&B,funk,Motivated,workout;commute;driving,130.633,0.642,0.702,0.524,0.191,7.63e-05,0.151,0.4,-3.512,151354,43
2TjNLyK7wvb3gr5c1vXcUS,Not Alone: I'm Here For You,Project AER;v i v,Chill,ambient,Sad;Calm,studying;sleep,116.992,0.714,0.0593,0.0663,0.951,0.952,0.0389,0.0753,-22.9,131499,5
6QllOjKnpJiFxKI0jdRkv0,シンデレラ,COOLS,Rock,rockabilly,Happy;Energetic;Motivated,workout,161.622,0.392,0.993,0.852,0.0128,1.26e-06,0.0884,0.126,-1.623,179120,27
2pZbERJUZsfkKRn1EU1mgD,You Can Win If You Want,Modern Talking,Pop,synth-pop,Happy;Energetic;Motivated,party;driving,108.01,0.792,0.842,0.761,0.181,0.000185,0.03,0.0582,-7.589,229986,56
4czEkBpbwfA011GuG8y5YR,Vaga luna che inargenti,Vincenzo Bellini;Cecilia Bartoli;James Levine,Classical,opera,Sad;Calm,studying;sleep,183.035,0.271,0.014,0.097,0.994,0.00012,0.0676,0.121,-24.44,245327,0
5XHvLFENXejcEhj5kdLGt5,"Piano Concerto No. 1 in B-Flat Minor, Op. 23, TH. 55: 3. Allegro con fuoco - Live at Philharmonie, Berlin",Pyotr Ilyich Tchaikovsky;Evgeny Kissin;Berliner Philharmoniker;Herbert von Karajan,Classical,classical,Sad;Calm;Chill;Nostalgic,studying;commute,135.92,0.378,0.379,0.347,0.961,0.835,0.136,0.682,-16.888,526706,0
6TTMOyQ0hddGKDf9NAB3vu,One Day Like This,Sarah Brightman,Classical,opera,Sad;Chill,commute,79.722,0.317,0.482,0.0901,0.444,0.0274,0.0315,0.101,-8.687,366400,20
173WXKU5s2XDjN8lJ3SDdb,The Lighthouse Keeper,Sam Smith,Pop,pop,Sad;Calm;Nostalgic,studying;sleep,130.721,0.394,0.17,0.315,0.889,0.0,0.0451,0.105,-10.368,247493,1
6Dc2tCivms1s2X9myWe4ni,Tuyo (Narcos Theme) - A Netflix Original Series Soundtrack,Rodrigo Amarante,Latin,mpb,Romantic;Nostalgic,commute;cooking,112.219,0.72,0.422,0.546,0.474,0.0847,0.069,0.155,-13.338,89293,65
1LyHUCk0DkvYwl7wFX1nMi,"Verdi: Aida, Act 2: ""Ma tu, Re, tu signore possente"" (Amonasro, Aida, Schiave, Prigionieri, Ramfis, Sacerdotesse, Amneris, Il Re, Popolo)",Giuseppe Verdi;Riccardo Muti;New Philharmonia Orchestra,Classical,opera,Sad;Calm,studying;sleep,107.174,0.317,0.241,0.179,0.992,0.00102,0.0526,0.759,-14.162,104026,20
239SrBPZi0xs1OQZmedr6q,A Tribe Called Kotori,Oliver Koletzki,EDM,minimal-techno,Sad;Chill,studying;commute,95.0,0.627,0.496,0.0801,0.71,0.831,0.0396,0.343,-11.866,370453,47
3v830vuEbG5iX9drGk9Hge,Justa Groove,Aaron Carl,EDM,detroit-techno,Happy;Energetic;Motivated,workout;studying;party,127.03,0.972,0.868,0.933,0.00502,0.884,0.33,0.103,-8.89,303397,6
1kkCeMpEx707LGM1nh9uyG,Love is in the Air,48th St. Collective,Jazz,jazz,Calm;Romantic;Chill;Nostalgic,studying;commute,108.062,0.64,0.395,0.439,0.79,0.12,0.0264,0.0946,-11.977,171039,0
4q03M26EkNeEquxx8iieyS,I Write Sins Not Tragedies,Panic! At The Disco,Rock,rock,Energetic;Motivated,workout;driving,170.076,0.565,0.792,0.639,0.0913,0.0,0.132,0.114,-4.983,187613,3
712ukvLX20rwHuTWg7Gcjb,Violent Revolution,Kreator,Rock,death-metal,Energetic;Dark,workout,144.04,0.506,0.994,0.205,0.000176,0.0152,0.0935,0.155,-5.733,294800,51
0RK3rIJW884dpTq89P21NN,Debes Saberlo,Almafuerte,Rock,heavy-metal,Energetic;Motivated,workout,160.476,0.18,0.956,0.614,0.000204,2.27e-06,0.0737,0.0834,-4.597,206608,30
7hYd46C5iQqk2SkJk0uGB8,Standing In The Rain,Al Green,R&B,funk,Happy;Motivated,workout;studying;commute;party;driving,112.859,0.854,0.747,0.967,0.00638,0.763,0.038,0.135,-6.685,188773,0
0dBdzZyVg8ldxFAVoRtXP6,Alles passiert,Die Toten Hosen,Rock,punk-rock,Dark,commute,76.023,0.603,0.626,0.317,0.0669,0.0,0.0271,0.218,-4.58,247453,36
6XyWxPJ15ImnfAth52dll1,struggle,Tove Lo,Pop,synth-pop,Energetic;Dark,workout;driving,183.76,0.447,0.757,0.124,0.0141,0.0,0.0994,0.122,-6.572,226495,44
1PbWcL0h8jVvLDsxKsg6EP,Butterflies,Kenny Larkin,EDM,detroit-techno,Sad;Calm,studying,120.006,0.778,0.321,0.332,0.000747,0.895,0.0588,0.0695,-17.08,541133,6
3KzJQN4N0TTyapAiCMt34o,hope you never forget,Sadness,Rock,black-metal,Energetic;Dark,workout;studying;driving,140.013,0.38,0.838,0.158,0.553,0.809,0.0627,0.0821,-7.602,702629,34
5neqOlgqFnrKlWOZiRK5Tq,Melanina (Participação especial de Léo Santana) - Ao vivo,Ferrugem;Leo Santana,Latin,pagode,Energetic;Motivated,driving,93.886,0.588,0.85,0.584,0.725,0.0,0.0946,0.98,-5.094,213821,44
6frUmrBTIa82iDqP8j0XI6,Just Want Another Chance - John Tejada Remix,Kevin Saunderson,EDM,detroit-techno,Happy,studying;commute;party;cooking;driving,126.011,0.808,0.615,0.631,0.0135,0.903,0.056,0.107,-9.077,401280,6
2nmfojpIbGRmDa2UCfddYW,WILLY,Tasha & Tracie;Pizzol,R&B,funk,Happy;Romantic,commute;party;cooking,70.924,0.713,0.632,0.741,0.434,1.59e-06,0.353,0.122,-7.692,165000,57
4YXpQWrMAZSTi1LNPuRhka,Harmonics,Kenny Larkin,EDM,detroit-techno,Dark,commute;driving,139.991,0.668,0.674,0.391,0.000585,0.00879,0.0393,0.0853,-12.947,438426,7
4sDsOUcpA53YU5HZ8A3VZT,In Your Eyes (feat. Alida) - LUM!X Remix,Robin Schulz;Alida;LUM!X,EDM,deep-house,Happy;Energetic;Motivated,workout;driving,128.017,0.692,0.777,0.694,0.123,3.03e-05,0.19,0.176,-5.472,203906,54
3HABbIG8wTNo4uV14yqxju,オヤスミのくちづけ,Ryuji Imaichi,EDM,j-dance,Sad;Chill,commute,145.901,0.54,0.483,0.278,0.515,0.0,0.0365,0.186,-7.844,255400,30
7B4S6JlIRHwj0NEVit4qWk,Warm And Tender Love,Percy Sledge,R&B,soul,Calm;Nostalgic,sleep,83.218,0.544,0.254,0.579,0.476,1.79e-05,0.0256,0.481,-13.058,184933,0
1vDK1yoxF0mOkckgDfPDj2,Baazi,King,Hip-Hop,hip-hop,Happy;Energetic;Motivated,driving,100.017,0.696,0.847,0.68,0.344,0.0,0.0312,0.171,-5.627,208800,59
1dsYCqVBPiK4P7UPjHHD21,Pink Lilies,Arovane,EDM,idm,Sad;Dark;Chill,studying;commute;driving,116.437,0.555,0.549,0.189,0.529,0.811,0.0776,0.0915,-8.868,240813,12
6EB454nVg2u6sbeCvWAPej,"Yaanji - From ""Vikram Vedha""",Sam C.S.;Anirudh Ravichander;Shakthisree Gopalan,Pop,pop,Romantic,commute;cooking;driving,132.896,0.692,0.624,0.487,0.368,0.0,0.0337,0.108,-6.492,270375,67
7MIN37CiVP1lVjqKNmLMWk,La valse d'Amélie,Yann Tiersen,Chill,ambient,Happy;Chill,commute;cooking;driving,192.07,0.433,0.564,0.855,0.713,0.275,0.0405,0.117,-8.917,135906,59
3nKitBLMtQNotadAdyEhox,Gonna Be a Darkness,The Jayhawks,Pop,power-pop,Dark;Chill;Nostalgic,commute;driving,137.104,0.478,0.546,0.371,0.493,3.27e-06,0.0351,0.197,-7.218,298346,21
51c0n7GwlM1eUtSq9B7a1v,Tea For Two,BLOSSOM DEARIE,Jazz,jazz,Sad;Calm,studying;sleep,102.338,0.439,0.0196,0.162,0.959,2.19e-05,0.0378,0.13,-25.34,204133,0
11p3Oa6Rl0GOvkPBmOIC4b,情歌,No Party For Cao Dong,Pop,mandopop,Sad;Calm;Chill,commute,133.564,0.433,0.337,0.208,0.0226,0.00212,0.0512,0.112,-9.992,256733,45
4v5PKC5rvQwb33NWX82UH8,Você e Eu (You and Me),Carlos Lyra,Jazz,jazz,Calm,studying;sleep,94.867,0.681,0.253,0.767,0.77,3.43e-06,0.0457,0.0919,-17.969,63506,40
3Oh2FwWbnKIAyUE2gToFYu,Blowing Up,KR$NA,Hip-Hop,hip-hop,Energetic;Dark,driving,99.019,0.842,0.776,0.287,0.0898,0.0,0.103,0.215,-4.195,247272,58
3dhESdAWCg5FCK0Yu8uyXP,Have Yourself A Merry Little Christmas,Toni Braxton;Babyface,R&B,soul,Sad;Calm;Chill,studying;commute,61.467,0.395,0.359,0.168,0.663,0.0,0.0295,0.118,-6.967,205400,0
5GvsJLEXJyToDg86RbNGd1,What Happened,Angerfist,EDM,techno,Energetic;Dark,workout,189.92,0.409,0.991,0.0518,0.024,0.000746,0.571,0.549,-1.672,146526,57
3jt1ZVIuluGkV0sWWLSUzw,Appointments,Julien Baker,Chill,ambient,Sad;Calm,studying;sleep,72.902,0.185,0.264,0.0576,0.94,3.13e-05,0.0333,0.0871,-9.29,273466,51
6pW1AQhs75Cc5WTgoRQ8vi,Saaral Mazhaiyaa,Stephen Zechariah;Kaushik Iyer,Hip-Hop,hip-hop,Dark;Chill,commute;driving,99.916,0.368,0.571,0.286,0.557,0.0,0.0451,0.889,-7.475,279066,58
43YIrEFQ9WyMbkZYyQat5U,Citas Clandestinas,Guayacán Orquesta,Latin,salsa,Energetic;Motivated,workout;party;driving,170.078,0.704,0.802,0.62,0.241,0.0,0.0752,0.102,-5.49,333325,28
1OyOTy8cZ5TGbMaHpfrQpY,Adiwele (Mixed),Young Stunna;Kabza De Small;DJ Maphorisa,R&B,soul,Energetic,workout;party;driving,115.702,0.779,0.782,0.485,0.0345,3.13e-06,0.0346,0.0707,-10.072,215725,10
5436OOhc4THarMSIJ5Ni9d,Suiton,7 Minutoz,R&B,r-n-b,Energetic;Motivated,party;driving,102.02,0.741,0.779,0.51,0.413,5.03e-06,0.0376,0.0491,-5.168,186686,42
1418IuVKQPTYqt7QNJ9RXN,Maan Meri Jaan,King,Hip-Hop,hip-hop,Dark;Chill,commute;driving,95.868,0.698,0.505,0.396,0.354,0.0,0.0356,0.0995,-8.242,194653,66
00zyfk3IEBnoWczoKV455E,Plano Perfeito,Stella Laura,R&B,gospel,Calm;Chill;Nostalgic,studying,91.306,0.346,0.315,0.362,0.882,0.0,0.0294,0.161,-7.52,278000,41
5poevcmYCOZ8uZQnUuOPxC,Always,The Him,EDM,deep-house,Dark,commute;driving,173.846,0.491,0.612,0.279,0.0699,0.0,0.0796,0.0946,-5.761,193103,61
7Bk0uXKk1uPT0XuQbpFzvs,Fiel,Los Legendarios;Wisin;Jhay Cortez,Latin,reggaeton,Motivated,commute;party;driving,98.005,0.849,0.701,0.505,0.407,0.0,0.06,0.112,-4.407,261665,75
3ndWKeYZ8IcrsIdFy3Gq2l,Switches & Dracs,Moneybagg Yo;Pooh Shiesty;Lil Durk;EST Gee,Hip-Hop,hip-hop,Happy,commute;party;cooking;driving,159.959,0.727,0.647,0.529,0.0329,0.0,0.28,0.246,-7.383,168620,0
00mO8JKk2wQ7VqdPcY1r4O,Peur des filles,L'Impératrice,Pop,synth-pop,Calm,commute;cooking,102.02,0.915,0.408,0.6,0.0796,0.158,0.0868,0.218,-10.705,208805,58
6PewkvpLRlVsOREVWViZOL,Never Let Go,Emphasis;Razzle,EDM,hardstyle,Energetic;Dark,workout,149.919,0.438,0.975,0.13,0.00129,3.04e-05,0.0453,0.304,-2.279,228800,19
10zTAGspuvyXqOyQcPDk3M,Não Vou Mais,Malibu;Gaab;Elana Dara,Latin,pagode,Romantic;Chill;Nostalgic,commute;cooking,114.995,0.649,0.475,0.409,0.558,0.0,0.0312,0.108,-7.312,185988,42
3AedlLCGKNhQdhtLzObIbR,Pasarela,Daddy Yankee,Hip-Hop,hip-hop,Happy;Energetic;Motivated,workout;party,121.048,0.839,0.907,0.737,0.101,0.0,0.0453,0.332,-4.259,193733,0
7GXGxQfT7SSYu2eSduDlIt,Deus de Milagres - Ao Vivo,Diante do Trono,R&B,gospel,Sad;Calm;Chill,studying;commute,128.91,0.31,0.386,0.137,0.714,0.0,0.0283,0.962,-8.984,394040,40
7tZku9Vp402YZ4wW2UYLU3,Bless Those Tired Eyes,Clem Leek,Chill,ambient,Sad;Calm,studying;sleep,136.903,0.301,0.198,0.04,0.889,0.871,0.0314,0.104,-18.721,232221,54
6JiGGZRe4Sh6T4u6oGRP8l,Faz Uma Loucura Por Mim,Malía,R&B,funk,Happy,commute;cooking;driving,135.948,0.72,0.553,0.523,0.152,0.0,0.0574,0.4,-6.384,217494,43
33bbZaSdhM9wsuLnC9iT8f,HOTEL LOBBY (Unc & Phew),Quavo;Takeoff,Hip-Hop,hip-hop,Dark,commute;driving,127.961,0.821,0.636,0.163,0.142,0.0,0.169,0.233,-4.479,142657,3
5tf1VVWniHgryyumXyJM7w,Sugar (feat. Francesco Yates),Robin Schulz;Francesco Yates,EDM,deep-house,Energetic;Motivated,workout;driving,123.063,0.636,0.815,0.636,0.0185,0.0,0.0581,0.163,-5.098,219043,76
1dVZeuQFWzSI22d3hPEncI,BOMBÓN,Daddy Yankee;El Alfa;Lil Jon,Hip-Hop,hip-hop,Energetic;Motivated,workout;party;driving,125.071,0.843,0.789,0.571,0.0028,2.41e-05,0.247,0.0322,-2.801,182413,8
2A5Q9jtBDkLa5ZUhkHugQx,Bhor Bhaye,Bade Ghulam Ali Khan;Shreya Ghoshal,Classical,classical,Romantic,commute;cooking;driving,123.427,0.421,0.637,0.514,0.848,7.74e-05,0.0764,0.298,-10.072,196951,31
6Xs9eaQXZaKfPkEyETxNl6,Night,Ludovico Einaudi;Amsterdam Sinfonietta,Chill,ambient,Sad;Calm,studying;sleep,106.705,0.21,0.179,0.06,0.962,0.934,0.0341,0.103,-15.954,330573,56
0u18jxSBZ6KiROZdORocA9,Voyage,Yanni;Miklos Malik,Chill,new-age,Romantic;Chill;Nostalgic,studying;commute;cooking,128.948,0.645,0.494,0.436,0.576,0.907,0.0282,0.222,-9.537,214253,34
3zptfwfioQPIHNstRSfGHG,Suantrai (Brahms Lullaby),Órla Fallon,Classical,opera,Sad;Calm,studying;sleep,79.276,0.332,0.0808,0.208,0.989,0.16,0.0498,0.107,-18.93,158600,24
1dj44gqRjWmPtoj495glKe,"Caught In Time, So Far Away",You'll Never Get to Heaven,Chill,ambient,Energetic,studying;driving,106.962,0.623,0.813,0.49,0.621,0.924,0.029,0.373,-5.385,228653,54
7lq08zctLOESidAM58kjq6,Almost Idyllic,Sleeping At Last,Chill,ambient,Sad;Calm,studying;sleep,77.77,0.239,0.11,0.111,0.978,0.945,0.0349,0.11,-18.247,135793,52
7uBroc53jwR7CErmQjAmDg,"Sonate pour violoncelle, RV 47: II. Largo",Antonio Vivaldi;Cet étrange éclat,Classical,classical,Sad;Calm,studying;sleep,97.295,0.124,0.00798,0.0376,0.818,0.934,0.0464,0.101,-26.94,201560,0
7bwtPl2Ihn4YElAvYA2Ljq,Too Late to Call an Ambulance,Psychonaut 4,Rock,black-metal,Energetic;Dark,workout;studying,119.988,0.432,0.927,0.277,0.00125,0.69,0.0555,0.339,-3.801,367000,36
5VmhdU1AoCTgu6vn2U2MSs,Milonga Sentimental (Remastered 2022),Carlos Gardel,Latin,tango,Calm,studying;sleep,97.226,0.708,0.17,0.771,0.979,4.69e-05,0.228,0.134,-14.726,179772,19
0Q8LxGTnTiAM5uVd5SQewC,Colcha de algodão - Ao vivo,Jorge Aragão,Latin,samba,Happy,commute;cooking;driving,168.564,0.543,0.601,0.841,0.717,0.00351,0.0543,0.278,-11.096,214626,36
0mGVuSHZ6y76GBhfnI61rn,The Sun Was In My Eyes: Part One,Woods Of Ypres,Rock,black-metal,Energetic;Dark,workout,119.956,0.341,0.905,0.2,0.00142,0.0132,0.135,0.488,-7.834,389653,18
0qif2VCV19Ewodgwe97sFJ,La Cancion De Los Dos,Grupo Yndio,Rock,rock-n-roll,Happy,commute;cooking;driving,105.418,0.604,0.663,0.584,0.282,0.0,0.0256,0.0909,-7.088,200359,37
0xI5jdGI7vPdYA61zVOY53,Saturnus,Hate,Rock,death-metal,Energetic;Dark,studying,95.992,0.408,0.965,0.0791,6.69e-06,0.77,0.0778,0.253,-4.1,270253,20
4LsMjCB4qt4RnWcJBiHrA6,ALWAYS,Yoon Mirae,Pop,k-pop,Dark,commute;driving,128.845,0.41,0.604,0.28,0.777,0.0,0.0331,0.312,-3.453,205192,61
2aYW6K8f6ESAqPINJHfmGn,Iluminada - Ao Vivo,Maria Bethânia,Latin,samba,Romantic,commute;cooking;driving,97.979,0.542,0.601,0.569,0.675,0.0,0.196,0.586,-9.094,127593,36
64ffnT5MhVJ6UpecXmDjou,I Am a Soul,Nibana,Chill,ambient,Energetic;Dark,studying,99.986,0.164,0.858,0.0336,2.52e-05,0.889,0.0374,0.102,-8.141,558000,28
4eP8Syl3aBEQw3Jy5Bhq0D,The Truth Untold,BTS;Steve Aoki,Pop,k-pop,Sad;Chill,commute,113.016,0.571,0.422,0.169,0.374,0.0,0.0422,0.127,-7.561,242292,62
12KqBvoGGgLRMgYSSBtHln,J’ai Zappé,Lara Fabian,Classical,opera,Dark,commute;driving,91.581,0.519,0.662,0.282,0.215,0.0,0.0379,0.0878,-7.268,305906,25
76QzXLy6G1kLWqw4Z9cRHq,寶貝不要哭(魔幻童謠),A Niu,Pop,mandopop,Calm;Nostalgic,studying;sleep,112.149,0.622,0.149,0.594,0.913,5.01e-05,0.0425,0.121,-11.91,159982,26
5VdAY7rQ2rzy0rVcm74XSB,Ariyathu Ariyathu,K. B. Sundarambal,Classical,classical,Calm;Nostalgic,studying;sleep,100.122,0.515,0.262,0.647,0.978,6.9e-05,0.239,0.639,-12.95,342960,29
3wMJQ5qeN02ljNn3lRMVka,Habits,Scott Bradlee's Postmodern Jukebox;Haley Reinhart,Jazz,jazz,Calm;Romantic;Chill;Nostalgic,studying;commute,116.556,0.548,0.364,0.506,0.86,0.0,0.0547,0.385,-9.465,215866,59
1ygGL7bqbGaduDaKHIvKBh,Casi Amor De Verano,Young Cister,Latin,latino,Happy,commute;cooking;driving,175.952,0.598,0.672,0.533,0.128,0.000178,0.15,0.0722,-6.656,210829,43
0tgVpDi06FyKpA1z0VMD4v,Perfect,Ed Sheeran,Pop,pop,Sad;Chill,commute,95.05,0.599,0.448,0.168,0.163,0.0,0.0232,0.106,-6.312,263400,87
0kUguV451c5jzdASysKaJh,Happy Together,Mel Tormé,Jazz,jazz,Chill,commute;cooking,121.048,0.624,0.413,0.787,0.468,0.0,0.0367,0.441,-8.991,152659,0
6gtyjq2dEcalt4WjK7TxZK,Llorar,El Mimoso Luis Antonio López,R&B,r-n-b,Happy,commute;cooking;driving,94.957,0.754,0.511,0.909,0.204,0.000709,0.0324,0.0931,-5.714,152560,43
6OEyhoOIPw0L0ZoPUd7dXZ,Gentle Maiden,Aine Minogue,Chill,new-age,Sad;Calm,studying;sleep,70.741,0.197,0.0486,0.139,0.989,0.909,0.0386,0.116,-20.362,292893,24
6JLUgBK5EuguMwF9fCvktx,Mama,Joe Arroyo,Latin,salsa,Happy;Energetic;Motivated,party;driving,106.258,0.712,0.836,0.828,0.448,3.59e-05,0.0408,0.242,-6.782,396880,28
5nCwjUUsmBuNZKn9Xu10Os,Celebrity,IU,Pop,k-pop,Happy;Energetic;Motivated,party;driving,99.995,0.73,0.784,0.673,0.191,0.0,0.0691,0.0956,-2.62,195546,68
2Zdd1LBFZaiKq5e5k2W2eW,Beyond The Invisible,Enigma,Chill,new-age,Dark,commute;driving,99.009,0.458,0.683,0.15,0.0793,0.0252,0.0319,0.137,-9.823,300026,42
022nJwdqNEHRazWpp55bWa,Quinta Real - MTV Unplugged,PXNDX,Rock,emo,Happy,commute;cooking;driving,164.543,0.41,0.621,0.576,0.175,0.0,0.0366,0.915,-8.465,245139,38
0Y1At6XhPnxfN3DHmyvN86,Ele Sempre Vem,Canção & Louvor,R&B,gospel,Chill;Nostalgic,commute,137.865,0.577,0.485,0.382,0.802,0.0,0.0268,0.13,-7.608,286247,40
18fjez7hjQ13XLSRqgtven,Cantata BWV 208 (Arr. William Walton): Sheep May Safely Graze,Johann Sebastian Bach;Boston Pops Orchestra;Arthur Fiedler,Classical,classical,Sad;Calm,studying;sleep,78.351,0.0965,0.2,0.238,0.967,0.958,0.0393,0.169,-16.97,283933,0
0T3ztAdKHMk66hFSrYdtHt,Monomom - Live,alva noto;Ryuichi Sakamoto,EDM,idm,Sad;Calm,studying;sleep,99.929,0.258,0.156,0.036,0.735,0.91,0.0351,0.0874,-20.845,412133,11
3lwG3gBIuVJJaCbGlrBl8W,Solo Para Ti,Alvaro Soler;Topic,Latin,latin,Happy;Energetic;Motivated,workout;party;driving,120.038,0.721,0.806,0.753,0.146,0.000319,0.0549,0.341,-6.279,198106,0
68BrFM98WyShOImDZ58sah,Do Vaari Jatt,Jordan Sandhu;Arjan virk,Hip-Hop,hip-hop,Motivated,commute,80.246,0.695,0.727,0.616,0.221,0.0,0.181,0.0911,-2.289,163580,58
3Nz3Im6gnMdutLbpi83Vim,Solidão,Alceu Valença,Latin,mpb,Chill,commute;cooking,118.215,0.568,0.48,0.646,0.285,0.0,0.0315,0.386,-9.571,191773,43
0PoBQpv26zm60OcEMgrb6B,My Fallen Friends (Slaughtered & Sliced Remix),DJ Red;Lester Roy;Chloe Lee,EDM,drum-and-bass,Chill,commute,95.533,0.666,0.418,0.39,0.00477,0.00777,0.197,0.132,-12.18,164550,22
4QjumZuFhDxilO1OKrK5Pl,Tainted,Max Wells,Rock,emo,Happy,commute;cooking;driving,132.04,0.753,0.51,0.702,0.249,0.0,0.0513,0.321,-5.501,175454,44
22BegAlT6OlfSPxyzKKFAv,說时依旧,梁文福,Pop,mandopop,Sad;Chill,commute,78.274,0.289,0.461,0.16,0.892,0.00709,0.0299,0.348,-8.007,255093,21
4N0TO4VfONQDwynV2khBL1,Unfuckwithable (Bonus Track from Moosetape),Sidhu Moose Wala;Afsana Khan,Hip-Hop,hip-hop,Happy;Motivated,commute;party,88.058,0.713,0.747,0.711,0.117,5.51e-06,0.128,0.451,-4.492,283636,59
2svGLVFmbtPze0z6p6vexA,Paripaalayama - Behag - Adi - Live,Sanjay Subrahmanyan,Classical,classical,Romantic;Chill,commute;cooking,167.836,0.402,0.493,0.67,0.888,0.000192,0.102,0.128,-10.52,301023,32
6yIzoSwijD3azfmYP3HPBp,"Symphony No. 8 in F Major, Op. 93: I. Allegro vivace e con brio (Live)",Ludwig van Beethoven;Allen High School Symphony Orchestra;David Devoto,Classical,classical,Sad;Calm;Nostalgic,studying;sleep,175.723,0.222,0.116,0.313,0.844,0.823,0.0363,0.69,-23.212,521159,0
3s5eF58FHyYXO4ckNWHWIB,Sem Razão,Doce Encontro,Latin,pagode,Romantic;Chill;Nostalgic,commute;cooking,74.897,0.616,0.571,0.414,0.401,0.0,0.039,0.11,-9.906,217880,42
7gTkklEGHCuuxKumTcEpNB,The Verdict,Joe Jackson,Pop,power-pop,Sad;Chill,commute,108.842,0.636,0.457,0.283,0.0153,0.0,0.0281,0.0934,-9.203,332200,25
3uB2mkp8ovjiuJA734dbGe,Chalo Chalein,Ritviz;Seedhe Maut,Hip-Hop,hip-hop,Chill,commute;cooking,76.176,0.461,0.5,0.572,0.00245,0.03,0.0614,0.116,-9.828,184370,59
2Wu9PNpLUCBl3W1GaPqkhl,"Morni Banke (From ""Badhaai Ho"")",Guru Randhawa;Neha Kakkar;Tanishk Bagchi;Panjabi MC,Hip-Hop,hip-hop,Happy;Energetic;Motivated,party,95.006,0.816,0.922,0.887,0.178,0.0,0.149,0.373,-2.963,198025,60
2bGm7xy64NrrXyVkLyssFU,Step Forward,Kite,Pop,synth-pop,Energetic,driving,101.985,0.536,0.79,0.467,0.00183,0.14,0.0631,0.107,-7.613,231580,24
5lyuwrwSG5C4kiyE7BJbRl,Just the Two of Us - Luxury Remix,Nenei;Javier Penna,Jazz,jazz,Happy,commute;party;cooking;driving,121.952,0.772,0.654,0.711,0.00428,0.146,0.0418,0.0991,-11.573,241000,1
0S5cs4lAkx99tGjoWS4Jtk,Only You (And You Alone),The Platters,R&B,r-n-b,Sad;Calm;Nostalgic,studying;sleep,80.049,0.486,0.231,0.303,0.936,0.0,0.0354,0.125,-12.06,156666,56
13b87C9TNBFKJAi9YB4Rr8,By This River - 2004 Digital Remaster,Brian Eno,Chill,ambient,Sad;Calm,studying;sleep,134.678,0.466,0.0155,0.0938,0.956,0.0461,0.034,0.126,-25.169,183493,55
14RBEuGzKwpt4DRPY5pAKx,Yellow Fountain,Melorman,EDM,idm,Chill,studying;commute;cooking,79.994,0.627,0.532,0.418,0.251,0.908,0.0417,0.16,-9.108,236000,14
7xAiAqrAdE6wyfUvwgMF1n,Tiger Lounge,Mr. Fingers,EDM,chicago-house,Calm,studying;commute;cooking,107.031,0.85,0.467,0.559,0.0217,0.931,0.0442,0.134,-9.319,262337,11
3FJXyk8If6iKw7S0vfuSAu,Sufocado / Volta Pra Mim / Alô - Ao Vivo,Clayton & Romário,Latin,sertanejo,Energetic;Motivated,workout;driving,163.915,0.474,0.823,0.551,0.567,0.0,0.06,0.527,-3.016,300955,48
0YoNL20XORC4ZuxlRLu3cM,DOLCE,Young Cister;Duki,Latin,latino,Dark,commute;party;cooking;driving,92.02,0.783,0.656,0.469,0.0678,4.92e-06,0.0491,0.17,-4.009,242006,42
4mimNv1Dfdtim4veiOwEA2,Desperado,Celtic Thunder;Ryan Kelly,Classical,opera,Sad;Calm;Nostalgic,studying;sleep,118.017,0.486,0.165,0.33,0.935,0.0,0.0329,0.157,-12.686,215586,24
2DYzsMQpO7xOw7b3JwyIWP,Кукла колдуна,Korol i Shut,Rock,punk-rock,Energetic;Motivated,workout;driving,148.6,0.386,0.796,0.635,0.0259,0.0,0.0413,0.124,-4.76,202040,57
6Ue3Pam5yCOWSjvzuZNOQP,Liga e Me Chama,MC Joãozinho VT;DJ BOY,R&B,funk,Calm;Romantic;Nostalgic,studying;commute,119.885,0.804,0.396,0.496,0.535,0.0,0.459,0.109,-9.372,260000,48
2Pte2iCourMA7TvNR3UFp6,Quejas de bandoneon,Tango Bardo,Latin,tango,Romantic;Chill;Nostalgic,commute;cooking;driving,120.061,0.48,0.525,0.602,0.719,0.0535,0.0383,0.302,-6.943,178173,23
73ucpKq91TuejrLHgzDNHK,Poison,Rita Ora,EDM,edm,Dark,workout;commute;driving,124.023,0.579,0.738,0.431,0.0821,1.52e-06,0.0542,0.232,-5.711,202906,68
5H5iBVWoHacLXdumAtzTzS,Sinais de Deus,Raquel Mello,R&B,gospel,Dark,commute;driving,124.833,0.614,0.634,0.277,0.245,0.0,0.0325,0.11,-5.265,243706,39
1HHliWPM9QbqLFmstYqbzb,Skyrim Theme (Dragonborn),Celtic Woman,Classical,opera,Romantic;Chill;Nostalgic,commute;cooking;driving,100.544,0.612,0.538,0.523,0.756,0.00118,0.0284,0.0533,-8.901,191739,45
5XiVCvi3bXYcFCRpRxk0p2,你說之後會找我 - LIVE,my little airport,Pop,cantopop,Sad;Calm,sleep,140.393,0.426,0.227,0.263,0.422,0.00351,0.0309,0.617,-13.427,185317,32
4LTR7scHWMvB7aKkpkDKsG,Tronic Illusion,Stacey Pullen;Mirko Loko,EDM,detroit-techno,Energetic;Dark,workout;studying;driving,124.027,0.67,0.846,0.376,0.0306,0.896,0.0483,0.0422,-9.114,526192,8
6F2vo4sxRNQ58VYe3pdiaL,Rapture,Blondie,Pop,power-pop,Happy;Motivated,commute;party;driving,107.486,0.724,0.704,0.96,0.113,0.00425,0.0511,0.466,-8.258,299373,59
3DoVpWmuP2Xh8WfLl6wqYW,"Carnaval, Op. 9: No. 16, Valse allemande (Live in Japan, 2022)",Robert Schumann;Pavel Nersessian,Classical,classical,Calm;Nostalgic,studying;sleep,100.588,0.555,0.153,0.531,0.995,0.867,0.0373,0.207,-18.813,47573,0
3joAhd1lWD8ast5zPP5YUS,Verdi: Messa da Requiem: IV. Mors stupebit,"Giuseppe Verdi;Riccardo Muti;Samuel Ramey;Orchestra Del Teatro Alla Scala, Milano",Classical,opera,Sad;Calm,studying;sleep,95.052,0.288,0.0456,0.0689,0.911,0.000252,0.0512,0.151,-29.432,96400,20
29j2QIF7k8hcuRtNdDbs56,Alison's Starting To Happen - Remastered,The Lemonheads,Pop,power-pop,Happy;Energetic;Motivated,workout,89.251,0.522,0.848,0.963,0.0327,0.0,0.147,0.0592,-6.591,119240,23
6IUF4O1HhhHj6XHO1kqGkj,Diving,Enigma,Chill,new-age,Sad;Calm,studying;sleep,68.901,0.227,0.174,0.0959,0.946,0.903,0.0392,0.203,-22.707,172000,38
2BK6ZWj4NqTK8rDPPUorEA,Silent - Original Mix,Hozho,EDM,techno,Dark,workout;studying;commute;driving,126.998,0.8,0.703,0.272,0.0345,0.852,0.125,0.108,-11.265,423393,36
2dpMdklbSc5CmZ3ijhknZ5,Wasted,Anirudh Ravichander,Hip-Hop,hip-hop,Happy;Energetic;Motivated,workout;driving,114.918,0.651,0.827,0.851,0.00162,0.0902,0.0319,0.0803,-5.108,182608,65
2GpTaKi3KDCQnyMFgwxzXk,The Flying of a Leaf,Mattia Vlad Morleo,Chill,ambient,Sad;Calm,studying;sleep,109.605,0.346,0.0706,0.182,0.97,0.929,0.0534,0.1,-35.12,182013,54
6vmaB9cSgxgtAnbBJsnbMw,Zenith (feat. flowanastasia),Mefjus;flowanastasia,EDM,drum-and-bass,Energetic;Dark,workout,85.615,0.442,0.844,0.151,0.00218,2.57e-05,0.0619,0.0723,-0.073,252558,48
5JmEjPobY0W4JN8F20yeeh,Las Morenas,El Coyote Y Su Banda Tierra Santa,R&B,r-n-b,Happy;Energetic;Motivated,workout;party;driving,114.978,0.839,0.755,0.97,0.428,2.47e-06,0.0448,0.0532,-3.649,150493,42
3ZovyLqQDxnTs3RbklLaa4,冷雨夜,Beyond,Pop,cantopop,Dark,workout;commute;driving,172.986,0.361,0.733,0.344,0.457,0.0,0.0334,0.12,-5.73,301893,44
1czc2016Pu0eGjlQ6A4Bun,"Bye, Tchau Tchau Tchau",Mc Kevin,R&B,funk,Happy;Romantic,commute;party;cooking;driving,120.861,0.781,0.633,0.678,0.523,0.000106,0.182,0.269,-5.999,193793,45
3ePWAPcL9xsTQlkdjlsqsT,No Tomorrows,Surf Curse,Rock,punk,Sad;Calm;Chill,commute,112.131,0.518,0.337,0.193,0.346,0.0677,0.0274,0.174,-7.243,362480,41
3Olsvqd6AC8WOlBEtZkU8V,Non Sono Più Lo Stesso,Alberto Urso,Classical,opera,Energetic;Dark,driving,108.041,0.314,0.806,0.286,0.251,0.0,0.0453,0.107,-2.459,211106,22
5bIg110ncV1bsSpn7jQ71n,Everybody (Let's Go),Force Mass Motion,EDM,breakbeat,Happy;Energetic;Motivated,workout;party,138.015,0.72,0.939,0.663,0.00113,0.326,0.0508,0.224,-8.573,431200,19
1LPq8d95OpzRz329qobaZ6,Praise My Name,Eternate;Miriam Romeyn,EDM,hardstyle,Energetic;Dark,workout,154.935,0.484,0.95,0.169,0.00106,3.36e-06,0.0945,0.344,-4.977,235548,41
5a7HVUAuFjRbAEvYpI5wSr,Deus Que Tudo Pode,Régis Danese;Anderson Freire,R&B,gospel,Chill;Nostalgic,commute,103.072,0.608,0.487,0.384,0.758,0.0,0.0279,0.127,-5.635,212985,40
4ByEFOBuLXpCqvO1kw8Wdm,(I Just) Died In Your Arms,Cutting Crew,Pop,synth-pop,Motivated,workout;commute;driving,124.945,0.625,0.726,0.507,0.0158,0.000169,0.0444,0.0625,-11.402,280400,77
0OhXZ6Ys9suawT4yN5H5TJ,"Jeux d'enfants, Op. 22: III. The Spinning Top",Georges Bizet;Barry Wordsworth;London Symphony Orchestra,Classical,opera,Calm;Nostalgic,studying;sleep,75.748,0.434,0.0444,0.382,0.985,0.953,0.0438,0.126,-35.782,62293,22
0xoavoSO8dgVPkmgCkJf5O,God Rest Ye Merry Gentlemen,Charlie Haden;Hank Jones,Jazz,jazz,Calm;Nostalgic,studying;sleep,112.746,0.532,0.0507,0.628,0.978,0.917,0.0587,0.123,-27.646,147773,0
0dn7lN2ky5BnUJNoELXh3i,Cornfield Chase - Piano-Cello Version,Michael Forster,Classical,classical,Sad;Calm,studying;sleep,99.635,0.325,0.216,0.109,0.977,0.861,0.0352,0.128,-17.214,124453,57
44oL4Cwc1jkTxLH5kwHe1a,In Flames,Dabin;Lexi Norton,EDM,dubstep,Dark,commute;driving,91.988,0.48,0.73,0.295,0.00841,0.0,0.0366,0.103,-4.352,204782,44
2W3Pabwcki4u8XZhxWLkEw,SUNDOWN,Jack Harlow,Hip-Hop,hip-hop,Happy;Energetic;Motivated,party;driving,92.023,0.816,0.754,0.703,0.163,0.00199,0.152,0.105,-5.922,125217,4
4fyR24BKznXBLNkK8LwWla,Dheere Dheere,Yo Yo Honey Singh,Hip-Hop,hip-hop,Happy,commute;cooking;driving,167.915,0.73,0.58,0.55,0.0399,2.48e-05,0.124,0.0703,-7.976,212412,66
6qLIrkb2cbxziWCq08PXJV,Acid Rain,Alpha Portal,EDM,trance,Energetic;Dark,workout;studying,142.008,0.554,0.936,0.0389,0.000499,0.793,0.0517,0.183,-6.794,488450,43
3whENzWXwXqgClynkEdj7C,Life,Elvis Presley,Rock,rockabilly,Romantic;Chill,commute;cooking,87.435,0.288,0.491,0.719,0.615,0.000192,0.0384,0.567,-11.841,190280,23
4NQBqInyE7zvjIiP4j1dmy,Sirikkadhey,Anirudh Ravichander;Arjun Kanungo;Srinidhi Venkatesh,Hip-Hop,hip-hop,Dark,commute;cooking,87.998,0.632,0.629,0.456,0.151,0.00382,0.0354,0.114,-7.392,245888,62
5YT4HRfumwUivqnvB4AL90,ABC,The Jackson 5,R&B,soul,Happy;Energetic;Motivated,workout,187.93,0.53,0.869,0.935,0.318,5.45e-05,0.0588,0.233,-6.029,177386,0
4PbUV3Lx76B9dDhmrkTtw9,Baa Baa Black Sheep,Brian Crain,Chill,new-age,Sad;Calm,studying;sleep,163.56,0.251,0.0718,0.213,0.983,0.854,0.0417,0.139,-23.596,135325,20
45LpIgOnh3OryDAuYXqTkp,Çıt Çıt Çedene,Barış Manço,Rock,psych-rock,Happy;Chill,commute;cooking,82.515,0.683,0.506,0.894,0.599,0.0,0.095,0.065,-17.159,235426,27
2cuPD2epKOW51aapIlMEak,"9 Variations on ‘Lison dormait’ from ‘Julie’ by N. Dezède in C, K.264: 1. Theme : Andante",Wolfgang Amadeus Mozart;Danielle Laval,Classical,classical,Sad;Calm,studying;sleep,120.777,0.547,0.111,0.285,0.994,0.848,0.0524,0.108,-22.313,71680,13
6SYfvfrVug82W9NZYXTrQ5,La Cieguita,Carlos Gardel,Latin,tango,Calm;Nostalgic,studying;sleep,126.526,0.656,0.224,0.636,0.884,1.15e-06,0.0772,0.108,-14.32,170187,21
4EXoyGeHXMoaxM4RthcM1g,"Merry Christmas, I Love You",James Brown,R&B,funk,Motivated,workout;commute;party;driving,120.414,0.763,0.702,0.601,0.567,0.0,0.0806,0.078,-5.992,151586,0
0d5mgiHaAfqeyCNdrVJvvN,Ütopyalar Güzeldir,Ceylan Ertem,Rock,j-rock,Calm;Nostalgic,studying;sleep,76.403,0.421,0.283,0.63,0.807,3.87e-06,0.052,0.358,-14.307,150240,35
2qhASBzpbFhPRtrnZ5lLnz,Unchained Melody,The Righteous Brothers,R&B,r-n-b,Sad;Calm,sleep,98.54,0.339,0.208,0.288,0.396,0.000519,0.0308,0.18,-16.725,218013,75
3v8FOuA8jxAC5SOA2uN6Mg,那些年,Hu Xia,Pop,mandopop,Sad;Dark;Chill,commute,79.045,0.544,0.528,0.215,0.299,0.0,0.0271,0.107,-8.131,369866,58
0sxT6iU5tButz1r40xVVq6,Levanta,Pedro Henrique;Vitória Souza,R&B,gospel,Dark,commute;cooking,86.703,0.386,0.629,0.452,0.189,0.0,0.0342,0.153,-7.158,319210,40
59Pm53KuA0xaLHcSAX94wk,No Geography,The Chemical Brothers,EDM,breakbeat,Energetic;Dark,workout;studying;driving,126.011,0.369,0.818,0.115,0.117,0.654,0.0571,0.125,-7.255,190106,43
5cQANJMHoDKb2fCxr5pZkq,Flamingos,Leo Gandelman;Baco Exu do Blues;Machine Series,Jazz,jazz,Romantic;Chill;Nostalgic,commute;cooking,73.313,0.562,0.507,0.65,0.682,0.000227,0.121,0.175,-9.754,367658,40
4FYbo4yQzu3hGkj2Ix4ucW,Funny,Zedd;Jasmine Thompson,EDM,edm,Dark,commute;driving,99.946,0.664,0.66,0.355,0.512,0.0,0.0243,0.26,-4.646,221465,65
2xJhe9D6jPTBALyyyvJdcw,Goa Sunset,Karunesh,Chill,new-age,Sad;Chill,studying;commute,115.961,0.657,0.421,0.145,0.79,0.841,0.0331,0.083,-13.878,344400,36
5QRhs05R9MOXHQC2OOn5bq,Loss Of Hope,Innellea,EDM,electronic,Energetic;Dark,workout;studying,122.998,0.682,0.927,0.113,0.133,0.842,0.0373,0.0918,-6.129,439024,45
7dXsngeZZMITp0SapdYc38,Thirst for Life,Yanni,Chill,new-age,Dark,studying;commute;driving,98.993,0.623,0.723,0.369,0.0872,0.933,0.0257,0.152,-7.435,226173,45
6vYmcV1rKAs5YTcdBFOrtM,F It Up,Jason Derulo,EDM,dance,Happy;Energetic;Motivated,party,100.006,0.847,0.853,0.811,0.11,0.0,0.123,0.14,-4.724,157078,0
1F4sE8N4KROqjI5GeBDiDQ,Reggaeton,J Balvin,Latin,latin,Motivated,workout;commute;party;driving,176.062,0.747,0.74,0.552,0.0165,9.94e-05,0.191,0.101,-4.325,158800,0
5Vno9JgXecYMq0HeCiuDos,我相信,楊培安,Pop,mandopop,Energetic;Motivated,workout;driving,112.04,0.668,0.768,0.542,0.0437,0.0,0.0266,0.0981,-4.652,247466,52
6XximIiXyUkdakmO2Cm0N3,"La traviata / Act II: ""Lunge da lei"" - ""De' miei bollenti spiriti""",Giuseppe Verdi;Rolando Villazón;Wiener Philharmoniker;Carlo Rizzi,Classical,opera,Sad;Calm,studying;sleep,87.943,0.279,0.0768,0.223,0.957,1.42e-06,0.0491,0.0713,-24.234,218973,22
4HuPZObQYR5x8OhmuHqkCH,To the Summit,Jon Schmidt,Chill,new-age,Sad;Chill,studying;commute,144.069,0.451,0.427,0.153,0.843,0.863,0.0302,0.252,-9.529,306893,22
01CXtj7DFZETkiCDosMFjy,All Torque - Original Version,Hybrid,EDM,breakbeat,Dark,workout;studying;commute;driving,129.998,0.546,0.717,0.0621,0.00307,0.906,0.034,0.262,-9.917,288000,23
57lEQGqRCpPVYPZaYxOKQd,O Nome de Jesus Tem Poder,Régis Danese;Brenda Danese,R&B,gospel,Chill;Nostalgic,studying;commute,124.901,0.586,0.401,0.388,0.83,0.0,0.0289,0.337,-4.476,258174,39
5rLVwM5DvEWm1mFyUU32y4,Born To Die,Lana Del Rey,Pop,pop,Dark,commute,77.797,0.206,0.636,0.394,0.211,0.000118,0.0418,0.217,-6.591,286253,6
4QtheAEJbOcNcVVl4P1352,"Fago: Confitebor tibi Domine: II. ""Memoriam fecit - Escam dedit""",Francesco Nicola Fago;Jakub Józef Orliński;Maxim Emelyanychev;Il Pomo D'oro,Classical,opera,Sad;Calm,studying;sleep,166.14,0.27,0.132,0.294,0.983,0.0106,0.053,0.3,-17.181,285733,20
6G12ZafqofSq7YtrMqUm76,Monotonía,Shakira;Ozuna,Latin,latin,Happy,commute;party;cooking;driving,131.963,0.873,0.695,0.823,0.419,1.23e-06,0.0459,0.211,-4.207,158804,0
6zPFqTggzyqpBIRpP4p6HG,Pic Nic En El 4° B - Remasterizado 2007,Soda Stereo,Rock,punk-rock,Happy;Energetic;Motivated,workout;studying,123.82,0.67,0.864,0.915,0.0159,0.433,0.0283,0.128,-5.847,218573,37
0e7oJ8jq3JUKSMAHPfvV5l,Fashion,Roni Size,EDM,breakbeat,Energetic,workout;studying,164.844,0.691,0.955,0.499,4.33e-05,0.787,0.0818,0.1,-6.174,300105,19
1WfaiA60QqqYIYMmd1IwLR,Ascending,Ad Dios,Chill,new-age,Sad;Calm,studying;sleep,89.672,0.302,0.229,0.158,0.785,0.957,0.0379,0.111,-16.817,264040,22
17dA9QaEEmG22ELHhuA5Ca,One Last Time,Deetox;Crystal Mad,EDM,hardstyle,Energetic;Dark,workout,155.032,0.389,0.88,0.167,0.0572,0.0,0.0429,0.105,-2.732,187354,25
2kIawdmEzVhR9F0Z8EsOns,Bomba en Navidad,"Bobby Cruz;Ricardo ""Richie"" Ray",Jazz,jazz,Happy;Motivated,commute;driving,109.384,0.648,0.748,0.95,0.747,0.00138,0.0635,0.261,-7.49,306760,38
7eTuH5YFkxOkTjiOYfz3pj,A Última Palavra É Dele,Jéssica Augusto,R&B,gospel,Happy,commute;cooking;driving,107.882,0.418,0.686,0.534,0.699,0.0,0.0421,0.346,-4.718,424373,42
1uxu5LvEtoCzhA1PHhP2pr,Wordless,Noisia;Halogenix,EDM,breakbeat,Dark,studying;commute;driving,171.995,0.457,0.637,0.035,0.00626,0.878,0.0405,0.0971,-5.006,346720,40
3WERezDCiZxIDfghCax9uJ,Mikasa,Veil Of Maya,Rock,death-metal,Energetic;Dark,workout,110.001,0.501,0.991,0.222,2.46e-05,0.0,0.0996,0.107,-1.731,189857,54
32nTxX2a1W6jmSJNUm2hlV,Outra Vez - Ao Vivo,Thiaguinho,Latin,pagode,Romantic;Chill;Nostalgic,commute;cooking,139.948,0.508,0.454,0.635,0.544,5.75e-05,0.0485,0.957,-9.706,218380,45
62rMSY7UlA9fmm3ZfRh4vi,Volte Amor,Tayrone Cigano,Latin,forro,Happy;Energetic;Motivated,workout;party;driving,135.012,0.725,0.788,0.858,0.576,0.0,0.0278,0.0645,-5.558,264947,50
1jTKIuhvCHygnnY4QnUvyv,Louder - Radio Edit,Dimitri Vegas & Like Mike;VINAI,EDM,progressive-house,Energetic;Dark,workout,128.024,0.567,0.992,0.0999,0.000465,0.00646,0.273,0.213,-2.687,153784,53
1mfDXxub0FHXqLVm0b9RDx,Back to the Jungle,State of Mind,EDM,drum-and-bass,Energetic;Dark,workout;studying,175.029,0.539,0.991,0.117,7.6e-05,0.888,0.0763,0.111,-3.55,360680,19
6Xajr512QEGAZ20bqAWkyT,Near Light,Ólafur Arnalds,Chill,ambient,Sad;Calm;Chill,studying,117.94,0.477,0.348,0.0867,0.931,0.949,0.0335,0.11,-14.586,208589,54
7GDbd2ZQ4kfp2aJxlctPig,A Poisoned Gift,Moonspell,Rock,black-metal,Energetic;Dark,workout;studying;driving,124.542,0.523,0.826,0.109,0.000199,0.71,0.0542,0.1,-8.839,334533,22
3eT4GvkE7uzp9hdYxc4So2,喫煙席,my little airport,Pop,cantopop,Sad;Calm,studying;sleep,113.186,0.569,0.261,0.232,0.76,0.000749,0.0362,0.136,-13.836,126211,41
4ezXXcPdzmOwjfBTR3m2Zg,Wahin Ka Wahin,Lifafa,EDM,electronic,Dark;Chill,commute;driving,94.953,0.572,0.569,0.306,0.21,0.0166,0.0403,0.257,-10.232,341052,38
6D8WuhGdJ7LjY7ONr4ZGgZ,Darkjazz Slomo - Instrumental,Living Room,Jazz,jazz,Dark,studying;commute,89.984,0.718,0.543,0.376,0.179,0.433,0.0317,0.0947,-9.285,318666,0
7brthY8p0xzK0rMt4lOIPV,Mi Pichichi,La Sonora Dinamita;Lucho Argain;Margarita,Latin,salsa,Happy;Motivated,commute;driving,104.928,0.694,0.744,0.897,0.101,7.19e-05,0.0281,0.153,-3.856,202320,29
3yjzSTgeqPyp6ReOmiBDuJ,Rumination,Project AER;v i v,Chill,ambient,Sad;Calm,studying;sleep,113.985,0.379,0.177,0.1,0.902,0.957,0.0324,0.117,-22.892,182999,5
4yWd80KUbRs8nuv8MocOa5,We Let It In,Brian Eno,Chill,ambient,Sad;Calm,studying;sleep,51.762,0.143,0.13,0.0367,0.918,0.589,0.0373,0.11,-19.458,208080,43
31weWETfEZxvFORVi9o25F,"Carmen: ""Danse des gitans""",Georges Bizet;Francesco Verzillo;Danilo Dellepiane,Classical,classical,Calm;Nostalgic,studying;sleep,127.091,0.594,0.0852,0.626,0.994,0.937,0.0533,0.101,-20.606,187520,0
0iCRn8Eztc3um6S5YAavnn,DRUM GLOW,Moderat,EDM,minimal-techno,Energetic,workout;studying,139.019,0.593,0.906,0.412,0.278,0.913,0.0454,0.0961,-9.375,284200,49
1lZzyOyH9LSAWFjHKz9TT2,Leave The Pain Behind,Upon A Burning Body,Rock,death-metal,Energetic;Dark,workout,105.001,0.493,0.973,0.186,6.69e-05,2.87e-05,0.108,0.343,-4.718,203441,25
6b1KdkIVdrx4l3kGhv5oKW,"Nocturne in C-Sharp Minor, B. 49, Op. Posth",Frédéric Chopin;David Fung,Classical,classical,Sad;Calm,studying;sleep,69.941,0.339,0.0322,0.0986,0.99,0.92,0.0501,0.0854,-22.741,247510,0
3nhWAoUvuEkj1wjZyEXd3R,Signs Of Christmas,James Brown,R&B,funk,Romantic;Nostalgic,commute;cooking,115.389,0.784,0.458,0.555,0.483,7.61e-06,0.0503,0.525,-6.973,276786,0
7oVEtyuv9NBmnytsCIsY5I,BURN IT DOWN,Linkin Park,Rock,alternative,Energetic;Motivated,workout,110.006,0.585,0.972,0.585,0.0143,0.0,0.0534,0.0707,-4.45,230253,75
6k6hZqSbLGC3qJSCYwIfUH,Walking In The Rain,Grace Jones,Pop,synth-pop,Happy;Energetic;Motivated,workout;party;driving,131.613,0.816,0.79,0.885,0.0233,0.302,0.0327,0.0783,-6.719,268066,22
5tmG1iSaOTW40qWBJS9chX,Leão Domado - Ao Vivo,Chico Rey & Paraná,Latin,sertanejo,Happy;Energetic;Motivated,workout;driving,167.924,0.507,0.828,0.777,0.288,0.0,0.0932,0.937,-5.604,179267,45
7suq0FFag5QEiQnyihDAhu,Mawar Merah,Slank,Rock,alt-rock,Chill,commute;cooking;driving,93.052,0.454,0.593,0.41,0.0385,0.000552,0.0252,0.125,-9.665,275620,48
1yXjm9VGSNBywbiZRBgGxi,"Symphony No. 48 in D, K.120: 2. Andante grazioso",Wolfgang Amadeus Mozart;Academy of Ancient Music;Christopher Hogwood,Classical,classical,Sad;Calm,studying;sleep,83.817,0.142,0.1,0.278,0.95,0.132,0.0332,0.314,-22.422,94080,7
0kzmBBR1Jjx5zBZKx9lsJr,Legend,Sidhu Moose Wala,Hip-Hop,hip-hop,Happy;Energetic;Motivated,party,86.978,0.754,0.845,0.793,0.126,0.0,0.161,0.603,-2.554,278622,62
3zksbXteOCeSusJ5Xltr3t,Bubble Gum,Clairo,Pop,indie-pop,Sad;Calm,studying;sleep,207.97,0.509,0.0167,0.229,0.979,2.72e-05,0.115,0.387,-24.639,175960,80
7vFDew7CG8VgJztv3dmgTd,Farewell,John Doan,Chill,new-age,Sad;Calm,studying;sleep,96.823,0.281,0.0757,0.106,0.935,0.829,0.033,0.107,-21.359,235733,21
77WQrnphsSnSxyQElfqvbg,Vive Y Déjame Vivir,Banda Cuisillos,R&B,r-n-b,Happy,commute;cooking;driving,175.802,0.742,0.569,0.965,0.68,0.0,0.0624,0.0692,-4.894,223333,46
0sT1cHXydqpBdgs9GGVRk5,Creatures (DNB Dubmix),Smooth,EDM,drum-and-bass,Energetic;Dark,workout;studying,174.027,0.377,0.95,0.0981,0.000714,0.894,0.0491,0.313,-3.029,265634,16
5wTfzzRW8ddRdgW2kASbox,when we were young,Architects,Rock,metalcore,Energetic,workout,169.995,0.443,0.938,0.439,4.42e-05,5.71e-06,0.106,0.32,-3.01,193886,62
4oowGH3baaetOYlEVUglhU,"Fantaisie-Impromptu In C-Sharp Minor, Op. 66",Frédéric Chopin;Daniil Trifonov,Classical,classical,Sad;Calm,studying;sleep,70.338,0.283,0.0521,0.0561,0.993,0.892,0.0394,0.105,-25.091,336093,40
47wkGrU4Rxv5VbNfHmEqw4,Tomorrow never knows,Mr.Children,Pop,j-pop,Sad;Dark;Chill,commute;driving,108.976,0.627,0.519,0.216,0.0722,0.0,0.0256,0.179,-7.983,308240,36
1CCAIKx1YwqttKBCkWvHAz,MC TH - NA CAMA FAZ BARULHO,DJ IZEUS;DJ AG PROD;Mc Th,R&B,funk,Sad;Calm;Chill;Nostalgic,studying;commute,82.077,0.646,0.389,0.332,0.79,0.0556,0.322,0.114,-7.321,136615,43
3bVMp3CDlCKPthzmUk5h6O,Leilani - Remaster 2005,Hoodoo Gurus,Pop,power-pop,Happy;Energetic;Motivated,workout,139.876,0.589,0.906,0.821,0.00502,0.0563,0.0308,0.133,-4.063,335520,34
4UGvqm3e7UElrrriPtnhwz,Habits,Genevieve Stokes,Rock,alternative,Calm;Nostalgic,studying;sleep,82.457,0.663,0.287,0.438,0.854,6.85e-06,0.0344,0.346,-9.469,136733,76
6Paa21xzskYSJgTLaEZyPX,3 Gymnopédies: I. Lent et douloureux,Erik Satie;Anne Queffélec,Classical,classical,Sad;Calm,studying;sleep,84.3,0.461,0.00214,0.234,0.996,0.945,0.0526,0.0818,-34.268,212773,0
7oOfvZDUqhiJd9OC2Tq8Nh,體面,Kelly Yu,Pop,mandopop,Sad;Chill,commute,169.845,0.36,0.465,0.205,0.421,0.000278,0.0337,0.109,-8.483,282770,58
1O00WM9qGLUBA5gq2yw0WF,Bloodlust (feat. Mr. Capone-E),Sidhu Moose Wala;Mr. Capone-E,Hip-Hop,hip-hop,Dark,commute;driving,174.889,0.552,0.667,0.348,0.0381,0.0,0.333,0.0777,-8.024,159085,65
0ISxyAhfop0MoMeAUw72RN,The Bells,Jeff Mills,EDM,detroit-techno,Happy;Energetic;Motivated,workout;studying,137.514,0.616,0.995,0.772,0.000372,0.952,0.114,0.112,-3.647,285413,45
7DroPZbnPTJZSZtax3swP8,Pero Yo No Lo Conozco (feat. La Original Banda el Limón de Salvador Lizárraga),Los Baby's;La Original Banda El Limón de Salvador Lizárraga,Rock,rock-n-roll,Happy;Energetic;Motivated,workout;driving,162.96,0.65,0.818,0.949,0.427,0.0,0.0427,0.179,-1.728,152213,32
3fPgIknlkDWXs1l2noKZbp,Kar Gayi Chull,Badshah;Amaal Mallik;Fazilpuria;Sukriti Kakar;Neha Kakkar,Hip-Hop,hip-hop,Happy;Motivated,workout;commute;party;driving,121.99,0.827,0.737,0.873,0.0316,0.000322,0.0764,0.211,-5.473,187710,60
1O73ZKgl0THUImkHW6dfAL,Never Really Loved Me (with Dean Lewis),Kygo;Dean Lewis,EDM,edm,Dark,commute;driving,117.94,0.614,0.642,0.218,0.289,0.0,0.0449,0.13,-5.473,202158,73
76EvbfwH5r8BHkukcFxd0N,Resurrection (ASOT 1090) - GXD Remix,Andy Moor;GXD,EDM,progressive-house,Energetic;Dark,workout;studying,134.98,0.414,0.92,0.187,0.000182,0.802,0.0368,0.105,-8.341,176074,37
3mdrUFX79uk5UvRXrKJq3p,(You Don't Know) How Glad I Am,Nancy Wilson,Jazz,jazz,Romantic;Chill;Nostalgic,studying;commute;cooking,103.965,0.511,0.44,0.611,0.742,1.05e-05,0.0308,0.328,-9.11,157386,0
71Udwiv5GsZghU6XQ5LXQj,Jaat Da Muqabala,Sidhu Moose Wala,Hip-Hop,hip-hop,Happy;Energetic;Motivated,party,99.983,0.716,0.934,0.749,0.0561,7.33e-06,0.0448,0.147,-2.431,204360,63
3GCdLUSnKSMJhs4Tj6CV3s,All The Stars (with SZA),Kendrick Lamar;SZA,Hip-Hop,hip-hop,Happy,commute;cooking;driving,96.924,0.698,0.633,0.552,0.0605,0.000194,0.0597,0.0926,-4.946,232186,83
3NY8yLEXhsnzXll558iW1f,Esta Noche Me Emborracho (Remastered 2022),Carlos Gardel,Latin,tango,Calm;Romantic,studying;commute,129.184,0.706,0.365,0.719,0.975,0.000319,0.178,0.365,-9.915,141571,19
40BjkQhSOqS7j8Z0JHiF07,Udi Udi Jaye,Sukhwinder Singh;Bhoomi Trivedi;Karsan Sagathia,Hip-Hop,hip-hop,Happy;Energetic;Motivated,workout;driving,124.96,0.507,0.752,0.953,0.52,0.0,0.19,0.258,-4.337,260507,58
35rozLoS6QLE8HX8qswM3k,Rescue Me,Marshmello;A Day To Remember,EDM,progressive-house,Energetic;Dark,workout,148.149,0.433,0.905,0.375,0.00803,0.0,0.101,0.337,-2.171,237203,61
7HNHIRAYrKeuobsj6n3l1y,Designer,Guru Randhawa;Yo Yo Honey Singh;Divya Khosla Kumar,Hip-Hop,hip-hop,Happy;Energetic;Motivated,workout,194.179,0.41,0.907,0.793,0.0689,0.0,0.101,0.247,-3.105,219095,60
06yozhGXtjTaVUm3FAjYri,ハネウマライダー,PornoGraffitti,Rock,j-rock,Energetic,workout;driving,125.991,0.626,0.8,0.471,0.0059,0.0,0.0403,0.0437,-4.698,289026,33
6JoMhlsYqtzwBCVZaEdO6j,Orfeo Ed Euridice: Dance of the Blessed Spirits (Act II),Christoph Willibald Gluck;Karlheinz Zoeller;Berliner Philharmoniker;Herbert von Karajan,Classical,classical,Sad;Calm,studying;sleep,91.363,0.201,0.0659,0.089,0.972,0.931,0.0521,0.0551,-27.143,409000,40
4EO1KrWmRDAaj71pEtKCuC,Patraozão,Dj Victor;Mc Kadu;Mc Paiva ZS;MC G10,R&B,funk,Romantic;Chill,studying;commute;cooking,112.372,0.663,0.41,0.652,0.759,0.0,0.425,0.0916,-7.652,279272,48
0Qnr5TKNz4vlYwlSBhtv8y,"I'm Your Boogieman - From ""The Crow: City Of Angels"" Soundtrack",White Zombie,Rock,alt-rock,Energetic,workout,113.934,0.645,0.985,0.446,0.00113,0.0102,0.111,0.223,-3.715,267573,0
75R95k0ICuZBFVEjBauOtt,Doomsday,Architects,Rock,metalcore,Energetic;Dark,workout,125.038,0.523,0.979,0.179,2.62e-05,2.56e-05,0.159,0.153,-4.214,248880,59
6AooRgSRDzbCYL4NZ4RCjU,Chal Bombay,DIVINE,Hip-Hop,hip-hop,Happy,commute;party;cooking;driving,95.036,0.862,0.619,0.512,0.0434,0.0,0.318,0.117,-6.645,174000,60
1g3CdJPxXVYk2r9VTUgMNX,I Heard It Through The Grapevine - Single Version,Marvin Gaye,R&B,funk,Calm,commute;cooking,118.455,0.722,0.45,0.664,0.199,3.14e-06,0.0396,0.0739,-7.503,192266,0
2FymmKBuog0loCuNXMwQID,Ready to love,SEVENTEEN,Pop,k-pop,Motivated,workout;commute;driving,129.984,0.668,0.705,0.549,0.0274,0.0,0.0356,0.215,-5.731,186760,70
2gRvQVtbsLrbCsI2s4bbGR,Real Love - Original,Da Tweekaz,EDM,hardstyle,Energetic;Dark,workout,149.97,0.618,0.994,0.264,0.124,0.265,0.111,0.79,-2.866,353180,19
0fv5sRuMd1jOaqYAyjO76r,Blue Bayou,Sol3 Mio,Classical,opera,Sad;Calm;Nostalgic,studying;sleep,82.339,0.579,0.26,0.345,0.912,0.000218,0.0312,0.114,-9.869,270675,20
5ynxx6zC4dgzsMHLYQ04Dc,Remedy,Seether,Rock,grunge,Energetic;Dark,workout,127.804,0.55,0.952,0.391,0.000193,0.000666,0.0924,0.0614,-4.664,207213,70
1QZRCi2Z1DQQaR6bGAzhtN,Love Dose,Yo Yo Honey Singh,Hip-Hop,hip-hop,Happy;Energetic;Motivated,workout;party;driving,139.998,0.843,0.768,0.662,0.256,0.0,0.117,0.614,-4.554,224444,69
56pZSBGVI5BOlITppHLGVp,Lost Without You (feat. Clara Mae),Fly By Midnight;Clara Mae,EDM,electro,Happy,commute;cooking;driving,163.059,0.63,0.659,0.659,0.502,3.62e-05,0.129,0.547,-9.799,165814,58
1pFOGFtQyqdlFgzmSVJ2fz,Adore You,Prabh Gill,Hip-Hop,hip-hop,Happy,commute;party;cooking,83.813,0.708,0.631,0.851,0.646,0.0,0.196,0.342,-5.977,60000,57
31PZTfNjJ03ESY8MhBhMSG,Eu Escolhi Você,Clarice Falcão,Latin,mpb,Energetic;Motivated,workout;driving,157.95,0.54,0.826,0.64,0.191,9.42e-06,0.0717,0.0769,-3.638,171990,38
07bS8UyHkyvWUwUmKlclJq,Self Connect,Hennie Bekker,Chill,new-age,Sad;Calm,studying;sleep,123.702,0.173,0.0499,0.0301,0.878,0.808,0.0482,0.142,-28.462,529000,20
5VXtnp3xwgVPFH8foRHZtJ,"Isoldens Liebestod, S. 447 (After Wagner's WWV 90)",Franz Liszt;Una Bourne,Classical,classical,Sad;Calm,studying;sleep,46.496,0.13,0.286,0.104,0.96,0.322,0.0383,0.326,-19.418,243600,0
2oBMZYteeO8DyXV9gDx6Za,Feel My Rhythm,Red Velvet,Pop,k-pop,Energetic,workout,157.964,0.412,0.94,0.423,0.0648,0.0,0.215,0.358,-2.171,210253,75
1TAC5SANfK7l6wGHtUQ7MX,Lone Digger,Caravan Palace,Jazz,jazz,Happy;Energetic;Motivated,workout;party,123.992,0.767,0.938,0.868,0.592,0.0193,0.0505,0.118,-4.433,229804,57
0wS00I7lIeVpkToChXAbfL,Incondicionalmente - Ao Vivo,Belo,Latin,pagode,Romantic,commute;cooking;driving,139.483,0.499,0.634,0.42,0.758,0.0,0.0383,0.493,-7.84,214560,46
00EAqLJcJP8IAzOmJ9q5g8,Amateur Blood,Novo Amor;Ed Tullett;Lowswimmer,Chill,ambient,Sad;Calm,studying;sleep,116.745,0.338,0.202,0.128,0.953,0.194,0.0314,0.111,-13.684,211813,47
0V6RYqlWn8uMFDFJpMmPTA,This is for You,Simon Wester;Rasmus H Thomsen,Chill,ambient,Sad;Calm,studying;sleep,115.94,0.587,0.033,0.269,0.991,0.911,0.042,0.107,-24.687,200331,36
5phfD01LceKJfU3p3M6c0g,We Come & We Go (EOS Mix) - Edit,Brennan Heart,EDM,hardstyle,Energetic;Dark,workout;driving,150.104,0.554,0.827,0.157,0.462,0.228,0.0441,0.0965,-5.222,248219,20
0GoSl4owx3sK0WUAwIfzCU,Chords - Aaron Smith Live Bass Mix,Aaron Smith;Lauren Ritchie,EDM,chicago-house,Happy,commute;party;cooking;driving,126.992,0.761,0.666,0.852,0.00038,0.0638,0.0469,0.032,-4.388,428086,18
0tNLlw94DIrCECnp0dSUUz,Lovumba,Daddy Yankee,Hip-Hop,hip-hop,Happy;Energetic;Motivated,workout;party,121.001,0.73,0.939,0.939,0.0347,0.0,0.0532,0.335,-4.665,218520,0
1rptK1oec3gjHpzzrxHyln,"Maybe It’s Time (feat. Corey Taylor, Joe Elliott, Brantley Gilbert, Ivan Moody, Slash, AWOLNATION, Tommy Vext)",Sixx:A.M.;Corey Taylor;Joe Elliott;Brantley Gilbert;Ivan Moody;Slash;AWOLNATION;Tommy Vext,Rock,grunge,Energetic;Dark,workout;driving,145.06,0.396,0.781,0.201,0.00158,0.0,0.0377,0.185,-5.148,254200,55
1QcpKf67hgqKFa3mLp9KfL,Prisioneros De La Piel,La Ley,Rock,alt-rock,Calm,sleep,132.04,0.733,0.282,0.92,0.0487,0.0139,0.0381,0.0834,-17.764,201146,0
0Fs9cdPDhptWEDJmiCbkEW,She Knows (feat. Amber Coffman & Cults),J. Cole;Cults;Amber Coffman,Hip-Hop,hip-hop,Dark,workout;commute;driving,118.008,0.766,0.74,0.183,0.0193,0.0784,0.0807,0.229,-10.363,296520,82
1jrFczYf5NysHccOQPXnNP,Elements,Ludovico Einaudi;Amsterdam Sinfonietta,Chill,ambient,Calm;Nostalgic,studying;sleep,107.749,0.674,0.267,0.394,0.976,0.954,0.0318,0.0847,-17.058,365960,51
3dJajkgfSOT6TUYdobJgbz,Christmas In Heaven,James Brown,R&B,funk,Sad;Calm;Chill,commute,81.858,0.456,0.396,0.189,0.184,0.00127,0.0273,0.494,-8.708,173559,0
0xigOqk1vh58ygdQ4lD83V,Aire Frío,Elli Noise,Rock,emo,Energetic;Dark,workout;driving,164.912,0.442,0.807,0.16,0.00575,1.88e-05,0.0716,0.0503,-5.394,222400,34
41hpbFaRvNCVUzu8ADXLtj,Tirtha Vithal Kshetra Vithal,Bhimsen Joshi,Classical,classical,Happy,studying;commute;cooking;driving,96.261,0.417,0.689,0.563,0.913,0.914,0.0365,0.366,-12.614,366866,30
6NgqDV3AFkXJWGFArVUQ9A,Itsy Bitsy Teenie Weenie Yellow Polka Dot Bikini - Single Version,Brian Hyland,Rock,rock-n-roll,Calm,studying;commute;cooking,123.109,0.814,0.427,0.964,0.558,0.0,0.0918,0.0248,-11.543,143733,0
0RFxx8rwddnW4j9COvLmGK,Dilaan De Rajya,Maninder Buttar,Hip-Hop,hip-hop,Happy;Motivated,workout;commute;party;driving,121.956,0.778,0.743,0.834,0.356,0.0,0.0288,0.259,-4.506,122336,59
7JP8lWYrxpA8luKU8IPd3Y,Alone Again,Asking Alexandria,Rock,metalcore,Energetic;Dark,workout,109.977,0.496,0.969,0.199,7.49e-05,5.93e-06,0.0688,0.242,-3.085,228977,56
6cnSLJOo5A4tcZ6TPZnCI2,Dawn Mist - The Temple,Deuter,Chill,new-age,Sad;Calm,studying;sleep,87.447,0.168,0.0257,0.0695,0.978,0.936,0.0379,0.0932,-26.602,450480,25
7uzJKRRrTqxUOeTtwQMd36,每天愛你多一些,Jacky Cheung,Pop,cantopop,Calm;Romantic;Chill;Nostalgic,studying,100.027,0.682,0.336,0.515,0.718,0.0,0.0253,0.133,-12.049,279440,56
0W9ZFdjumKClsj0UhYYnP3,Clockwork,Northlane,Rock,metalcore,Energetic;Dark,workout,136.123,0.48,0.97,0.346,3.72e-05,0.309,0.0595,0.29,-5.006,238373,57
4m8QRApdIvxMERrlgigXj4,All Through the Night,Sleeping At Last,Chill,ambient,Sad;Calm,studying;sleep,185.309,0.309,0.204,0.289,0.949,0.0,0.0397,0.127,-10.867,197804,52
1tzMa1ma7O05lIgr4XKia8,angels,HRJXT;Intense,Hip-Hop,hip-hop,Dark,workout;commute;driving,175.813,0.721,0.746,0.23,0.0241,0.0,0.0637,0.143,-5.135,204545,58
3m1JFLpKLYgMi1jf6Bu16P,Let Forever Be,The Chemical Brothers,EDM,breakbeat,Energetic;Dark,workout,126.938,0.252,0.872,0.399,0.00912,8.79e-06,0.0777,0.109,-3.752,236360,56
7iTc8SCRyBUmrAZECtbRxu,The Little Christmas Tree - Remastered,Nat King Cole Trio,Jazz,jazz,Sad;Calm;Nostalgic,studying;sleep,77.842,0.303,0.11,0.309,0.812,6.65e-06,0.0313,0.146,-17.357,194973,0
1T7AjEuVKRcpVD44uKQ6Li,Nineteen Forever,Joe Jackson,Pop,power-pop,Happy;Motivated,workout;commute;driving,115.046,0.635,0.71,0.847,0.0928,6.25e-05,0.0322,0.34,-10.445,348533,24
1VcRVDCU4Mv0B9XxtB1o0B,Hångellåten (feat. Mauro Scocco),Little Jinder;Mauro Scocco,Pop,synth-pop,Dark,commute;driving,94.975,0.555,0.717,0.309,0.0179,0.00053,0.0379,0.139,-5.394,211176,26
4RJmCQihOXvZrduCeLjKgp,Caxambu,Almir Guineto,Latin,samba,Happy;Energetic;Motivated,workout,190.459,0.48,0.87,0.778,0.641,0.0,0.337,0.193,-6.547,263733,36
5vEopnR9F4viOgBg0agaOD,¿Cómo Fue?,Beny Moré,Jazz,jazz,Calm;Nostalgic,studying;sleep,98.515,0.578,0.269,0.421,0.781,0.243,0.0405,0.102,-11.073,175040,44
24ncWBgfsWHODJwzuc2p1l,Vishnu,Karunesh,Chill,new-age,Romantic;Chill;Nostalgic,studying;commute;cooking,89.98,0.668,0.571,0.607,0.768,0.857,0.0389,0.146,-13.619,389640,36
5TzpCPx20n4hELdE9Vw6ZQ,Courtside,Tim Atlas,Pop,indie-pop,Happy;Energetic;Motivated,workout;party;driving,129.02,0.71,0.83,0.936,0.0518,0.00523,0.03,0.353,-7.208,146483,69
4vLYewWIvqHfKtJDk8c8tq,"So What (feat. John Coltrane, Cannonball Adderley & Bill Evans)",Miles Davis;John Coltrane;Cannonball Adderley;Bill Evans,Jazz,jazz,Sad;Calm,studying;sleep,136.759,0.532,0.151,0.211,0.706,0.00136,0.0376,0.116,-17.266,562640,61
7lYrz70DntWR7o8Sqfz0Ok,The Sound Of Truth,As I Lay Dying,Rock,metalcore,Energetic;Dark,workout,165.018,0.368,0.981,0.277,2.02e-05,0.00549,0.12,0.129,-4.084,260786,54
4mHXmiEElvvB137jsGnzEa,"Turandot, SC 91: Nessun dorma",Giacomo Puccini;Luciano Pavarotti;The John Alldis Choir;Wandsworth School Boys Choir;London Philharmonic Orchestra;Zubin Mehta,Classical,classical,Sad;Calm,studying;sleep,113.492,0.232,0.235,0.0973,0.955,0.00122,0.0404,0.0896,-14.975,182158,0
1qIYbbtlOkFHkQJsaYgJkd,God Rest Ye Merry Gentlemen,Smokey Robinson & The Miracles,R&B,funk,Calm;Chill,commute,149.054,0.336,0.374,0.622,0.0854,0.0,0.0301,0.0796,-10.053,192586,0
7coGhA3MmrmiOuboH32qSY,Nandemonaiya - English Version,RADWIMPS,Rock,emo,Chill,commute;cooking,167.882,0.494,0.464,0.471,0.153,0.0,0.0315,0.354,-5.747,342453,42
3DrEUFe7cjVJiomHj7vq76,Pero Yo Sé,Osvaldo Fresedo;Héctor Pacheco,Latin,tango,Calm;Nostalgic,studying;sleep,115.992,0.442,0.278,0.427,0.982,0.00129,0.0405,0.214,-11.168,181306,21
525NKU3UFgZQtCXWBWE0al,Sandhanam Theme - Background Score,Anirudh Ravichander,Hip-Hop,hip-hop,Energetic;Dark,driving,105.987,0.619,0.84,0.0805,0.082,0.275,0.0515,0.28,-5.427,106495,65
60gTvsFwmBWb8wOGTili2E,Veraneio,Eli Soares;Thiaguinho,R&B,gospel,Sad;Chill;Nostalgic,studying;commute,79.064,0.391,0.447,0.33,0.516,4.01e-06,0.0278,0.0752,-9.402,286042,40
4U91o4lfaI4QbR331I6E5H,Rebelde y Solitario,Rata Blanca,Rock,heavy-metal,Dark,workout;studying;commute;driving,117.921,0.365,0.713,0.0388,3.11e-05,0.484,0.0333,0.0901,-7.226,371054,22
5WSqNyypJ0hITVpvJMetqQ,Years of Silence,Thurisaz,Rock,black-metal,Dark,workout;commute;driving,117.157,0.26,0.738,0.242,0.283,0.0782,0.0378,0.0799,-7.454,431293,49
1qkjQxTfIyRtZPK1nYWTvw,Remember the Times,Kodak Black,Hip-Hop,hip-hop,Dark,workout;commute;driving,135.009,0.78,0.712,0.0757,0.155,0.0,0.0598,0.334,-3.624,203891,1
3UFbSrtbzJ6MhKFJ5oHKEc,Walking In The Forest - Piano Version,Yiruma,Chill,new-age,Sad;Calm,studying;sleep,134.293,0.476,0.065,0.154,0.991,0.942,0.111,0.0865,-18.363,189000,43
0EUJYK8k8lGaIAoubwalCu,Não Vou Mais Atrás De Você (Agora Eu Me Curei) - Ao Vivo,Simone & Simaria;Wesley Safadão,R&B,funk,Happy;Energetic;Motivated,workout,179.672,0.624,0.929,0.817,0.349,0.0,0.226,0.646,-2.008,231080,46
18A3Pp7WYEnXR7RigRisGT,Madhukaitava Vidhwangsi,Tushar Dutta;Trishit;Supratik Das;Roompa;Pradyot De,Classical,classical,Sad;Calm,studying;sleep,120.074,0.48,0.233,0.136,0.876,1.97e-06,0.0331,0.0896,-9.407,588026,33
6J6I9qO96C70lIRnY8qNJq,Feathers Floating - Original Mix,Larry Heard,EDM,chicago-house,Happy,studying;commute;party;cooking;driving,117.029,0.741,0.612,0.624,0.133,0.92,0.0413,0.108,-16.309,464371,10
5JABzvkbDXIgRro1jp1duD,Courant Qui S'Ecoule,Dan Gibson's Solitudes,Chill,new-age,Sad;Calm,studying;sleep,82.723,0.148,0.216,0.0545,0.824,0.76,0.0423,0.519,-22.944,880150,20
5gyRdKCA86HTIavmgFRYHs,Navegando no Mar,Mc Kevin,R&B,funk,Dark,workout;commute;driving,179.964,0.757,0.723,0.434,0.331,0.000597,0.17,0.115,-3.316,200000,49
3Gk1LfB771PIEGgsEa7gcV,Love To Hate Me,BLACKPINK,Pop,k-pop,Happy,commute;cooking;driving,162.269,0.689,0.656,0.623,0.0365,0.0,0.143,0.136,-4.532,169797,67
6CnvWizSE8b1xgJAu427uB,GLORIA,G.E.M.,Pop,mandopop,Dark,commute;driving,139.885,0.408,0.61,0.254,0.0449,0.000535,0.0528,0.0964,-6.722,244986,53
6TClJ8jXi3OBV7gcrU3jx5,TERE TE,AP Dhillon;Gurinder Gill,Hip-Hop,hip-hop,Sad;Chill,commute,171.9,0.692,0.488,0.299,0.0508,0.0,0.135,0.154,-10.96,114418,75
44iD1bnZ6eH79AcjGYNTNG,Tomei Vergonha,Unha Pintada,Latin,forro,Happy,commute;party;cooking;driving,137.145,0.752,0.669,0.627,0.58,0.0,0.0492,0.0949,-4.856,161619,39
3j3dGyA2pCK6OuwoVbtb9f,Emulator,Stumbleine,EDM,idm,Sad;Dark;Chill,studying;commute,80.179,0.225,0.528,0.108,0.0686,0.574,0.0355,0.0921,-11.238,181428,11
38DylDHZqbZ8zzIasbWFab,Chuva de Sangue,Voz da Verdade,R&B,gospel,Dark,commute,75.096,0.322,0.702,0.212,0.511,0.00149,0.035,0.123,-4.988,311373,40
6pJT4f6S8GPQ7hWCDvygrN,2084,Dear Jane,Pop,cantopop,Energetic,driving,104.932,0.361,0.846,0.443,0.132,6.53e-05,0.0337,0.286,-3.717,316991,47
1YWKBAteTntVb3vY3okMDK,Monster,Shawn Mendes;Justin Bieber,EDM,dance,Calm;Chill,commute,145.765,0.652,0.383,0.549,0.0676,0.0,0.0516,0.0828,-7.076,178994,1
3UNuBNyY2dAxZGiUQf8eRT,CBJR é minha vida!,Charlie Brown Jr.,Rock,hard-rock,Energetic;Dark,workout,115.877,0.49,0.914,0.364,0.814,0.0,0.423,0.99,-3.781,94271,34
2CHVei9HrUiiXFvnQzvXoc,"""Why is a raven like a writing desk?""",arai tasuku,EDM,idm,Energetic;Dark,workout;studying;driving,179.782,0.395,0.803,0.2,0.000423,0.718,0.103,0.113,-6.743,166000,14
0zqMk2ZBeTV2WTSblQkqDw,Intrigas Dessa Gente,Grupo Revelação,Latin,pagode,Happy;Energetic;Motivated,driving,99.219,0.573,0.838,0.821,0.707,0.0,0.0344,0.209,-6.508,231466,43
6N2QRUQhIVqE9deWQxCniK,"Bizet: Les Pêcheurs de perles, Act 1: ""Au fond du temple saint"" (Nadir, Zurga)",Georges Bizet;Pierre Dervaux;Orchestre du Theatre National de IOpera-Comique,Classical,opera,Sad;Calm,studying;sleep,88.178,0.194,0.178,0.234,0.983,0.00766,0.0392,0.113,-18.063,326253,23
2IsnWvRlyWLAeN6xShjAZq,Hello Beautiful,Masked Intruder,Pop,power-pop,Energetic;Dark,driving,107.103,0.579,0.783,0.203,0.00226,0.111,0.146,0.664,-6.854,173266,21
2mKvEIvd912eg3FZ8WamMS,Bitch I'm Back,Sidhu Moose Wala,Hip-Hop,hip-hop,Happy;Energetic;Motivated,workout;party;driving,149.829,0.71,0.772,0.789,0.203,0.0,0.103,0.853,-4.496,230400,66
6FQQiTpYnfc5803p84bQp1,Vikram - Title Track,Anirudh Ravichander,Hip-Hop,hip-hop,Energetic;Dark,workout;driving,169.901,0.638,0.842,0.145,0.174,0.000356,0.0524,0.126,-5.305,218823,74
4hnPHbJfrKcSuzjkgCZKDo,Thiruchenduril,Radha Jayalakshmi,Classical,classical,Happy;Chill,commute;cooking,61.307,0.429,0.568,0.887,0.935,0.000795,0.505,0.418,-13.5,382026,30
6Y4xjRYARwm3i0xR8a3gai,Você Conta ou Eu Conto,Zé Vaqueiro,Latin,forro,Energetic,workout;driving,145.949,0.696,0.826,0.458,0.616,1.18e-06,0.0549,0.0795,-4.552,190995,45
4S0kVqg2nPcVta5sfwbEtu,Blessed,Seinabo Sey,R&B,soul,Sad;Chill;Nostalgic,studying;commute,117.745,0.483,0.404,0.311,0.73,2.03e-05,0.13,0.0878,-11.487,191604,1
2HKafPuzWaKsCzcE3zFOIX,Poetry In Motion - 1960 #2 Billboard chart hit,Johnny Tillotson,Rock,rockabilly,Happy;Motivated,workout;commute;driving,135.255,0.485,0.706,0.912,0.392,0.0,0.0319,0.0991,-7.387,154466,49
5ayybTSXNwcarDtxQKqvWX,Poor Little Fool - Remastered,Ricky Nelson,Rock,rockabilly,Calm;Chill,studying,154.596,0.474,0.338,0.81,0.648,0.0,0.0299,0.13,-11.528,153933,53
0Rcx58KQSuUsFYVvWG10Mu,Fome de Poder (Jack Hanma),anirap,R&B,r-n-b,Sad,commute,127.008,0.757,0.444,0.382,0.186,9.23e-06,0.25,0.0915,-16.821,234330,41
5kK0CQYgpRgBrtMNNN47BG,The Last of Us (Goodnight),Gustavo Santaolalla,Chill,ambient,Sad;Calm;Nostalgic,studying;sleep,119.958,0.535,0.113,0.333,0.93,0.635,0.233,0.0982,-22.767,51000,48
2AilvPt1AQ8PixlCKqkjfj,Elevated,Shubh,Hip-Hop,hip-hop,Happy,commute;cooking;driving,93.021,0.828,0.533,0.605,0.214,2.8e-05,0.091,0.307,-5.779,200658,76
0CaAQYzg0k2poWXt30rCz0,La Soledad,Bersuit Vergarabat,Rock,alt-rock,Happy,commute;cooking;driving,92.012,0.639,0.671,0.73,0.105,0.0,0.0375,0.242,-4.563,263933,2
3Blsc8iWj4LLgnCe0DhnU0,Bitch,MC STAN,Hip-Hop,hip-hop,Happy,commute;party;cooking;driving,116.96,0.754,0.674,0.517,0.623,0.0,0.102,0.129,-7.212,186666,64
5bt2seEMbgOkzkmTMwgTKu,A Beautiful Distraction,Michele McLaughlin,Chill,new-age,Sad;Calm,studying;sleep,71.055,0.261,0.118,0.0528,0.969,0.913,0.0418,0.0911,-21.228,216973,50
5EjVRbQFSLYyeNLlO7qGLY,What a Karavaad,Anirudh Ravichander;Dhanush,Hip-Hop,hip-hop,Energetic,workout,75.028,0.431,0.794,0.448,0.0759,0.0,0.428,0.85,-5.78,267942,58
4GzVLbhYys2hkSbSoWQUrY,Fotografia - Ao Vivo,Leoni;Leo Jaime,Latin,mpb,Calm;Nostalgic,studying;sleep,103.74,0.558,0.272,0.386,0.882,0.0,0.0481,0.711,-11.893,170106,43
2QZe2H1f03t5PJWEMg2Mbe,UGH!,BTS,Pop,k-pop,Energetic;Dark,workout;driving,165.996,0.72,0.824,0.333,0.0394,0.0,0.128,0.0509,-5.086,225012,69
05wIqM9biCDMC5QQHpc3ph,"La traviata / Act III: Parigi, o cara, noi lasceremo",Giuseppe Verdi;Luciano Pavarotti;Dame Joan Sutherland;National Philharmonic Orchestra;Richard Bonynge,Classical,opera,Sad;Calm,studying;sleep,89.471,0.251,0.125,0.0763,0.973,1.2e-05,0.048,0.286,-20.49,295973,21
4W11ykVxHguZTyd30ckgLh,Berceuse,Felix Rösch,Chill,ambient,Sad;Calm,studying;sleep,79.693,0.222,0.0285,0.152,0.99,0.867,0.0352,0.163,-28.619,127147,51
3jFdtJZejv8HeGs2Tu6Xtu,Squirt,Fluke,EDM,breakbeat,Happy;Chill,commute;cooking;driving,150.116,0.642,0.542,0.725,0.00224,0.183,0.0367,0.397,-11.446,264906,11
1wpShVBdzOAVlBzOlMYJf7,Venid Adoremos (Adeste Fideles),Andrea Bocelli,Classical,opera,Sad;Dark;Chill;Nostalgic,commute;driving,90.835,0.169,0.514,0.342,0.892,0.00047,0.0369,0.144,-7.023,213594,21
3F0I9AkbRwz12yz7Hxn0bF,Oh Ho Ho Ho (Remix),Sukhbir;Ikka,Hip-Hop,hip-hop,Happy;Energetic;Motivated,workout,144.944,0.676,0.935,0.802,0.00917,0.0,0.0892,0.097,-3.499,244416,60
1BncfTJAWxrsxyT9culBrj,Experience,Ludovico Einaudi;Daniel Hope;I Virtuosi Italiani,Chill,ambient,Sad;Chill,studying;commute,92.468,0.447,0.449,0.036,0.934,0.961,0.0376,0.0697,-10.634,315426,79
6AYQy1lLzqllit1J6TtCgi,Vaaya En Veera X Nee Tholaindhayo,Nithya Balaji;Abhishek Pughazh,Pop,indie-pop,Sad;Calm;Chill,studying;commute,122.775,0.549,0.394,0.188,0.691,1.01e-05,0.038,0.0833,-11.47,265364,47
3hiSM94kP26A53TV6AT1uq,"Préludes / Book 1, L. 117: 8. La fille aux cheveux de lin",Claude Debussy;Jean-Rodolphe Kars,Classical,classical,Sad;Calm,studying;sleep,72.32,0.285,0.00464,0.216,0.995,0.844,0.0435,0.0582,-38.222,150440,0
6XjFkmGaUioM800RmFSV8r,Super Gremlin,Kodak Black,Hip-Hop,hip-hop,Sad,commute,72.993,0.825,0.414,0.106,0.00265,0.0,0.144,0.357,-6.634,200547,4
5wGrhAQqaibupZOcmChn1e,Tempo De Aprender,Soweto,Latin,samba,Happy;Motivated,workout;commute;driving,133.964,0.536,0.719,0.787,0.7,0.0,0.0431,0.435,-6.772,242200,36
2DPccauVbhbcWwcrhvJi5m,Outer Shell,Sonmi451,EDM,idm,Sad;Calm,studying;sleep,119.886,0.518,0.159,0.294,0.927,0.921,0.0568,0.285,-22.528,405773,15
2WUHbv0Gjf3i4XGmUzwEnG,Casal Arrumado,Lucas Reis & Thácio,Latin,sertanejo,Happy;Romantic,commute;cooking;driving,133.929,0.663,0.625,0.746,0.653,0.0,0.0338,0.158,-4.042,166652,44
1fCMmeYHWBm0lPdZGpdDUo,A Winter's Night,Jim Brickman,Chill,new-age,Sad;Calm,studying;sleep,121.5,0.365,0.107,0.0793,0.948,0.814,0.0416,0.0917,-15.788,150893,22
70QS32esz28P1DmYDZVI9c,Love Is A Mystery,Ludovico Einaudi;Czech National Symphony Orchestra,Chill,ambient,Sad;Calm,studying;sleep,171.138,0.0844,0.13,0.0501,0.889,0.874,0.0424,0.0887,-15.927,182160,45
20XepQLAx0psdctutoizL7,Instinto coletivo,O Rappa,R&B,r-n-b,Energetic,workout,104.983,0.657,0.931,0.493,0.0157,0.11,0.15,0.277,-5.879,305866,42
1gYv8m3PlgdAex11edHKGN,Skin & Bone,Dennis Kruissen;Richard Walters,EDM,deep-house,Dark,commute;driving,94.049,0.582,0.732,0.14,0.0967,0.0,0.0457,0.186,-7.091,195888,37
32U1XMh3DKlm45uvpofhvY,Zaroorat,Mustafa Zahid,Hip-Hop,hip-hop,Dark,commute;driving,93.345,0.354,0.712,0.238,0.358,4.19e-05,0.0589,0.274,-6.109,368852,61
3tJjZMHLqhD8DaGgdBICnc,Saturn,Sleeping At Last,Chill,ambient,Sad;Calm,studying;sleep,73.024,0.263,0.237,0.0461,0.638,0.305,0.0344,0.109,-13.738,289792,68
6Ad2BCQGByNSDSYAdn9iEk,Autumn In New York,Bobby Timmons,Jazz,jazz,Sad;Calm,studying;sleep,68.879,0.421,0.112,0.15,0.994,0.871,0.0454,0.0952,-19.046,128773,39
11Hq1xTlR8Bgm3Pgv9EqGs,O Holy Night,Adolphe Adam;John Williams,Classical,opera,Sad;Calm,studying;sleep,80.583,0.207,0.127,0.0386,0.754,0.943,0.0385,0.128,-21.067,167760,43
3jiTehDiPwfIxr9MHfPUvb,The Beauty of Everyday Things,Hara Noda,Jazz,jazz,Sad;Calm,studying;sleep,108.046,0.643,0.28,0.0865,0.965,0.867,0.0332,0.107,-13.774,203096,65
0I9RbCJItXY1jxGIAsQT0t,Jalsa Jalsa,Baba Sehgal;Rita,Hip-Hop,hip-hop,Happy;Energetic;Motivated,workout;party,111.963,0.922,0.906,0.808,0.339,0.000163,0.144,0.099,-8.513,258384,56
5fdp9rXfEixCGLM1Og4EN1,Gnossienne No. 1,Erik Satie;Alena Cherny,Classical,classical,Sad;Calm,studying;sleep,71.827,0.376,0.00579,0.0369,0.996,0.944,0.0576,0.0882,-31.615,296480,66
7912uajUZlyQzOrleKHBe1,"Komm, Jesu, komm, BWV 229: I. Komm, Jesu, komm",Johann Sebastian Bach;The Norwegian Soloists' Choir;Grete Pedersen;Kate Hearne;Joakim Peterson;Christian Kjos,Classical,classical,Sad;Calm,studying;sleep,102.702,0.243,0.13,0.127,0.983,0.000121,0.0406,0.119,-21.937,413106,1
0ZeGfEAL5Rl4pd5LZBGuEK,Maria,Hwa Sa,Pop,k-pop,Dark,workout;commute;driving,128.909,0.658,0.749,0.442,0.238,2.03e-06,0.0634,0.272,-2.967,199026,72
1Zd1Y1UeG8PB5fDSgKQaH6,Less Pain,Omar S,EDM,detroit-techno,Energetic;Dark,workout;studying;driving,122.998,0.817,0.843,0.356,0.012,0.939,0.048,0.113,-6.223,420536,6
2se8Y1IIMBnUSqJD6o0wv6,Local God,Everclear,Rock,grunge,Happy;Energetic;Motivated,workout,112.003,0.582,0.954,0.73,0.000821,0.000309,0.0563,0.222,-7.899,235893,27
37OfppLybeXKwC377AchUI,Alles anders,Feine Sahne Fischfilet,Rock,punk-rock,Energetic;Dark,workout,131.261,0.544,0.915,0.347,0.0104,3.05e-05,0.0392,0.117,-5.895,289431,36
2kMjk14RmYyYhhSbipoa9U,The Sharpest Lives,My Chemical Romance,Rock,emo,Energetic;Motivated,workout,155.015,0.513,0.937,0.543,0.000111,0.000102,0.0532,0.083,-3.427,200880,66
5dLorNapNrniGWYit4Gfgl,Ele Me Encontrou,Gerson Rufino,R&B,gospel,Energetic;Motivated,workout;driving,203.92,0.435,0.779,0.566,0.31,0.0,0.0439,0.258,-2.983,227306,38
5UuHb6AnltVWblocTrQzUp,How Not To Drown (feat. Robert Smith) - Robert Smith Remix,CHVRCHES;Robert Smith,Pop,synth-pop,Energetic;Dark,workout;driving,173.883,0.307,0.754,0.276,0.339,0.00375,0.0376,0.402,-7.041,426687,22
1P3P9GZwKJvB6pm7HOkJss,Seninle,Nükhet Duru,Pop,j-pop,Chill,commute;cooking;driving,141.609,0.581,0.564,0.634,0.19,3.83e-06,0.0335,0.331,-8.388,335533,36
6c1QaQHdDhtFMfUkhueuXK,Monster,Red Velvet - IRENE & SEULGI,Pop,k-pop,Dark,workout;commute;driving,115.665,0.631,0.748,0.351,0.212,0.0,0.0488,0.537,-2.569,178413,67
0aQiqmn0V5CZqQM7fFToha,"Verdi: Aida, Act 1, Scene 1: ""Celeste Aida"" (Radamès)",Giuseppe Verdi;Riccardo Muti;Plácido Domingo;New Philharmonia Orchestra,Classical,opera,Sad;Calm,studying;sleep,78.513,0.231,0.191,0.059,0.986,0.0028,0.0424,0.284,-18.964,203066,28
0S3Im7G8fd1mHNYCbUuXTg,Lady of the Lake,Ad Dios,Chill,new-age,Sad;Calm,studying;sleep,144.054,0.249,0.112,0.038,0.975,0.971,0.0348,0.0705,-22.977,251733,20
6gvQHafvp7j7eanVD269Jj,And The Waltz Goes On,André Rieu;Johann Strauss Orchestra,Classical,opera,Sad;Calm;Chill,studying;commute,85.126,0.188,0.359,0.246,0.945,0.891,0.0344,0.0894,-8.416,355120,48
7IFGyDgc41ObAOSodVPgO5,"La bohème, SC 67 / Act 4: ""O Mimì, tu più non torni"" (Duetto) - ""Che ora sia""",Giacomo Puccini;Luciano Pavarotti;Rolando Panerai;Gianni Maffeo;Nicolai Ghiaurov;Berliner Philharmoniker;Herbert von Karajan,Classical,opera,Sad;Calm,studying;sleep,76.909,0.28,0.211,0.2,0.962,0.0162,0.0475,0.288,-16.61,327800,25
4KmcshOoqSPpyr6XJ0wsNR,ディセンバーフール,the shes gone,Pop,j-pop,Dark;Chill,commute,78.932,0.48,0.58,0.264,0.102,8.04e-06,0.0289,0.144,-4.978,337544,37
76R8ILULQyyodS91TkAvOf,Passagio,Ludovico Einaudi,Chill,ambient,Sad;Calm,studying;sleep,85.86,0.222,0.02,0.119,0.995,0.948,0.0464,0.0945,-27.114,357773,50
4qFj5gfmr0u5qhuLVlN1QZ,San Juan de Letran,Sergio Esquivel,Rock,rock-n-roll,Calm,commute;cooking,142.23,0.802,0.497,0.884,0.639,1.98e-05,0.0423,0.0901,-14.376,160133,29
77O65l5ZlOZRpW8TK08wGy,Aas Paas,aswekeepsearching,Chill,ambient,Sad;Chill,commute,120.093,0.337,0.48,0.105,0.406,0.0397,0.0324,0.111,-7.295,359899,28
7M3BffkC4FfUCR5CgJC2Ce,Lendas do Funk,MC Rodolfinho;Mc Danado;MC Guime;MC Lon;Mc Nego Blue;Mc Boy do Charmes;Mc B.o;DJ Will SP,R&B,funk,Happy,commute;cooking;driving,119.916,0.821,0.56,0.668,0.259,0.0,0.365,0.156,-3.2,594000,42
2sPqUJOxqQUDLkRwjMjcqs,冬のリヴィエラ,Crazy Ken Band,Rock,rockabilly,Energetic;Motivated,workout;driving,113.017,0.599,0.764,0.571,0.263,0.0,0.0265,0.341,-5.431,273653,23
0rmg0BnI951Unz2OjbGnli,Divano,ERA,Chill,new-age,Dark;Chill,commute;driving,102.779,0.657,0.572,0.0917,0.536,0.0241,0.0244,0.0782,-7.303,233480,55
6usuEveqwUGH07BI7AWM7f,Amor Ranchero,Banda Rancho Viejo De Julio Aramburo La Bandononona,R&B,r-n-b,Happy,commute;cooking;driving,129.505,0.568,0.7,0.971,0.164,0.00546,0.0669,0.103,-5.724,143786,47
5PmX2o50oLqMPXRTiKh5uF,Dancing with the Wind,Omar Akram,Chill,new-age,Sad;Chill,commute,134.022,0.594,0.462,0.338,0.205,0.364,0.0256,0.156,-10.822,293253,45
3EMB0OcdHil6ymZPAV6bnC,Balloons,EST Gee;Moneybagg Yo,Pop,k-pop,Happy;Energetic;Motivated,workout,158.955,0.653,0.913,0.687,0.142,0.0,0.23,0.103,-3.638,156981,5
760Z6GTmf5KVEC0goW8doX,O Trem Azul,Elis Regina,Jazz,jazz,Dark,workout;commute;driving,139.556,0.373,0.716,0.401,0.673,0.0102,0.0408,0.122,-6.618,273026,37
5p9IGH0xpbhJI9d8YWJe47,Sweets for My Sweet,The Drifters,R&B,r-n-b,Happy;Energetic;Motivated,workout;party;driving,119.883,0.772,0.81,0.971,0.687,2.42e-06,0.0322,0.097,-7.602,147146,0
64OlZKmXv3TUnPIWTkThV6,Wandering Soul,Stive Morgan,Chill,new-age,Romantic;Chill;Nostalgic,studying;commute;cooking,84.983,0.588,0.558,0.454,0.757,0.875,0.0466,0.0688,-12.677,436431,42
5QUjSnLOXb7ors2PiUm8Cg,O Melhor Desta Terra,Nani Azevedo,R&B,gospel,Dark,commute,62.06,0.225,0.724,0.343,0.335,0.0,0.0565,0.138,-7.272,396506,37
3Ma7En4uWNtzGAhXHVfmCY,"Rudolph, The Red Nosed Reindeer",The Platters,R&B,r-n-b,Happy,commute;cooking;driving,145.274,0.576,0.682,0.919,0.726,0.0,0.0369,0.236,-4.212,112960,0
3yRLROmAcKJBqTrdEczFB8,Brown Rang,Yo Yo Honey Singh,Hip-Hop,hip-hop,Happy;Energetic;Motivated,workout;party,155.98,0.804,0.902,0.72,0.265,0.000402,0.0846,0.065,-3.067,211394,62
7m4CgL81VVIHaaiSxyH922,Desi Kalakaar,Yo Yo Honey Singh,Hip-Hop,hip-hop,Happy,commute;party;cooking;driving,156.062,0.751,0.67,0.766,0.0796,0.00018,0.267,0.0908,-4.587,253352,69
7t9b4aZQGqlOXExipRB7XG,El General,Joan Sebastian,R&B,r-n-b,Calm,studying;commute;cooking,101.246,0.762,0.426,0.963,0.873,1.41e-05,0.0592,0.135,-7.448,156270,41
4HRhnr7osDZ1nAknBjilfA,Other Life,Radioactivity,Pop,power-pop,Energetic;Motivated,workout;studying,187.175,0.29,0.966,0.619,0.0118,0.833,0.0906,0.167,-3.229,119352,23
16f5nKCHNOL2NjBA45xIoH,"Mary, Did You Know?",Jim Brickman,Chill,new-age,Sad;Calm,studying;sleep,61.324,0.39,0.091,0.0744,0.983,0.908,0.031,0.0769,-18.195,202630,0
54ZPmGE1uOG9IYoUBSRSp7,City Of Dreams - Radio Edit,Dirty South;Alesso;Ruben Haze,EDM,progressive-house,Energetic;Dark,workout;driving,127.953,0.478,0.818,0.163,0.00292,0.00789,0.0377,0.438,-5.076,226866,58
63wkGcwWKlBcUlhFP0grhK,The Touch Of Your Lips,Chet Baker,Jazz,jazz,Sad;Calm,studying;sleep,59.054,0.334,0.0788,0.0627,0.931,0.00142,0.0309,0.139,-15.333,160026,0
12095GlriCNhVCbJV30vKw,西湖沒有中秋,my little airport,Pop,cantopop,Calm;Nostalgic,studying;sleep,138.066,0.616,0.211,0.503,0.759,0.0965,0.0287,0.302,-15.809,127760,47
6zPcpoeGOcGNfl2qR2IjYO,Volver,Jorge Falcón,Latin,tango,Romantic;Chill;Nostalgic,studying;commute;cooking,111.411,0.427,0.412,0.623,0.946,0.000235,0.0636,0.2,-9.747,187933,20
2H8W3VYk4Lw3WCqFYhpkdw,Himiko,WEDNESDAY CAMPANELLA,EDM,j-dance,Happy;Energetic;Motivated,workout;party,165.022,0.77,0.851,0.748,0.0608,0.0348,0.0607,0.069,-5.154,187473,37
2SazZ5d4m9G5IWu5xdMjZf,Satisfy,Sidhu Moose Wala;Shooter Kahlon,Hip-Hop,hip-hop,Happy;Energetic;Motivated,workout;driving,172.024,0.683,0.8,0.748,0.431,0.0,0.168,0.357,-4.874,280464,62
7bYvoTkffM8RFN54pfI80o,"La bohème, SC 67 / Act 4: ""Vecchia zimarra, senti""",Giacomo Puccini;Nicolai Ghiaurov;Gianni Maffeo;Berliner Philharmoniker;Herbert von Karajan,Classical,opera,Sad;Calm,studying;sleep,79.281,0.264,0.106,0.0621,0.943,0.0434,0.059,0.539,-25.123,151733,25
4mAWSvlGSBf9KzNIORHSVt,Sonhos (feat. Reinaldo) - Ao Vivo,Vou pro Sereno;Reinaldo,Latin,samba,Energetic;Motivated,driving,97.475,0.526,0.834,0.595,0.459,0.0,0.0527,0.833,-7.781,228175,39
6vpAnhfGC42sQ6KfO7qPZ7,Shakuhaji Tales - Native Mix,Kamal,Chill,new-age,Chill,commute;cooking,140.434,0.665,0.47,0.567,0.00646,0.36,0.0297,0.812,-13.376,322160,20
0nfcnT5afUkGMbE1IiLRaI,La Célula Que Explota,Rebel Cats,Rock,rockabilly,Happy,commute;cooking;driving,146.996,0.675,0.666,0.608,0.188,0.113,0.0283,0.12,-7.185,182600,27
2JhK40HKMjR9fzTXDvOAeV,Work,Jimmy Eat World,Pop,power-pop,Energetic;Motivated,workout,120.917,0.573,0.922,0.536,0.0256,0.0,0.0499,0.26,-3.806,190714,23
2VpJeDfgFPZsaMsmf0GNnD,Generation of Love,Rocco;Special D.;Andy Judge,EDM,trance,Energetic;Dark,workout;driving,159.828,0.478,0.843,0.33,0.00316,0.00013,0.0885,0.449,-4.068,140343,0
51cW0otSAHBacd7LEKRpHb,Amidst the Cherry Blossoms,Dan Gibson's Solitudes,Chill,new-age,Sad;Calm,studying;sleep,141.913,0.183,0.211,0.051,0.942,0.823,0.0386,0.825,-17.046,416613,20
1FvDJ9KGxcqwv1utyPL3JZ,This Charming Man - 2011 Remaster,The Smiths,Rock,punk-rock,Happy;Energetic;Motivated,driving,103.912,0.611,0.846,0.751,0.00509,0.0,0.0436,0.0784,-5.9,162920,77
769FKNYCb8aXyg5bYVAE7u,Berrylands Rd.,Yiruma,Chill,new-age,Sad;Calm,studying;sleep,127.001,0.435,0.0519,0.035,0.982,0.937,0.0452,0.102,-21.756,223000,46
326eZ9C7qpDj6NSsEiKvoW,Compulsory,Gur Sidhu;Kaptaan,Pop,pop,Happy;Energetic;Motivated,workout;party;driving,144.026,0.778,0.76,0.688,0.0237,6.15e-06,0.143,0.183,-3.913,216000,65
5Bv3hddlRFyhTcYtYeoXed,Naav (Chadhti Lehrein Laang Na Paye),Mohan,Chill,ambient,Happy,commute;cooking,83.918,0.608,0.687,0.548,0.449,2.1e-06,0.0536,0.0625,-7.083,252158,43
7gl8XJ8EmiObfSFppTATt6,Twist,Neeraj Shridhar,Hip-Hop,hip-hop,Happy;Energetic;Motivated,party,109.014,0.719,0.945,0.748,0.033,7.26e-05,0.136,0.0857,-4.977,299440,58
3qbSubaQIBgUM13S7kzWOd,Kisi Din Banoongi Main,Alka Yagnik;Udit Narayan,Pop,k-pop,Happy;Motivated,commute,89.052,0.515,0.704,0.898,0.747,0.00265,0.0406,0.349,-9.627,438040,45
61o9ek0A26KARnXBPssDv3,Life,Ludovico Einaudi;Daniel Hope;I Virtuosi Italiani,Chill,ambient,Sad;Calm,studying;sleep,93.405,0.334,0.268,0.0523,0.933,0.904,0.0321,0.0846,-14.772,262653,53
1xwhDD7Ksuzs4bxVNCyYsX,Llegan Ya,Millonario,Latin,latin,Dark,commute;driving,113.048,0.874,0.628,0.323,0.0666,1.19e-05,0.21,0.15,-6.41,191160,55
4TBtGrMgUYH7D5Tf5HLvyz,Let's Do It Again,J Boog,Pop,j-pop,Happy,commute;cooking;driving,173.537,0.631,0.696,0.927,0.578,0.0,0.211,0.0784,-5.631,192177,64
1m0AvdSjINx9FvsgvvI6ww,Almost Like Being In Love - Remastered,Nat King Cole,Jazz,jazz,Romantic;Chill,commute;cooking,182.546,0.446,0.487,0.696,0.842,0.0,0.0623,0.177,-6.783,113293,0
2tnFEAdkIW4L8LW58XfAI6,(Forever) Live And Die,Orchestral Manoeuvres In The Dark,Pop,synth-pop,Happy;Motivated,commute;driving,90.166,0.604,0.703,0.829,0.112,0.289,0.0293,0.264,-8.986,216093,24
0kcYzEvagMWsp9wL6RxW90,旅行的意義,Cheer Chen,Pop,mandopop,Sad;Dark;Chill,commute;driving,137.972,0.525,0.516,0.25,0.38,0.0,0.0299,0.365,-7.931,256706,49
36ylvIx1fVaM4i5pux7Ea1,Emannavoo,Anirudh Ravichander;Shweta Mohan,Hip-Hop,hip-hop,Happy;Romantic;Chill,commute;cooking;driving,109.973,0.457,0.542,0.652,0.408,0.0,0.0575,0.127,-7.645,214765,57
75G3D1ajCgumVJ7Kun9MbC,Olvidando,Brytiago;Darell,Latin,latin,Happy,commute;party;cooking;driving,171.996,0.767,0.672,0.585,0.12,6.18e-05,0.182,0.695,-4.455,229013,1
7e6qTHVfRdaYsio90s1fHC,Ik Junoon (Paint It Red),Vishal Dadlani,Hip-Hop,hip-hop,Energetic;Motivated,workout;party;driving,127.034,0.79,0.848,0.641,0.364,0.00147,0.0508,0.148,-7.798,299119,60
57gHJpELHEZjwbgnkAV90t,Special,Lizzo,Hip-Hop,hip-hop,Dark,commute,82.859,0.517,0.707,0.264,0.0164,0.0,0.0693,0.453,-5.474,174398,0
4e0PKxOa8coog2w9UXiVe7,Death Kart,Teenage Bottlerocket,Pop,power-pop,Happy;Energetic;Motivated,workout,175.071,0.415,0.904,0.778,7.66e-05,0.000942,0.0385,0.324,-3.603,156702,24
5fdNHVZHbWB1AaXk4RBGVD,Just the Two of Us,"Grover Washington, Jr.",Jazz,jazz,Romantic;Nostalgic,commute;cooking,95.406,0.743,0.429,0.597,0.447,0.362,0.0902,0.0455,-14.576,443773,71
1D6sRVegPTdQQj9ScxngtR,Walk With Me (Piano / Cello Version),Robin Spielberg,Chill,new-age,Sad;Calm,studying;sleep,86.52,0.388,0.15,0.176,0.978,0.819,0.031,0.125,-16.115,209294,50
4jeJIw8nPdUiqBYiWRIP3g,讓我搭一班會爆炸的飛機,my little airport,Pop,cantopop,Happy;Energetic;Motivated,workout;driving,121.254,0.375,0.774,0.773,0.00145,0.0,0.0325,0.0848,-6.534,141545,37
4aXRU1cAUFqQ8NJVWZFw5L,Eis-me Aqui - Ao Vivo,Diante do Trono;Ana Paula Valadão,R&B,gospel,Sad;Calm;Chill,studying;commute,123.811,0.494,0.394,0.258,0.774,0.0,0.029,0.175,-8.462,502266,39
2VGs7EmaIxq96Wcog6DQOc,Why This Kolaveri Di? - The Soup of Love,Anirudh Ravichander;Dhanush,Hip-Hop,hip-hop,Happy;Energetic;Motivated,workout;party;driving,140.013,0.82,0.785,0.894,0.59,1.79e-05,0.158,0.372,-4.003,259293,64
5ZsAhuQ24mWHiduaxJqnhW,Udd Gaye,Ritviz,EDM,edm,Energetic,workout;driving,144.961,0.595,0.817,0.483,0.000712,0.0386,0.0474,0.142,-6.187,180413,67
46cbleiU4PfiAwMvFI783p,Por Siempre,A.N.I.M.A.L.,Rock,heavy-metal,Dark,commute;driving,97.97,0.476,0.61,0.14,0.0191,0.0,0.033,0.197,-6.636,290542,19
4UNLwP2NNNiQz75J65uT8G,Cuatro Palabras,Juan D'Arienzo,Latin,tango,Happy;Romantic;Chill,studying;commute;cooking;driving,113.675,0.665,0.557,0.684,0.944,0.554,0.0406,0.363,-6.746,130373,21
61HGzMjSgcnQSBHc3Fehcn,Metro (Re-Recorded),Berlin,Pop,synth-pop,Happy;Energetic;Motivated,workout,169.185,0.471,0.893,0.914,0.000565,0.00055,0.0329,0.0763,-10.166,260786,24
3GFza0Ug9UPSMR2UKEPgIo,Sylvia: Pizzicato,Léo Delibes;Slovak Philharmonic;Ondrej Lenard,Classical,opera,Sad;Calm,studying;sleep,159.236,0.342,0.0192,0.189,0.875,0.0787,0.0533,0.0615,-39.219,105000,53
3L3fOyV49wTqBU0BYu5cQQ,El Cajoncito - En Vivo,Banda Carnaval,R&B,r-n-b,Chill,commute;cooking,112.96,0.635,0.486,0.964,0.714,2.39e-06,0.0359,0.0894,-4.197,221893,43
4gXCb2l1cUK7I04yXfwJiK,Pokarekare Ana,All Angels,Classical,opera,Sad;Calm,studying;sleep,103.233,0.197,0.255,0.0661,0.985,0.00498,0.0334,0.113,-9.646,195573,18
3yqkV2Vd0u4l9lUnlaFNZT,Porkanda Singam,Anirudh Ravichander;Ravi G,Hip-Hop,hip-hop,Romantic;Chill;Nostalgic,commute;cooking;driving,119.932,0.527,0.591,0.543,0.626,0.00798,0.0282,0.385,-7.632,198000,65
5eWZ2xEc3UFswaPbgRDEKb,C調言葉に御用心,サザンオールスターズ,Pop,j-pop,Happy;Energetic;Motivated,workout,132.493,0.651,0.876,0.873,0.0162,1.35e-06,0.0422,0.0785,-6.08,278226,37
7r78WlCfwbSUjh09pSLYVb,Nuevo Tango,Astor Piazzolla;Gary Burton,Latin,tango,Romantic;Chill;Nostalgic,studying;commute;cooking,91.456,0.471,0.414,0.42,0.811,0.535,0.0425,0.671,-15.288,339266,21
2pahOrjr32LVOBfrpZIeoY,No Existes,Soda Stereo,Rock,punk-rock,Energetic,workout,79.868,0.421,0.858,0.411,0.0117,0.000458,0.0574,0.192,-4.881,283680,40
0pnmUYIstjsVeJQj3wEHGI,明知故犯,Mavis Hee,Pop,cantopop,Sad;Calm,studying;sleep,131.156,0.701,0.215,0.144,0.783,0.0,0.0369,0.103,-15.16,257893,51
1Bh8jtOXIBIRUUghbrwUTX,Transmission,Zedd;Logic;X Ambassadors,EDM,techno,Energetic,workout,99.995,0.54,0.874,0.411,0.105,0.0,0.0551,0.135,-3.467,242213,45
7caj6X6NMX3tlhWnu1du6V,We Belong Together,Ritchie Valens,R&B,r-n-b,Calm,studying;sleep,106.522,0.684,0.247,0.768,0.872,0.000166,0.0281,0.113,-13.71,116626,69
0LskZEByLNCUVon7qHRMGm,Dark Island,Aine Minogue,Chill,new-age,Sad;Calm,studying;sleep,90.033,0.459,0.0693,0.253,0.962,0.106,0.0309,0.0931,-16.811,339946,24
18nTHX1dgL1R3fxxOEvTpK,Requiem: XV. Lux Aeterna,Giuseppe Verdi;Sir Colin Davis;Stuart Neill;Karen Cargill;London Symphony Orchestra;John Relyea,Classical,opera,Sad;Calm,studying;sleep,61.513,0.1,0.0469,0.0348,0.964,0.00557,0.0645,0.363,-31.715,375320,22
6QS7xGnz2B1jVbIdReS0YV,Another Life,Afrojack;David Guetta;Ester Dean,EDM,edm,Energetic,workout;driving,144.869,0.416,0.771,0.493,0.178,1.47e-06,0.0539,0.501,-3.183,208689,0
5II8S137GH5dYxLpGJ9KNz,Around Here,Snoop Dogg;DJ Drama;Seddy Hendrinx,R&B,funk,Sad;Chill,commute,162.068,0.689,0.499,0.211,0.0994,0.0,0.34,0.384,-9.159,178434,4
2ikI9Y7PCPIavU0TMSpF31,Saza-E-Maut,KR$NA;Raftaar,Hip-Hop,hip-hop,Happy;Energetic;Motivated,workout;party;driving,141.999,0.84,0.837,0.881,0.229,0.0,0.272,0.105,-6.18,180000,56
1pRhWyw5FnVwxz2BvtvM6s,O Vaqueiro,Goiano & Paranaense,Latin,sertanejo,Happy,commute;party;cooking;driving,93.619,0.702,0.69,0.764,0.447,0.0,0.0373,0.131,-5.98,228250,43
31Ye9wiX4cMIVbE4lJQlSD,Policie zná moje jméno,Sensey;Sergei Barracuda,Rock,emo,Energetic;Dark,workout;driving,147.091,0.7,0.803,0.342,0.408,0.000443,0.253,0.0762,-5.819,176874,36
5uLI5nNH2i5X0oE8oU1cq2,Tiger,The Hub Caps,Rock,rockabilly,Happy;Energetic;Motivated,workout,89.992,0.628,0.948,0.964,0.162,0.0,0.0611,0.026,-5.646,133920,22
5gR8M5w1A7AzeAGZDf1Lqf,Saturn,Stevie Wonder,R&B,funk,Sad;Chill,commute,87.577,0.541,0.485,0.211,0.353,0.0,0.0372,0.634,-13.161,293773,1
2vRbn7ZmxrkEO2SBfxJe3V,Mushrooms - Salt City Orchestra Out There Mix,Marshall Jefferson;Noosa Heads;Salt City Orchestra,EDM,chicago-house,Calm,studying;commute;cooking,124.035,0.849,0.448,0.702,0.0265,0.888,0.195,0.0808,-15.46,492340,36
2BpiNvXMVZnAXGnLrMitZp,Shout,Gregorian,Chill,new-age,Dark,commute;driving,98.014,0.536,0.748,0.303,0.0198,0.00992,0.0308,0.157,-7.344,299889,21
0F02KChKwbcQ3tk4q1YxLH,晴天,Jay Chou,Pop,mandopop,Dark;Chill,commute;driving,137.13,0.547,0.567,0.399,0.276,0.000548,0.0242,0.104,-7.295,269746,64
02hiIe9tUYeHw6l2V7H2cC,Eu Sou Assim,Gerson Rufino,R&B,gospel,Dark,workout;commute;driving,146.035,0.647,0.746,0.478,0.352,0.0,0.058,0.119,-4.013,230373,38
0NbDnRc1RKoEnMxvXpKn7c,NO MONEY DANCE,Yabai T-Shirts Yasan,Pop,j-pop,Happy;Energetic;Motivated,workout,189.913,0.403,0.97,0.658,0.00738,0.00101,0.147,0.32,-1.233,172506,37
4Kno4YoUHnuil25r5IFAxn,Deceive,trentemøller;Sune Rose Wagner,EDM,minimal-techno,Dark,studying;commute;driving,119.974,0.684,0.679,0.191,0.0304,0.9,0.0614,0.241,-9.566,284345,40
5m62bM6EN1ysBb3nnedLBR,Titli,Satinder Sartaaj,Hip-Hop,hip-hop,Happy;Energetic;Motivated,workout;party;driving,143.885,0.723,0.831,0.839,0.543,0.0,0.111,0.0755,-6.685,277500,57
0WBNZ9HEz6QqiDuZ3BCehP,II,LUCHS;Patrik Berg Almkvisth,Chill,ambient,Calm;Nostalgic,studying;sleep,121.997,0.47,0.072,0.477,0.993,0.957,0.037,0.0929,-22.05,127000,49
6yPUtBVbbSpp7khUpcmcDu,6.6 Gigue,Peter Gregson;Richard Harwood;Reinoud Ford;Tim Lowe;Ben Chappell;Katherine Jenkinson,Chill,ambient,Sad;Calm;Chill,studying;commute,82.56,0.374,0.351,0.0852,0.832,0.71,0.044,0.103,-10.522,168676,53
0wXRCkT2AfVGS6E6ZtmGW3,Desce Pro Play (PA PA PA),ZAAC;Anitta;Tyga,R&B,funk,Motivated,commute;party;driving,100.009,0.935,0.711,0.631,0.077,1.84e-06,0.157,0.173,-5.085,168507,0
5ClWjTXu3YSqr5n9YPbf40,From The Ground Up,Celtic Thunder;Michael O’Dwyer;Neil Byrne,Classical,opera,Sad;Chill,commute,150.973,0.297,0.485,0.294,0.137,0.0,0.028,0.0931,-7.214,251210,20
7vlbM2JbatZv9k70YjNUiK,57 Miles,Parijat,Chill,new-age,Calm;Chill;Nostalgic,studying,139.999,0.53,0.305,0.362,0.954,0.91,0.0329,0.108,-17.728,374026,25
5MyYYBkmYRgssDuE1FJfJD,"Flute Quartet in D major, K.285 - Arr. for accordion and strings Richard Galliano: 2a. Adagio - Pt. 1",Wolfgang Amadeus Mozart;Richard Galliano,Classical,classical,Calm;Nostalgic,studying;sleep,115.833,0.284,0.00746,0.396,0.971,0.913,0.0483,0.0829,-24.282,50733,17
22stjHygANSjOS1mRfpHTS,Paper Birds,Tineidae,EDM,idm,Sad;Calm,studying;sleep,90.135,0.292,0.224,0.0381,0.376,0.933,0.0464,0.111,-13.262,368013,8
1sEG0kcqs9BpJEnehnNUie,Kidnapper - Remastered,Blondie,Pop,power-pop,Happy;Energetic;Motivated,workout,75.795,0.513,0.817,0.853,0.012,7.03e-06,0.101,0.291,-6.615,157666,20
6BfoE1BkJKPEVYFGYm6g95,De 38 Carregado,Dj Ray Lais;Mc Dricka,R&B,funk,Calm;Romantic,studying,86.673,0.87,0.311,0.718,0.619,0.0,0.107,0.115,-9.7,155145,43
2ReXjoXXQ6diAn9RocOE1F,Deslizes,Fagner,Latin,mpb,Calm;Chill,commute,136.48,0.54,0.394,0.49,0.244,0.0,0.0284,0.316,-15.022,252000,52
5vdSqprqxSFAJ4dJmJYImI,Amazing Grace (feat. Corlea) - Live,Amira Willighagen;Corlea,Classical,opera,Sad;Chill,commute,85.166,0.113,0.478,0.178,0.814,3.83e-06,0.0381,0.661,-10.158,317135,24
5Qe2ogGBgher2D1U1k7Ezc,2020,Great Good Fine Ok,Pop,synth-pop,Romantic,commute;cooking;driving,153.924,0.623,0.609,0.544,0.33,2.43e-05,0.0798,0.144,-6.308,159500,36
1Bv9hN94N4tWGh7SvpB20a,Messages,A Flock Of Seagulls,Pop,synth-pop,Happy;Energetic;Motivated,workout;studying;driving,160.644,0.51,0.829,0.951,0.00591,0.439,0.0317,0.0428,-10.438,171640,23
4x5YzxjrF9wvIIXJV7TveC,Till Forever Falls Apart,Ashe;FINNEAS,EDM,electro,Sad;Dark;Chill,commute;driving,99.855,0.346,0.501,0.299,0.421,0.0,0.0364,0.0657,-6.939,222926,73
5Y1ZwJHNKXql7ZgdJnNt9d,Outra Vez,Armando Filho,R&B,gospel,Sad;Dark;Chill;Nostalgic,commute;driving,139.854,0.47,0.52,0.331,0.815,0.0,0.0378,0.253,-9.717,267240,37
3Mjk55kicIcfSDnOCprp93,Night and Day - '93 Remix,Zapp,Pop,synth-pop,Happy,commute;party;cooking;driving,112.282,0.765,0.602,0.815,0.394,0.0,0.0507,0.14,-11.024,188160,28
2QnaC2GQiRytjynYWqcxsa,When in Rome,Mac Miller,Hip-Hop,hip-hop,Dark,commute;driving,124.048,0.838,0.7,0.216,0.0513,0.0,0.0735,0.262,-4.301,223120,0
7B4uYqxTpTOS1sgxFB9Ann,The Last Ride,Sidhu Moose Wala,Hip-Hop,hip-hop,Happy,commute;party;cooking,89.029,0.792,0.647,0.638,0.0299,0.0,0.334,0.119,-5.447,262247,77
2gDX4tXEvYbgc16f1WT5g8,Hi-Potent,Roni Size;Reprazent,EDM,breakbeat,Energetic;Dark,workout;studying,164.843,0.552,0.967,0.364,0.0273,0.827,0.105,0.371,-1.939,413000,11
3W552UEuHMOzSCqbPsCF1j,Cat Prance,Toini & The Tomcats,Rock,rockabilly,Energetic;Motivated,workout,108.235,0.599,0.879,0.546,0.139,0.0,0.0677,0.307,-6.388,145053,24
3mk2PERyu8m9vRGjZDAnXa,"Baby, It's Cold Outside - Remastered 2004",Dean Martin,Jazz,jazz,Calm;Romantic;Chill;Nostalgic,studying,129.321,0.499,0.304,0.521,0.81,0.0,0.0632,0.0546,-11.543,143026,0
6XaS5vkoPCixQWImfhxNBC,Me Dê uma Chance,Raça Negra,Latin,pagode,Sad;Chill,studying;commute,118.473,0.45,0.419,0.207,0.651,0.0,0.0357,0.325,-12.816,230000,43
0lJAY0JMq6x2azw9RsAR8l,Gideão e os Trezentos,Eliã Oliveira,R&B,gospel,Dark,commute;cooking;driving,109.997,0.63,0.68,0.42,0.298,0.0,0.0311,0.114,-2.821,351173,41
4MzII8fszi8KkFl1ryv07L,Interloper,Carbon Based Lifeforms,Chill,ambient,Sad;Chill,studying;commute,80.0,0.522,0.462,0.104,0.674,0.969,0.0335,0.11,-11.273,389325,43
2MBaZXaQ7VKmDTr7cPPHP4,邊一個發明了ENCORE,Terence Lam,Pop,cantopop,Romantic;Chill;Nostalgic,commute;cooking,142.128,0.417,0.455,0.51,0.789,7.96e-05,0.0286,0.189,-10.075,286401,56
0aeeDPnPzocdl2htZwj2eE,Chão de Giz - Ao Vivo,Elba Ramalho,Latin,mpb,Romantic,commute;cooking;driving,161.812,0.476,0.648,0.468,0.415,0.0,0.0388,0.94,-7.886,353293,40
4QrLwgJt0OGkUFBbQKk0fL,The Revenant Main Theme,Ryuichi Sakamoto;alva noto,Chill,ambient,Sad;Calm,studying;sleep,131.552,0.159,0.123,0.0498,0.864,0.762,0.0652,0.104,-26.301,161465,52
0yNF0v2ozoM1qoCCMzZjlv,White Flag,Delta Heavy,EDM,drum-and-bass,Dark,commute,87.06,0.406,0.61,0.222,0.00395,0.0,0.0347,0.101,-3.06,183120,48
5a2UEK7RTqh292NKyPUyqd,Hoy,Tronic,Rock,punk-rock,Happy;Energetic;Motivated,workout,199.985,0.384,0.985,0.731,0.00745,0.0,0.0779,0.633,-2.165,131001,38
2YMlGrhVHdbXeDejv0R77R,Together Forever,Yo Yo Honey Singh,Hip-Hop,hip-hop,Happy;Energetic;Motivated,workout;party;driving,160.022,0.737,0.832,0.67,0.26,0.0,0.165,0.108,-5.199,229218,54
0IyiKR4HMc4NMq2TgAXgQl,Háblame de Ti,Paté de Fuá,Rock,j-rock,Calm;Romantic;Nostalgic,commute,111.976,0.724,0.351,0.426,0.494,0.0,0.0268,0.0797,-10.423,258993,36
1R0WmWmm3SGdHSiWLtQjNl,Pleasant Island Ease,Dan Gibson's Solitudes,Chill,new-age,Sad;Calm,studying;sleep,104.52,0.215,0.0821,0.0795,0.959,0.951,0.0353,0.592,-24.155,474120,20
1bKRkiT7RdtyO5G6Q05IJj,Little Drummer Boy,Scott Hamilton,Jazz,jazz,Sad;Calm;Chill;Nostalgic,studying;commute,91.564,0.509,0.383,0.341,0.905,0.902,0.0277,0.094,-9.993,362066,0
4ChVFOiAIPwnKLgWGUcErS,O Holy Night - Remastered 1999,Nat King Cole,Jazz,jazz,Sad;Calm,studying;sleep,82.062,0.123,0.261,0.136,0.718,0.0,0.0288,0.14,-11.245,176226,0
5bp8r2lUzk4QOtoFeVPNZB,What I've Done - Distorted Remix,Linkin Park,Rock,grunge,Energetic;Motivated,workout,120.025,0.565,0.894,0.595,6.71e-05,0.0739,0.0433,0.0802,-4.349,227573,33
1XWCqa4qi714D7THtTk4Xk,Tera Mera Viah,Jass Manak,Hip-Hop,hip-hop,Dark,commute,83.925,0.793,0.719,0.435,0.352,0.0,0.125,0.574,-3.698,197142,61
3vFLZOEIM1SxKWPvCCKqvg,"9 Variations on ‘Lison dormait’ from ‘Julie’ by N. Dezède in C, K.264: 7. Variation VI",Wolfgang Amadeus Mozart;Danielle Laval,Classical,classical,Calm;Nostalgic,studying;sleep,142.723,0.326,0.218,0.444,0.992,0.937,0.0345,0.178,-19.854,64492,4
2c3SnEnix3aPACpeJpsXMQ,"La bohème, SC 67 / Act 1: ""Io resto""",Giacomo Puccini;Luciano Pavarotti;Rolando Panerai;Nicolai Ghiaurov;Gianni Maffeo;Berliner Philharmoniker;Herbert von Karajan,Classical,opera,Sad;Calm,studying;sleep,93.009,0.319,0.157,0.102,0.964,0.000883,0.0804,0.174,-25.487,68866,29
2QNskthot9ctTMoDWrCXcc,Lunar Cycles,Project AER;v i v,Chill,ambient,Sad;Calm,studying;sleep,127.056,0.669,0.161,0.189,0.948,0.914,0.0468,0.0979,-22.266,168999,7
2LQbBzrXkgQHnCDUmHjReH,"Too Much, Too Young, Too Fast",Airbourne,Rock,hard-rock,Energetic;Dark,workout,114.03,0.588,0.873,0.398,0.00122,0.00122,0.0518,0.225,-4.011,226706,65
2IVLV0nVfugT059uaMbMEG,Te He Prometido,Alberto Vazquez,Rock,rock-n-roll,Chill,commute;cooking,124.146,0.561,0.412,0.556,0.107,1.61e-05,0.0298,0.242,-11.977,172000,31
0AVnmXyJebkGoLXuX1RTv8,Estrada da vida,Milionário & José Rico,Latin,sertanejo,Calm;Chill,studying;commute,166.691,0.501,0.374,0.813,0.682,0.0,0.029,0.276,-6.489,129070,48
0tVwFbZBkBjAiDRSgDLnKG,Eternally,Il Volo,Classical,opera,Sad;Chill,studying;commute,78.797,0.151,0.409,0.176,0.786,0.000118,0.0317,0.155,-6.936,199960,23
0oT1SdReedfykNvJ25MOTL,Deus É Mais,Diogo Nogueira,Latin,samba,Happy;Energetic;Motivated,party;driving,96.322,0.714,0.831,0.873,0.723,6.3e-06,0.0952,0.144,-6.91,216853,36
4OGG0Z1ccgXKXsKxlUeB8g,Vinhos E Lingeries - Ao Vivo,Exaltasamba,Latin,pagode,Romantic,commute;cooking;driving,139.954,0.512,0.618,0.53,0.656,0.0,0.0346,0.967,-8.699,228360,47
7vlYvmd809C4rWDAWuJuK3,Dying,Rotting Christ,Rock,black-metal,Energetic;Dark,studying,79.95,0.364,0.859,0.317,2.73e-05,0.808,0.0442,0.132,-3.625,288533,18
1HW8530N82xyALSo5SZQfp,On My Own - Extended Version,Nikka,EDM,idm,Happy;Energetic;Motivated,workout,152.985,0.597,0.975,0.875,0.0251,0.358,0.0336,0.188,-8.102,389929,9
6gBFPUFcJLzWGx4lenP6h2,goosebumps,Travis Scott,Hip-Hop,hip-hop,Dark,workout;commute;driving,130.049,0.841,0.728,0.43,0.0847,0.0,0.0484,0.149,-3.37,243836,84
4u1HzL0SxFIM9QeUTUWi9i,Forever Young,Rhydian,Classical,opera,Sad;Chill,commute,131.638,0.255,0.473,0.0626,0.186,6.42e-05,0.0383,0.104,-5.266,217866,20
5MlzjVzTnolUIah7beG87r,"Bizet: Carmen, Act 2: ""Les tringles des sistres tintaient"" (Carmen, Frasquita, Mercédès)",Georges Bizet;Maria Callas;Jane Berbié;Nadine Sautereau;Orchestre de l'Opéra National de Paris;Georges Prêtre,Classical,opera,Sad;Calm,studying;sleep,133.67,0.398,0.237,0.162,0.845,0.0,0.0589,0.0751,-14.006,267746,21
2jG0gbScgxXEcV1JfKwQeL,Merenda,Surra,Rock,death-metal,Energetic;Dark,workout,102.913,0.391,0.99,0.146,0.345,7.36e-05,0.269,0.279,-1.942,143866,28
5e0sqZrtakU2phj6IFxf79,Puff Puff Pass,Sultaan;Gavy Dhaliwal;Bhallwaan;Swapan Sekhon;Gur Chahal,Hip-Hop,hip-hop,Happy,commute;cooking;driving,175.94,0.666,0.618,0.56,0.218,0.0,0.185,0.197,-5.875,291818,60
0A9wBOsHnzromW2P72c7Rz,Missão Impossível - Ao Vivo,Suel;Sorriso Maroto,Latin,pagode,Happy;Motivated,workout;commute;party;driving,151.845,0.703,0.733,0.886,0.689,0.0,0.0503,0.227,-6.007,152228,54
6E6BCsQHXDAdXsrL7zV71N,Roz Roz,The Yellow Diary;Shilpa Rao,Hip-Hop,hip-hop,Romantic;Chill;Nostalgic,studying;commute;cooking,100.018,0.653,0.446,0.472,0.546,4.52e-05,0.0351,0.109,-7.867,218550,63
4cNyHp6DzvKM3qm1UZHDGD,桃花諾 (電視劇《上古情歌》片尾曲),G.E.M.,Pop,mandopop,Sad;Calm;Chill,studying,69.872,0.448,0.347,0.183,0.755,0.0,0.0355,0.112,-9.014,219759,47
6KWcq5p0wsz97N3eoRUSH6,I Really Wish I Hated You,blink-182,Rock,punk-rock,Happy;Energetic;Motivated,workout;driving,143.054,0.615,0.81,0.728,0.0358,0.0,0.0506,0.289,-6.137,191066,64
7If0Y9si7R6TQWRUa96m1S,Can't Stop Falling in Love,W O L F C L U B,Pop,synth-pop,Dark,commute;cooking;driving,99.985,0.66,0.686,0.438,0.00245,1.64e-05,0.0354,0.115,-5.403,194400,37
73p1IvAtkzi7yNYrsRC05G,愛人有新歡,my little airport,Pop,cantopop,Romantic;Chill;Nostalgic,studying;commute;cooking;driving,119.949,0.584,0.534,0.511,0.421,0.438,0.0424,0.0869,-9.201,125636,31
7IucSWZ1lHyjRKRAP6WgYh,Peaks Far Afield,Ametsub,EDM,idm,Dark,studying;commute;driving,117.883,0.668,0.614,0.238,0.401,0.774,0.0541,0.0915,-9.87,284040,9
2a1dpnaLw3CmTu9ofgwLE3,"A State Of Trance (ASOT 1090) - Tune Of The Year Votings, Pt. 4",Armin van Buuren,EDM,progressive-house,Happy;Energetic;Motivated,workout;driving,128.921,0.602,0.812,0.832,0.27,0.0,0.293,0.354,-8.006,35450,40
27b2jpa4WuCnpOtozx5kJ8,Aquela História,Strike,Rock,j-rock,Happy;Energetic;Motivated,workout,183.156,0.42,0.977,0.711,0.000212,0.000211,0.104,0.421,-4.348,189466,43
1HM7Vp84E4SMzdrZONg6bH,Wasted Years - 2015 Remaster,Iron Maiden,Rock,hard-rock,Energetic,workout,154.221,0.314,0.959,0.492,0.0263,0.000148,0.0908,0.161,-4.657,309640,67
11n8LudggXuZXmldSlAadR,I Can Almost See You,Hammock,Chill,ambient,Sad;Dark;Chill,studying;commute,74.195,0.0748,0.523,0.0383,0.782,0.866,0.0354,0.0886,-8.069,255335,52
6dNUykCNYFSrTkDToXYrGH,"Turandot / Act 2: Straniero, ascolta",Giacomo Puccini;Dame Joan Sutherland;Luciano Pavarotti;Sir Peter Pears;Montserrat Caballé;John Alldis Choir;London Philharmonic Orchestra;Zubin Mehta,Classical,opera,Sad;Calm,studying;sleep,78.215,0.262,0.25,0.0372,0.974,8.61e-06,0.0981,0.625,-15.801,409066,23
031UpfMz8ezzJSB39T07f0,The Girl From Ipanema - Single Version,Stan Getz;João Gilberto;Astrud Gilberto;Antônio Carlos Jobim,Jazz,jazz,Calm;Nostalgic,studying;sleep,130.415,0.695,0.178,0.486,0.875,0.000196,0.0346,0.0929,-15.743,167226,39
1Cy8vJyd2f4QmAo7QxOBt1,Andare,Ludovico Einaudi,Chill,ambient,Sad;Calm,studying;sleep,169.153,0.398,0.19,0.174,0.987,0.911,0.0302,0.0834,-18.011,417733,49
6gI8YckvaJ0En2tyqxnJaP,Solución Suicida,Horcas,Rock,heavy-metal,Energetic;Dark,workout,127.602,0.263,0.951,0.137,1.1e-05,0.138,0.0558,0.0572,-10.229,320933,29
6OGkWj1Pt3CEctzLtW9dGR,Pele de maçã - Ao vivo,Matogrosso & Mathias,Latin,sertanejo,Motivated,workout;commute;driving,183.668,0.295,0.704,0.544,0.571,0.000732,0.042,0.648,-7.531,226120,44
5SDcksP8En1l6RtTY1wzHc,Oceans (Where Feet May Fail),Hillsong UNITED;TAYA,Rock,alt-rock,Sad;Calm;Chill,studying;commute,124.328,0.264,0.363,0.0613,0.501,0.00406,0.0338,0.11,-10.196,536000,71
3Bh7XsEU3ITiT5t1tefc04,Timebomb Zone,The Prodigy,EDM,breakbeat,Energetic;Dark,workout;studying,130.016,0.524,0.898,0.229,0.000328,0.796,0.0409,0.102,-6.543,204914,11
5cGipBquhoVjNn5U6XX61k,自毀的程序,Jer 柳應廷,Pop,cantopop,Romantic;Chill;Nostalgic,commute;cooking;driving,135.033,0.432,0.552,0.43,0.468,0.0,0.0313,0.157,-6.245,238972,55
0uodPU7TAUquwBlY6yT4Qx,家明,Kay Tse,Pop,cantopop,Chill;Nostalgic,commute,206.818,0.282,0.493,0.39,0.434,0.0,0.0435,0.118,-7.413,268342,38
1VW7hBVp7O0gYSdu8fHbue,"Your Love (Once Upon A Time In The West) - Live At Central Park, New York / 2011",Andrea Bocelli,Classical,opera,Sad;Calm,studying;sleep,84.136,0.193,0.244,0.107,0.95,0.00224,0.0352,0.704,-11.799,226748,22
6Kynli1iHBqJRWUCohcV9h,Kaam 25 - Sacred Games,DIVINE,Hip-Hop,hip-hop,Happy;Energetic;Motivated,workout,125.645,0.484,0.948,0.686,0.0473,0.0,0.451,0.0565,-4.296,149524,66
0H1Uhrit1CxZzGBgsAz4at,Rasaathi Nenja - Madras Gig Season 2,Yuvan Shankar Raja;Dharan Kumar,Pop,k-pop,Sad;Dark;Chill;Nostalgic,commute;driving,91.999,0.618,0.544,0.322,0.557,0.0,0.0475,0.0746,-6.336,287045,48
0bNo9xPetAFAw0sL1rpIuu,Uau Que Delícia,Parangolé,R&B,funk,Happy;Energetic;Motivated,workout,101.846,0.675,0.852,0.871,0.602,0.0,0.21,0.611,-2.185,134471,44
4Yl6ianWRtblrtPHlaL3Jo,BABY,FACE,Rock,emo,Happy;Energetic;Motivated,workout;party;driving,139.923,0.765,0.783,0.686,0.0669,0.0,0.0334,0.239,-5.276,152424,52
6DTXu569XPBAm4sKH4ZDaG,Subrahmanyam,T. M. Krishna,Classical,classical,Calm;Chill,studying;commute,168.338,0.486,0.391,0.879,0.927,0.000874,0.0408,0.149,-10.397,120200,31
1o6MIlfQAu0nmd7lu1qzvO,Faith In The Untamed,Stick To Your Guns,Rock,metalcore,Energetic;Dark,workout,89.752,0.531,0.861,0.324,0.0047,0.000128,0.113,0.606,-6.054,221306,27
20JTNRnNUJL75tSJmtg2ZY,In Da Getto,J Balvin;Skrillex,Latin,latin,Motivated,workout;commute;party;driving,126.998,0.924,0.723,0.643,0.0177,2.61e-05,0.0466,0.113,-3.142,130666,5
17i5jLpzndlQhbS4SrTd0B,"Cello Suite No. 1 in G Major, BWV 1007: I. Prélude",Johann Sebastian Bach;Yo-Yo Ma,Classical,classical,Sad;Calm;Nostalgic,studying;sleep,73.289,0.275,0.157,0.304,0.89,0.842,0.0636,0.186,-18.752,152280,69
77Jbr7aQyYsH20luHDn7iv,Nemluv Na Mě,Reznik,Rock,emo,Happy;Energetic;Motivated,workout,85.009,0.687,0.835,0.698,0.142,0.0,0.341,0.0831,-7.695,208682,37
3AhotTd61YSUaIvPDVkmsf,COCOTA FEIA PRA CARALHO,DJ Arthur ZL,R&B,funk,Happy;Energetic;Motivated,workout;party,130.043,0.843,0.976,0.747,0.31,0.0,0.293,0.439,0.83,192075,45
25JWyDp4DkZpRzChZKHiPw,Cakes And Ale And Everlasting Laugh,ELLEGARDEN,Rock,emo,Energetic;Dark,workout,154.96,0.382,0.945,0.314,0.000486,0.0,0.067,0.0481,-2.897,184173,36
68liqwYAr7W5EtDaHgCi9N,Solo Vete Por Favor,La Adictiva,R&B,r-n-b,Calm;Chill,studying,80.019,0.687,0.327,0.793,0.516,0.0,0.039,0.0908,-7.459,229240,44
3Cs2cP4ucvaO22LCNljzJY,The Wonder of You - with The Royal Philharmonic Orchestra,Elvis Presley;Royal Philharmonic Orchestra,Rock,rockabilly,Dark,workout;commute;driving,136.148,0.266,0.735,0.442,0.421,0.0117,0.0508,0.17,-5.863,151013,51
1i2OjHZiiyMDl9Gzb2xnMY,"Porz Goret (Bruel & Kjaer, Mod. 4006 Version)",Yann Tiersen;Alessandro Simonetto,Chill,ambient,Sad;Calm,studying;sleep,173.674,0.227,0.00414,0.166,0.99,0.951,0.04,0.0869,-33.712,254271,18
4Y9x59A25BP1UHfGUhG6hM,Diamonds,The Baseballs,Rock,rockabilly,Happy;Energetic;Motivated,workout;driving,110.018,0.691,0.788,0.864,0.548,0.0,0.0884,0.12,-5.552,178803,26
7r5mwkXhvyT6h62u0xEZY9,Tanz der Stunden,Amilcare Ponchielli;Sir Neville Marriner;Academy of St. Martin in the Fields,Classical,opera,Sad;Calm,studying;sleep,78.835,0.337,0.0455,0.211,0.958,0.0936,0.0398,0.164,-24.919,184573,23
3b5Li4QKDVBx1x7fQuu54a,Tired,Alan Walker;Gavin James,EDM,electro,Energetic,workout,123.994,0.69,0.876,0.493,0.0428,0.0,0.059,0.147,-4.159,192111,64
4jSnDdlp89RGYD5m7hwRge,Sem Você Tá Foda,Mc Roginho;Raphaela Santos,R&B,funk,Happy;Motivated,workout;commute;party;driving,145.167,0.739,0.748,0.695,0.509,0.0,0.0463,0.107,-5.287,166504,47
18DjkS5pjqCBROtTVH4GK6,We Do What We Want,Alan Fitzpatrick,EDM,minimal-techno,Energetic;Dark,workout;studying,126.01,0.77,0.966,0.349,0.000438,0.932,0.0422,0.098,-6.703,505577,52
0UmgSmZATW9Lp6VJ7iKtpX,Homem do espaço,Jorge Ben Jor,Latin,mpb,Happy;Energetic;Motivated,workout,197.08,0.497,0.931,0.95,0.0832,0.0,0.126,0.0513,-6.104,296200,0
5PURTIpVPE45Al5IV0QJOS,Mallige Hoova,All Ok;Ashika Ranganath,Pop,k-pop,Happy;Energetic;Motivated,party,100.003,0.798,0.906,0.721,0.225,0.000337,0.097,0.05,-3.874,177600,44
6C8JJFoGC4dkVtAHVK3iif,"Two Two Two (From ""Kaathuvaakula Rendu Kaadhal"")",Anirudh Ravichander;Sunidhi Chauhan;Sanjana Kalmanje,Hip-Hop,hip-hop,Happy,commute;party;cooking;driving,140.171,0.821,0.69,0.648,0.0202,0.00398,0.187,0.199,-4.981,176345,66
4oOPtRCqhe9ROLXr4wS3it,Deseos - Remix,Jhayco;Nio Garcia;Casper Magico;Bryant Myers,Latin,latin,Motivated,commute;party;driving,93.013,0.843,0.731,0.636,0.259,0.0,0.134,0.306,-5.583,238106,0
37HI0imp0t6a0MBS00lPkS,The Mighty Rio Grande,This Will Destroy You,Chill,ambient,Sad;Calm,studying;sleep,111.995,0.263,0.171,0.038,0.241,0.87,0.0338,0.0766,-11.748,676986,49
1nSEA6hcYvzAm9omZY6U7c,Requiem: XVII. Libera Me,Giuseppe Verdi;Sir Colin Davis;Christine Brewer;London Symphony Orchestra,Classical,opera,Sad;Calm,studying;sleep,117.718,0.273,0.122,0.0731,0.96,0.00333,0.0575,0.0635,-22.173,352371,23
1hNyAO6FGbezL5nMAdn6W7,Era uma Vez,MC Cabelinho;DJ Meek;Davi;Luan;Juninho,R&B,funk,Happy;Energetic;Motivated,workout,180.767,0.464,0.868,0.884,0.382,0.0,0.456,0.658,-4.745,208692,45
2VFQ4kS85puKOMIqWC2EJ0,Lambhodharaya,Nithyasree,Classical,classical,Romantic;Nostalgic,commute;cooking,131.915,0.703,0.467,0.565,0.653,0.0,0.0335,0.096,-7.498,490706,31
0b6ESy6omvvTR8jza5esz7,Déjate Querer,Lalo Ebratt;Sebastian Yatra;Yera;Trapical Minds,Latin,latin,Happy;Energetic;Motivated,party;driving,106.015,0.755,0.792,0.842,0.028,0.0,0.0483,0.0754,-4.238,202823,0
1ZQ3HIqSmUJVqMy4Jv7nS9,Some Kind Of Wonderful,Peter Cincotti,Jazz,jazz,Calm;Nostalgic,studying;sleep,105.992,0.769,0.293,0.434,0.665,0.00134,0.0298,0.187,-12.561,212426,37
4OqEhg8rro0TgLzeyyNFWJ,Scarborough Fair,Sarah Brightman,Classical,opera,Sad;Calm;Chill,studying;commute,119.957,0.433,0.389,0.157,0.789,0.00821,0.0301,0.0901,-10.086,252480,38
3LclB7zSmNSTE6owUaJXmO,A Cultura,Sabotage;Rappin' Hood;Helião,R&B,r-n-b,Happy,commute;cooking;driving,90.409,0.86,0.554,0.636,0.0808,0.0,0.377,0.307,-7.981,282853,42
7rUchbZxrhF29Q0vYjKEU0,Can't C Me,2Pac,R&B,funk,Happy;Energetic;Motivated,party,95.44,0.795,0.852,0.673,0.0442,3.47e-06,0.178,0.39,-2.238,330760,70
5V5BeAxfzqn7rkZpDiS3BM,Aamhi Vithlache Warkari,Bhimsen Joshi;Pt. Jitender Abhisheki;Ajit Kadkade,Classical,classical,Romantic;Chill;Nostalgic,commute;cooking,86.902,0.467,0.526,0.52,0.476,0.0,0.0366,0.0933,-11.977,324340,35
0rUr1CXoEroBjS2CRZlN8r,Grandioso És Tu - Ao Vivo,Fernandinho,R&B,gospel,Sad;Chill,commute,137.75,0.232,0.401,0.131,0.363,0.000744,0.0282,0.108,-8.987,639546,38
0AF4u0z6IUDbOrjPq7XHNJ,"8 Menuette, K.315a: Menuetto 7 in A Major",Wolfgang Amadeus Mozart;Francesco Piemontesi,Classical,classical,Calm;Nostalgic,studying;sleep,163.648,0.486,0.0372,0.638,0.995,0.923,0.067,0.0995,-28.981,96013,1
6vcXtPGqYCgNMJoOIiuxsB,Грешная страсть,Dimash Qudaibergen,Classical,opera,Sad;Chill,commute,129.353,0.282,0.461,0.217,0.537,0.0,0.0389,0.522,-10.83,289057,46
66YKSygcUZHHqHJZcWslI3,句號,G.E.M.,Pop,mandopop,Sad,commute;cooking,143.947,0.72,0.481,0.443,0.246,0.0,0.0621,0.0704,-8.552,235632,55
4C426PqeHP8XqHU5mQIAKS,Just the Two of Us,"Grover Washington, Jr.;Bill Withers",Jazz,jazz,Romantic;Nostalgic,commute;cooking,95.77,0.802,0.488,0.624,0.572,0.0598,0.0813,0.0763,-9.304,237106,61
1Ar7e2tSJNuEp81wQSZACU,Winter Wonderland,Dean Martin,Jazz,jazz,Calm;Nostalgic,studying;sleep,129.416,0.446,0.245,0.458,0.905,3.07e-05,0.0349,0.122,-14.733,114226,0
2NkLltdxEz6LgS12cFkabc,How You Got That Girl,Ex Hex,Pop,power-pop,Dark,workout;commute;driving,140.444,0.626,0.726,0.459,0.163,1.7e-05,0.0704,0.533,-6.005,186226,22
1wV8YKTNoW9ACUseJCemxD,Flight of the Eagle (Piano and Cello),Brian Crain,Chill,new-age,Sad;Calm,studying;sleep,111.579,0.345,0.225,0.139,0.984,0.825,0.0312,0.112,-14.256,236667,23
4CMsQiI6pgTEku4AOPmyet,The Swan,George Winston,Chill,new-age,Sad;Calm,studying;sleep,73.17,0.501,0.0287,0.0822,0.969,0.893,0.0446,0.106,-19.538,372288,21
3c99CLw6Kxp2sx8SlpqPm9,Um Louco - Ao Vivo,Zé Henrique & Gabriel;Marília Mendonça,Latin,sertanejo,Dark,commute;driving,139.993,0.544,0.649,0.303,0.711,0.0,0.0319,0.364,-5.917,214000,45
3Sd5eBByIJatNp4YTrDyJ4,Send in the Clowns,Elaine Paige,Classical,opera,Sad;Calm,studying;sleep,79.531,0.399,0.0222,0.144,0.961,0.000983,0.0427,0.309,-21.862,248560,19
1BVMEv3NmUy4cGY9nnOotM,Espelho Espelho Meu,Banda A Loba,Latin,forro,Happy,commute;cooking;driving,125.999,0.802,0.592,0.883,0.795,0.0046,0.0336,0.118,-6.071,173215,40
0fKRQb774EaFQcCJEWfoDY,"Sonata for violin and piano, L. 140: I. Allegro vivo",Claude Debussy;Andrzej Cieplinski;Tymoteusz Bies,Classical,classical,Sad;Calm,studying;sleep,135.547,0.303,0.0313,0.0586,0.988,0.85,0.0486,0.0484,-21.266,336373,3
6nOifXpg2iL2WAHkZamsei,Sem pressa,MC GP;Mc Kadu;Mc Kanhoto;MC Ryan SP;Caio Passos;DJ Guh Mix,R&B,funk,Happy,commute;cooking,77.752,0.583,0.671,0.905,0.298,0.0,0.374,0.173,-4.036,306666,61
6nW2ucfxkjeb6IeKWesbPJ,Whenever You're On My Mind,Marshall Crenshaw,Rock,j-rock,Happy;Motivated,workout;commute;driving,115.061,0.511,0.748,0.895,0.173,0.0,0.0434,0.22,-11.793,197493,34
6zzLSQGQtCjbnWV79Dppdy,The Christmas Song (Merry Christmas To You) - Remastered,Nat King Cole,Jazz,jazz,Sad;Calm,studying;sleep,85.256,0.294,0.253,0.234,0.884,6.3e-06,0.0349,0.132,-13.146,188266,0
1E7J7TnkKckwyNF9Gf3ZqS,Então é Só Clamar,Quatro por Um,R&B,gospel,Dark,commute;driving,127.864,0.542,0.686,0.29,0.232,0.0,0.031,0.0833,-3.881,239908,42
014DA3BdnmD3kI5pBogH7c,Cứ Chill Thôi,Chillies;Suni Hạ Linh;Rhymastic,Pop,indie-pop,Happy,commute;party;cooking;driving,101.017,0.781,0.608,0.609,0.217,3.63e-05,0.0408,0.158,-8.452,270000,61
1kFNtMIzjoNMwPm5fPpPzv,Never Stop,Rawframez,EDM,hardstyle,Energetic;Dark,workout,160.349,0.279,0.961,0.115,0.0146,0.0,0.567,0.351,-3.239,161825,21
5BtbUCNouclA25pfuBpDwX,Reunion of Joy,Dan Gibson's Solitudes,Chill,new-age,Sad;Dark;Chill,commute;driving,114.887,0.271,0.544,0.0342,0.971,0.0489,0.193,0.68,-19.015,81573,23
6lDyc6QGEGUsBc7Y3Fk9BC,やさしさに包まれたなら,Crazy Ken Band,Rock,rockabilly,Happy;Energetic;Motivated,party;driving,105.007,0.745,0.834,0.841,0.048,0.0,0.0247,0.314,-5.682,206973,23
1MIfJSBqnWK7XqwbDvs6hZ,La Distancia,Orquesta Inmensidad,Latin,salsa,Happy;Chill,commute;cooking;driving,102.835,0.53,0.562,0.894,0.759,6.69e-06,0.0374,0.0976,-7.46,365120,30
0ZFzV813vzKHfEYWX9gIeE,I Wanna Dance With Somebody (Who Loves Me),Nora Van Elken,EDM,deep-house,Energetic;Motivated,workout;party;driving,117.99,0.804,0.82,0.564,0.398,0.0624,0.0408,0.0992,-5.375,152476,61
3RVzwaaUdpKL2avO1VuYAr,Crystal Mist,Dan Gibson's Solitudes,Chill,new-age,Sad;Calm,studying;sleep,85.257,0.203,0.108,0.12,0.932,0.949,0.0367,0.677,-23.055,560653,31
6b6mmcR7bq9fePa88KjCvA,To the Water,Maire Brennan,Classical,opera,Sad;Calm;Chill,studying;commute,90.136,0.499,0.394,0.157,0.845,0.0691,0.0318,0.089,-14.791,205400,45
5raWEZXYAapq6Qw1GIEIkU,Zingaat,Ajay-Atul,Hip-Hop,hip-hop,Happy;Energetic;Motivated,workout;party;driving,130.032,0.834,0.788,0.705,0.359,0.27,0.213,0.396,-7.294,226501,59
0ReCEc0B5vFdvMMpc18xYf,Cola - Club Mix,CamelPhat;Elderbrook,EDM,deep-house,Dark,studying;commute;driving,121.998,0.733,0.688,0.342,0.00897,0.624,0.0518,0.325,-9.025,415651,56
7dlLvLDyVH7D7wvoaMuHVE,Winter Wonderland,Tony Bennett,Jazz,jazz,Romantic;Chill;Nostalgic,commute;cooking,126.58,0.653,0.495,0.448,0.529,0.0,0.0351,0.116,-7.803,149426,39
3Te9Xd6Xe9VlNYShcOthTV,Govinda Govinda,Priya Sisters,Classical,classical,Happy,commute;cooking;driving,102.321,0.595,0.657,0.782,0.735,0.0,0.0298,0.387,-5.418,324265,35
3fq4QycwYA1Uce4nyTb4Y5,Quartz,KASHIWA Daisuke,EDM,idm,Sad;Calm;Nostalgic,studying;sleep,77.883,0.499,0.206,0.319,0.991,0.865,0.227,0.189,-19.235,196186,10
2kMmSv9OgzDwHEhewu7U9w,Cavalleria rusticana: Preludio,Pietro Mascagni;National Philharmonic Orchestra;Gianandrea Gavazzeni,Classical,opera,Sad;Calm,studying;sleep,92.534,0.175,0.204,0.0616,0.847,0.937,0.041,0.605,-18.887,125733,29
1KmeyQfVjX1odybN9aEfWt,Inis Mona,Eluveitie,Rock,death-metal,Energetic;Dark,workout,107.031,0.43,0.991,0.276,0.000343,0.00249,0.0916,0.416,-2.837,249240,54
1AAYbsAIgEJMbxgLgpjE9y,Since I Left You,The Avalanches,Rock,psych-rock,Energetic;Motivated,workout,102.778,0.518,0.912,0.504,0.226,0.0,0.0573,0.726,-7.275,262840,57
60LQyChe1kB6hki9OLERRM,Angele Dei (arr. Kaye),Andrea Bocelli,Classical,opera,Sad;Calm;Chill,studying,85.749,0.132,0.311,0.0378,0.95,0.00548,0.0339,0.0884,-11.613,261792,22
1KwsaxyLgurFmC3xK9Ranq,Rap do Kakuzu: Achou Que Eu Tinha Morrido (Nerd Hits),7 Minutoz,R&B,r-n-b,Dark,commute;driving,150.095,0.714,0.696,0.317,0.285,0.0,0.202,0.0977,-5.097,185769,40
5TgIPCn0sNM0PNXjhgbTuU,Aquí Sigo Yo,Balbi El Chamako;Arte Elegante,Latin,latino,Happy;Energetic;Motivated,workout;driving,174.0,0.603,0.779,0.738,0.0993,0.0,0.259,0.296,-5.932,181343,41
1QkaME1J8C8Pau6DHwkrIO,Arms Around Me,Starley,EDM,deep-house,Happy,commute;party;cooking;driving,114.068,0.702,0.684,0.625,0.101,0.0,0.035,0.0646,-5.669,181363,56
2uz8tJWTg8hXUVG8llUl0E,Thillana - Dhanashree - Adi,Rajhesh Vaidhya,Classical,classical,Happy;Motivated,studying;commute;driving,100.455,0.494,0.702,0.886,0.584,0.951,0.033,0.0735,-7.064,215826,35
02SO3ikjtfG1avKhU3jQdw,"Schönberg, Claude-Michel: I Dreamed a Dream (from ""Les Misérables"")",Lesley Garrett;Philip Ellis,Classical,opera,Sad;Calm,studying;sleep,89.451,0.224,0.205,0.0566,0.958,0.0125,0.0367,0.0757,-12.869,273480,19
15tIB5MPquBcVd4pAVlzm1,Levitation,Hoffy Beats;Iamcloud,Jazz,jazz,Sad;Calm,studying;sleep,125.019,0.701,0.015,0.0364,0.863,0.927,0.0561,0.0992,-23.549,123347,50
3q4ajx7YmLHEAstmtZzZwc,Frio da Madrugada - Ao Vivo,Pedro Sanchez e Thiago,Latin,sertanejo,Energetic;Dark,workout;driving,111.874,0.549,0.788,0.352,0.235,0.0,0.0473,0.452,-3.207,244682,54
3MVm36ouM56jbP5rORxbVy,Sadeness - Pt. 1 / Radio Edit,Enigma,Chill,new-age,Chill,commute;cooking,95.721,0.607,0.478,0.51,0.0866,0.106,0.0354,0.0983,-13.677,260399,59
0KQQimYTGg3Rc1bISoSuXl,Cielo De Un Solo Color,No Te Va Gustar,Rock,alt-rock,Motivated,commute;driving,95.016,0.603,0.715,0.564,0.04,0.0,0.037,0.195,-7.254,244093,46
0pnulKmG8ETBuzY2NUoxRO,Sensual Girl,Mc Davi;Costa Gold,R&B,funk,Calm,commute,122.899,0.808,0.399,0.384,0.243,0.0,0.245,0.12,-10.484,223738,44
4AKGj2MWGWVtsSkLNAitPK,Beer for Breakfast,The Replacements,Pop,power-pop,Happy;Energetic;Motivated,workout,180.499,0.517,0.855,0.913,0.0733,0.00123,0.0355,0.0678,-5.594,97866,21
6oX4cFt2RsKuGKX2a2qOEe,"Lo How A Rose, Ere Blooming",Jon Schmidt,Chill,new-age,Calm;Nostalgic,studying;sleep,135.355,0.512,0.00212,0.45,0.996,0.944,0.262,0.0873,-27.541,87640,20
58pYOqfeO87Uk8zPHuOGBu,Gajanana,Sukhwinder Singh,Hip-Hop,hip-hop,Energetic;Dark,workout,108.006,0.42,0.872,0.397,0.243,0.0,0.0397,0.346,-2.221,213707,57
64BbK9SFKH2jk86U3dGj2P,Otherside,Red Hot Chili Peppers,Rock,alt-rock,Energetic;Motivated,workout;driving,123.229,0.458,0.795,0.513,0.00316,0.000202,0.0574,0.0756,-3.265,255373,80
5Z7P7KAbtSRqGAg5t44PI4,Tudo Sobre Mim,Vanilda Bordieri;Leandro Borges,R&B,gospel,Sad;Calm;Chill,studying;commute,61.113,0.585,0.382,0.169,0.645,0.0,0.0369,0.258,-6.81,242641,38
10kHKrWmrGJG1J9xO8HMDi,Te Quiero Pa´Mi,Don Omar;Zion & Lennox,Hip-Hop,hip-hop,Energetic;Motivated,party,89.005,0.765,0.816,0.624,0.124,8.19e-05,0.0595,0.197,-3.99,212026,2
1SkwlmVJaqikct9OqPPn78,O Cidadão Do Mundo,Chico Science;Nação Zumbi,Rock,hard-rock,Energetic;Motivated,party;driving,95.246,0.743,0.845,0.514,0.0033,5.7e-05,0.0512,0.0664,-8.912,200866,39
3IxTzXsvEeKmVDewO5Gqp9,The Golden Path,The Chemical Brothers;The Flaming Lips,EDM,breakbeat,Energetic;Motivated,workout;driving,135.982,0.642,0.83,0.551,0.263,0.0032,0.0336,0.0839,-5.903,287440,47
1v8FDlHrU0Cc7ePE0enRJM,Love's Arrival - Dub,Larry Heard,EDM,chicago-house,Happy,studying;commute;cooking;driving,105.992,0.787,0.568,0.72,0.000375,0.874,0.0677,0.0858,-13.768,405618,10
53DXM0bHfB7xkqJZYlksuh,Kaise Mujhe,Benny Dayal;Shreya Ghoshal,Hip-Hop,hip-hop,Sad;Chill,studying;commute,82.002,0.59,0.414,0.292,0.781,0.000522,0.0346,0.146,-12.391,343741,60
5IxzBnaLKCgtUNgaUVLq3J,Moon-Silvered Clouds,Deuter,Chill,new-age,Sad;Calm,studying;sleep,126.753,0.269,0.0391,0.051,0.981,0.96,0.0406,0.112,-25.708,406586,26
4TDOq2xp9i10RZcOTsmyMS,Triple X,Sub Focus,EDM,drum-and-bass,Energetic;Dark,workout;studying,174.035,0.392,0.907,0.186,6.89e-05,0.824,0.0384,0.384,-5.963,238280,18
491DwnBb3MA8RzyA2E0Skt,"Nenjame (From ""Doctor"")",Anirudh Ravichander,Hip-Hop,hip-hop,Dark,commute;driving,139.933,0.45,0.647,0.122,0.26,5.8e-05,0.0835,0.402,-9.067,256500,56
1BYcVD1V0VTdX6jucnGZP8,La Pesca,June Anderson;Raul Gimenez;Kathryn Bouleyn;Alessandro Corbelli;Nina Walker,Classical,opera,Sad;Calm,studying;sleep,99.438,0.254,0.057,0.0398,0.988,1.85e-06,0.0451,0.0914,-22.748,229000,20
7CcX5AUh3JOQZYIgOVpIr7,誰願放手,Kelly Chen,Pop,cantopop,Sad;Calm;Chill,studying,146.094,0.601,0.324,0.255,0.847,0.0,0.033,0.105,-11.209,191160,45
33es3TwcRecbr3mJrEc8nw,Rising,Phlocalyst;Hoogway;Akīn,Jazz,jazz,Sad;Calm;Chill,studying;commute,70.915,0.366,0.398,0.0399,0.785,0.846,0.0758,0.111,-9.75,141971,59
0EvlAy9hx3kbnqfgg8VX7z,Skrt,Kodak Black,Hip-Hop,hip-hop,Sad;Calm,studying;commute,111.065,0.901,0.352,0.199,0.585,0.0,0.0915,0.122,-10.038,224864,0
5omhxsgYVuHdXZY8zNIMeh,Power Of Moonlite,Tiger Army,Rock,psych-rock,Energetic,workout,129.285,0.45,0.983,0.453,0.00432,0.0,0.13,0.332,-1.956,178440,33
4RMcbb9ITtAESFO6Sg0DLo,Sunflakes,RLLBTS;Run Wallace;Golden Ticket Tapes,Jazz,jazz,Happy;Chill,studying;commute;cooking,88.014,0.697,0.575,0.685,0.00291,0.612,0.0406,0.106,-9.67,134318,57
4vvsoE0obRvFalTtxHGnTn,A Morte do Vaqueiro,Luiz Gonzaga,Latin,forro,Happy;Romantic;Chill,commute;cooking;driving,125.447,0.545,0.537,0.668,0.735,0.0,0.0308,0.186,-5.023,161133,38
0EZczyRdMplBsccyVDBiHv,The Listening Wind,Michael Hoppé;Martin Tillman;Tim Wheater,Chill,new-age,Sad;Calm;Nostalgic,studying;sleep,117.554,0.505,0.13,0.331,0.797,0.896,0.0373,0.121,-18.926,227200,23
64rb32uukT0vAw22ZiFZ2F,Tesão a Primeira Vista (Ao Vivo em Goiânia),Kamisa 10,Latin,pagode,Happy;Motivated,workout;commute;party;driving,129.881,0.702,0.739,0.757,0.494,0.0,0.0976,0.949,-5.825,156230,51
3iOqivy61CFqjcvAbcAU9u,Fall On Me,Andrea Bocelli;Matteo Bocelli,Classical,opera,Sad;Calm,studying;sleep,83.862,0.35,0.149,0.189,0.642,0.0,0.0334,0.109,-12.196,258812,56
5JXvoEZEgcU8In4etecfrh,Que Saudade Que Eu To,MC Igão;MC Meno K;Dj Chulo,R&B,funk,Calm,commute;cooking,82.16,0.73,0.499,0.721,0.161,0.0,0.119,0.101,-2.584,151384,48
0bKZa2zldftYPRrSRscmG2,Straight Out Of Line,Godsmack,Rock,grunge,Energetic;Dark,workout,184.042,0.245,0.96,0.372,0.000184,0.00268,0.175,0.0718,-4.719,259133,52
22mK3JHgM6ATUkfI7BHemg,"9 Variations on a Minuet by J.P. Duport in D, K.573: 3. Variation II",Wolfgang Amadeus Mozart;Danielle Laval,Classical,classical,Calm,studying;sleep,142.908,0.277,0.177,0.85,0.974,0.981,0.0348,0.228,-19.688,62280,5
3FtYbEfBqAlGO46NUDQSAt,Electric Feel,MGMT,Rock,alt-rock,Energetic;Motivated,party;driving,103.04,0.763,0.803,0.561,0.0709,0.285,0.0351,0.348,-3.713,229640,77
66FPjV3RMpyGvNpXgNgKRu,Em teu olhar,Mc Daleste;Studio Thg,R&B,funk,Happy;Chill,commute;cooking;driving,124.994,0.648,0.518,0.761,0.704,0.0,0.0355,0.168,-12.035,176863,42
5ccrbaovXwo2WTFCo2PzJB,Marionette - Stephan Bodzin Remix,Mathew Jonson;Stephan Bodzin,EDM,minimal-techno,Energetic;Dark,workout;studying;driving,125.005,0.743,0.796,0.245,0.0806,0.88,0.0428,0.0951,-8.375,467171,36
5kcameNhkFMVPRcOALb979,Barato Total,Liniker,Latin,mpb,Calm;Chill,studying;commute,84.397,0.557,0.387,0.867,0.632,0.0389,0.0448,0.104,-11.601,244235,41
1WheyFsHUcBWQ33WNHcZdI,Wake Up,Laurent Garnier,EDM,minimal-techno,Energetic;Motivated,workout;studying,135.716,0.674,0.952,0.518,0.0572,0.562,0.0515,0.072,-6.386,457344,0
19TSZedtW2YMsqkYeVleCv,Ascar,Little Symphony,Chill,ambient,Sad;Calm,studying;sleep,61.885,0.108,0.0712,0.0447,0.795,0.921,0.0479,0.131,-25.938,124118,28
5WsLhiPFZYgnd3EmgEVR31,Profile,Alkaline;Black Shadow,EDM,j-dance,Happy;Energetic;Motivated,party;driving,104.089,0.727,0.755,0.697,0.0375,2.63e-05,0.0511,0.257,-3.689,144131,20
1fewSx2d5KIZ04wsooEBOz,Space Cadet (feat. Gunna),Metro Boomin;Gunna,Hip-Hop,hip-hop,Romantic,commute;cooking,109.004,0.901,0.464,0.638,0.368,1.71e-05,0.0645,0.238,-9.789,203266,81
4GbTgGizUjRxDIRJKe3r7a,垃圾,Candy Lo,Pop,cantopop,Sad;Calm;Chill,studying;commute,107.971,0.528,0.36,0.225,0.739,1.31e-06,0.0369,0.101,-11.301,228493,42
2IuZrdeI3ZYUbzSyxbwUdo,Che Bandoneón,Aníbal Troilo Y Su Orquesta Típica,Latin,tango,Romantic;Chill;Nostalgic,studying;commute;cooking,86.934,0.421,0.426,0.505,0.764,8.8e-05,0.046,0.207,-5.294,190880,15
1SphYpzegC5wg8RV5kYkVv,Falling In,Lifehouse,Rock,grunge,Energetic,workout;driving,122.74,0.653,0.849,0.493,0.000678,0.0,0.0283,0.0895,-5.071,226280,43
1T98vYODVa5R84kbBGzQjl,Investimento,Matheus & Kauan,Latin,sertanejo,Happy,commute;cooking;driving,119.328,0.6,0.673,0.707,0.486,0.0,0.0654,0.125,-6.069,164154,48
4hAmLeBT1Ryk2oxSMMiJ7z,Oouuu,Karan Aujla,Hip-Hop,hip-hop,Dark,commute;party;cooking;driving,150.019,0.779,0.693,0.469,0.0832,0.0,0.0885,0.0874,-6.033,147200,67
0Y3dc51UKU7ZLpLX9GVewk,Vete,Maelo Ruiz,Latin,salsa,Energetic;Motivated,workout,87.418,0.686,0.772,0.572,0.157,3.81e-06,0.0417,0.109,-6.848,288386,28
5EnCFISDzoIMWMaicJxxX9,Lovin' So Hard,Becky G,Latin,reggaeton,Energetic;Motivated,workout,77.5,0.603,0.828,0.551,0.0616,3.26e-05,0.0505,0.138,-5.664,221453,46
4m6OC8u2rC6LMFtFWsME7d,Time After Time - Vocal Version,Chet Baker,Jazz,jazz,Sad;Calm,studying;sleep,99.783,0.501,0.0454,0.255,0.938,3.76e-05,0.0388,0.2,-18.783,166760,61
06fRsW6JDm7WPQWrmrMak2,In A Minute,Lil Baby,Hip-Hop,hip-hop,Dark,commute,84.216,0.643,0.605,0.145,0.0336,0.0,0.297,0.112,-5.968,200470,0
2CbGuO0LtVvbh3umN3mDwM,Nan-Nan,Fujii Kaze,Pop,j-pop,Happy;Motivated,workout;commute;driving,180.065,0.577,0.729,0.692,0.394,0.000156,0.221,0.144,-7.113,320640,56
4DdZtRZMq1nstcrhNmX6UN,Jingle Bells,Brian Culbertson,Jazz,jazz,Dark,studying;commute;driving,95.138,0.664,0.744,0.463,0.284,0.858,0.0543,0.937,-8.318,251506,0
2ugSAWatjCmL6dgvAKcZrn,Long Time,Blondie,Pop,power-pop,Energetic,workout;driving,119.941,0.522,0.807,0.442,0.000117,0.0,0.0339,0.201,-4.505,275053,12
4LCmHefOnuKBfA4QAOZ87c,Il diavolo e l'angelo,Andrea Bocelli,Classical,opera,Energetic;Motivated,workout,80.027,0.531,0.788,0.508,0.595,4.18e-06,0.041,0.152,-5.889,241840,24
62aP9fBQKYKxi7PDXwcUAS,ily (i love you baby) (feat. Emilee),Surf Mesa;Emilee,EDM,house,Energetic;Dark,workout;driving,112.05,0.674,0.774,0.33,0.0686,0.00188,0.0892,0.393,-7.567,176546,77
7mg05jDLLNtuL9BA8hgsSA,O Herói do Escudo,Takr;808 Ander;ZEP;Enygma Rapper,R&B,r-n-b,Energetic;Motivated,workout;party;driving,144.982,0.706,0.819,0.636,0.571,0.0,0.0911,0.1,-3.567,396968,42
2CK65CBXtjqdyY9M0OW31Y,Ele Me Ama,Juliano Son,R&B,gospel,Sad;Dark;Chill,commute;driving,145.761,0.349,0.543,0.181,0.0137,0.000142,0.0314,0.116,-5.07,378226,41
5j4fW19BZz4xtWZmCiDbNP,Pää kylmänä,Kotiteollisuus,Rock,heavy-metal,Dark,workout;commute;driving,122.02,0.491,0.729,0.248,2.08e-05,0.266,0.0402,0.352,-4.289,279146,24
7B8WJgjZzzV1uS7v9z8FGX,Naah Lofi,Jass Manak,Hip-Hop,hip-hop,Sad;Chill,studying;commute,139.449,0.41,0.449,0.235,0.576,4.59e-06,0.046,0.757,-13.323,198995,61
5ZQnQnbUVtBO0pl3ShqVHG,"Lagdi Lahore Di (From ""Street Dancer 3D"")",Guru Randhawa;Tulsi Kumar,Hip-Hop,hip-hop,Energetic,party;driving,95.014,0.786,0.797,0.454,0.233,0.0,0.0414,0.0861,-4.063,215368,59
7bOYOD0d7ByMTXvJnQVl8d,Maria,Blondie,Pop,power-pop,Happy;Energetic;Motivated,workout;driving,159.654,0.548,0.8,0.805,0.038,0.00255,0.0597,0.0678,-6.926,249426,67
40zFqIRLUYUXTTcLtWj5BM,Kore,Dusty Kid,EDM,minimal-techno,Sad,studying;commute,127.001,0.802,0.457,0.0614,0.0148,0.875,0.0831,0.104,-10.348,559666,42
5Qd8V1vtbxkx7txNXtKiUW,Tron - Mathew Jonson's Vca Dub,Stephan Bodzin;Mathew Jonson,EDM,deep-house,Dark,studying;commute;driving,124.005,0.771,0.661,0.167,0.00216,0.834,0.0686,0.0856,-12.998,565041,2
2HAtML31VFvKnfcw0VoBRI,Wishlist,End It,Rock,black-metal,Energetic;Motivated,studying,95.929,0.251,0.925,0.589,7.13e-06,0.577,0.0911,0.299,-4.404,105400,23
1CYn0jiSz0gubTpYJbuTMS,Uchiyaan Dewaraan,Bilal Saeed;Momina Mustehsan,Hip-Hop,hip-hop,Dark;Chill,commute;driving,159.796,0.428,0.577,0.244,0.842,0.0,0.0912,0.0954,-5.629,227976,60
0aWMVrwxPNYkKmFthzmpRi,Blue in Green (feat. John Coltrane & Bill Evans),Miles Davis;John Coltrane;Bill Evans,Jazz,jazz,Sad;Calm,studying;sleep,110.479,0.421,0.0162,0.154,0.808,0.0024,0.0388,0.0978,-25.358,337733,63
1UpOHBgl22ZB5BOCS73zFe,Susivirsi,Viikate,Rock,heavy-metal,Energetic;Dark,workout,158.014,0.278,0.925,0.373,9.64e-06,0.00394,0.051,0.104,-6.306,211404,24
2gEBJ6WqblmOMqeInAolHw,"It Might As Well Be Spring - Live At Carnegie Hall, NY / 1964",Stan Getz;Astrud Gilberto;João Gilberto,Jazz,jazz,Calm;Nostalgic,studying;sleep,84.414,0.361,0.116,0.387,0.924,3.57e-06,0.0432,0.739,-18.774,264706,0
5O1Tt1xcebq5NyFvQRADiv,22,Porty,Rock,emo,Dark,commute;driving,134.969,0.726,0.589,0.0398,0.421,0.00142,0.0576,0.11,-11.084,146667,34
2uE5JDb0ZJsJkzZ8gvL5jw,I Hear You Knocking,Dave Edmunds,Pop,power-pop,Chill,commute;cooking,206.361,0.528,0.445,0.97,0.0198,0.000384,0.0482,0.0766,-12.075,167786,51
04uwJ9uQ9C3MhgwP9NACU9,Fertilized,Mouse On Mars;Cavern of Anti-Matter,EDM,idm,Happy;Energetic;Motivated,workout;studying,128.399,0.669,0.979,0.827,0.0596,0.896,0.0361,0.0861,-7.218,170040,43
7pHHcwPFRIWH6g3kiLTlli,Como Duele (feat. Ewdin Luna y la Trakalosa de Monterrey),Diego Herrera;Ewdin Luna y la Trakalosa de Monterrey,R&B,r-n-b,Happy,commute;party;cooking;driving,125.996,0.719,0.669,0.747,0.619,0.0,0.0277,0.21,-2.834,182813,42
18qLxh3A6CzajYMDQXWYlO,"Dreaming of the Days (Vocal Version of Einaudi’s ""I Giorni"")",Katherine Jenkins,Classical,opera,Sad;Calm,studying;sleep,127.113,0.303,0.252,0.128,0.883,1.28e-05,0.0366,0.114,-13.07,260940,18
5cr64yImpnYuMFqQQzIkiY,"Requiem in D minor, K.626: 3. Sequentia: Lacrimosa",Wolfgang Amadeus Mozart;The Monteverdi Choir;English Baroque Soloists;John Eliot Gardiner,Classical,classical,Sad;Calm,studying;sleep,147.027,0.163,0.0785,0.047,0.979,0.13,0.0328,0.107,-21.377,171426,1
4hYHaROtjB6YREh6AgW3fd,蒲公英的約定,Jay Chou,Pop,mandopop,Sad;Dark;Chill,commute;driving,135.977,0.569,0.507,0.15,0.128,0.0,0.0239,0.0999,-7.191,245200,58
3Fr1WmziIKmhU9s5fNKZrQ,It Ain't Legal,Karan Aujla;Gurlez Akhtar,Hip-Hop,hip-hop,Dark,commute,89.986,0.746,0.637,0.32,0.00155,0.0,0.161,0.404,-5.816,214405,59
14MGlCeQzAJj3EeznSGeEC,cardigan,Taylor Swift,Pop,pop,Romantic;Chill;Nostalgic,commute;cooking;driving,130.045,0.612,0.58,0.534,0.525,0.000414,0.0419,0.26,-8.572,239560,0
6F4JliGAPFxNjTQGeXuQPW,The Storm (Live),Yanni,Chill,new-age,Energetic;Dark,workout;studying,160.009,0.321,0.981,0.0374,0.061,0.837,0.424,0.705,-6.151,307453,38
3buZTvXaFnRnFgQ5eIK15t,Solitude,Karunesh,Chill,new-age,Dark,commute;driving,134.996,0.616,0.63,0.346,0.00572,0.00105,0.0292,0.0846,-10.275,434933,35
2C9ZfqsCQ2bSI51q4uJHaU,"Modulating Prelude, K.284a/2",Wolfgang Amadeus Mozart;Florian Birsak,Classical,classical,Calm;Nostalgic,studying;sleep,84.359,0.534,0.15,0.53,0.984,0.2,0.0422,0.248,-14.58,42586,24
4N4rKm6cAmSYQwuKV71YmS,Cego,Oficina G3,R&B,gospel,Energetic;Dark,workout,104.882,0.299,0.968,0.299,0.00165,0.000498,0.121,0.306,-3.291,195428,40
2wER3gVMMIWPusxOjoWlcQ,Warehouse,Oliver Smith,EDM,trance,Energetic;Dark,workout;driving,127.977,0.554,0.8,0.244,0.00696,0.00467,0.0299,0.0817,-6.059,246996,42
3JCR2LB1wx75opaI5qRTZu,Our Luv,Blake Baxter,EDM,detroit-techno,Happy,studying;commute;party;cooking;driving,124.988,0.749,0.665,0.529,1.07e-05,0.651,0.0377,0.0859,-13.58,371466,16
6wlkSqyUurSSGQ4v18G6Uh,Winter Weather,Benny Goodman,Jazz,jazz,Happy,studying;commute;cooking;driving,153.63,0.74,0.535,0.83,0.919,0.556,0.0526,0.319,-6.103,180160,0
5EagOQJXtfkM6Xg9NKRZ5j,Ancient Voices (From Call of the Mystic),Karunesh,Chill,new-age,Sad;Calm,sleep,81.355,0.158,0.17,0.0378,0.302,0.285,0.0351,0.0946,-16.398,320573,41
6asqetBiSgmO89aqnXbuhT,"Kinderszenen, Op. 15: 7. Träumerei",Robert Schumann;Alfred Brendel,Classical,classical,Sad;Calm,studying;sleep,134.251,0.406,0.0151,0.281,0.996,0.917,0.0651,0.0946,-35.799,150600,0
1vgUfutQ6FHrY1I8ShQM7R,"最後一次分手 - (劇集 ""完美叛侶"" 主題曲)",Jinny Ng,Pop,cantopop,Sad;Calm;Chill,commute,137.985,0.563,0.397,0.198,0.384,0.0,0.0339,0.107,-9.396,206234,23
3UPAXvbgKK5p7usgtMwbs4,Kannana Kannanukku,Sirkazhi Govindarajan,Classical,classical,Happy;Romantic;Chill,commute;cooking;driving,100.716,0.469,0.522,0.713,0.93,0.038,0.0854,0.712,-10.53,309920,34
1Hr0rfY2ZxxmSgZJwQEAhm,"Quem Acordou, Acordou",Mc IG,R&B,funk,Calm,commute;cooking,113.472,0.841,0.424,0.834,0.127,0.0,0.317,0.125,-7.413,152470,51
7r0xCT94YWeHn25IZ8vWLC,Isso é Fundo de Quintal,Pagode da Tia Doca,Latin,samba,Happy;Energetic;Motivated,workout,86.813,0.392,0.888,0.856,0.226,0.0,0.384,0.302,-7.986,207680,37
5lTqpWZJbOUhusVlGtTLWn,It's Not Christmas Till Somebody Cries,Carly Rae Jepsen,EDM,electro,Happy,commute;party;cooking;driving,119.985,0.793,0.666,0.783,0.118,2.48e-05,0.0598,0.296,-6.195,172250,0
1gVMd7oYGo6Whlgg7pAa7M,心之科學,Joey Yung,Pop,cantopop,Dark,workout;commute;driving,139.9,0.476,0.747,0.252,0.0704,7.2e-06,0.0313,0.109,-6.302,235781,44
3qRBN8te6leaLPLXQ7ML9A,OK Not To Be OK - Duke & Jones Remix,Marshmello;Demi Lovato;Duke & Jones,EDM,progressive-house,Dark,commute;driving,122.072,0.77,0.636,0.383,0.0811,1.87e-06,0.0609,0.111,-5.787,154426,48
1J8xkKz6s5rSTnAYtssiJF,The Cascades,Dan Gibson's Solitudes,Chill,new-age,Sad;Calm,studying;sleep,91.515,0.23,0.0545,0.0428,0.967,0.849,0.0357,0.878,-24.421,414660,29
3059Qkm5LHofgeBJ3yaWvE,Subsonic - Original Mix,Headhunterz,EDM,hardstyle,Energetic;Dark,workout;studying,149.99,0.656,0.988,0.325,0.0107,0.537,0.109,0.367,-5.63,346444,20
2Qcn7dFDzdRtmZ4KsF8e38,Na Onda do Skank (Ela É Mais Avançada),MC CH da Z.O;Bala da Tropa;Milly Explosão;DN do Recife,R&B,funk,Happy;Energetic;Motivated,workout;party;driving,140.056,0.879,0.757,0.876,0.0926,0.0,0.314,0.0819,-1.184,169064,0
4mjN6vHyggxTPU4ZvpxVsE,Eneke Najaaba,aswekeepsearching,Chill,ambient,Sad;Chill,studying;commute,143.843,0.354,0.499,0.205,0.82,0.899,0.0317,0.116,-11.844,146195,19
45866VW0BpN246YQeGfJcE,Streets Of Gold,Boris Brejcha;Ann Clue,EDM,minimal-techno,Dark,studying;commute;driving,125.01,0.803,0.603,0.143,0.00512,0.881,0.0757,0.0898,-10.992,447360,43
4JeYICZEgx52htaZuzmje7,Cara Dura,David Pabon,Latin,salsa,Happy;Energetic;Motivated,party;driving,93.981,0.741,0.77,0.719,0.52,0.000146,0.0368,0.105,-6.658,317586,28
4huBDGP4I3S0pYI0EaRN1c,City of Gods,Fivio Foreign;Kanye West;Alicia Keys,R&B,r-n-b,Energetic,workout;driving,147.356,0.474,0.801,0.497,0.102,0.0,0.375,0.322,-5.978,256000,70
2gyyOfclYefzuTQ7yugcBn,It's Gonna Be Alright - Be Smoove Dub,Jovonn,EDM,chicago-house,Dark,studying;commute;driving,120.898,0.858,0.644,0.203,0.0726,0.922,0.0737,0.118,-8.804,399244,8
0RLLvYBopDwooCyvnTwgYu,F.N,Lil Tjay,R&B,r-n-b,Sad;Dark;Chill,commute;driving,120.1,0.567,0.515,0.321,0.354,0.0,0.247,0.078,-10.265,224000,78
0IwdotkOJ2m9jkJiy8Rzox,Emoriô / Dia da Caça (Ao Vivo),Gilberto Gil;BaianaSystem,Latin,samba,Happy;Energetic;Motivated,driving,107.987,0.687,0.833,0.724,0.578,0.0496,0.0324,0.941,-8.648,310596,38
1SN1vSPsr4V4tIUTR3s8YW,Fast Car,Jonas Blue;Dakota,EDM,edm,Romantic;Chill;Nostalgic,commute;cooking;driving,113.945,0.672,0.578,0.548,0.469,0.0,0.0569,0.312,-6.621,212424,73
0q1yeocNgiiTGnDBSqqU3g,Ele Vem Pra Te Salvar - Acústico Ao Vivo,Adhemar De Campos;Rachel Novaes,R&B,gospel,Sad;Calm,studying;sleep,81.303,0.417,0.244,0.289,0.719,0.0,0.0263,0.819,-12.659,302120,38
1J293lfYMBE0f8AEtrQi5C,I Am,Freestylers;Plump DJs,EDM,breakbeat,Happy;Energetic;Motivated,workout;party,127.03,0.78,0.903,0.912,0.0093,0.00644,0.0668,0.106,-4.526,287900,16
016iTFDW3ZCIxnw6NN2JZP,Renaissance (Edit),Culture Shock,EDM,drum-and-bass,Energetic;Dark,workout,173.882,0.458,0.981,0.143,0.0573,0.0363,0.0518,0.172,-1.65,209549,17
1M1YCoiO3wB9vchx3Ar6HA,Easy Serv,Orbital,EDM,breakbeat,Chill,commute;cooking,116.011,0.526,0.424,0.581,0.000823,0.128,0.0364,0.11,-9.175,248760,12
3jOdjEVdD0mbsGWhpemZBG,Me and Klik,Kodak Black;John Wicks;Jackboy,Hip-Hop,hip-hop,Dark,workout;commute;driving,140.006,0.709,0.733,0.212,0.164,0.0,0.0782,0.113,-4.051,205711,0
2C3CAfuNnP3c9Uz3Zxixkx,Maze Maaher Pandhari - Pandit Bhimsen Joshi,Bhimsen Joshi,Classical,classical,Romantic;Chill,studying;commute;cooking,112.24,0.447,0.418,0.706,0.848,2.12e-05,0.0427,0.0645,-15.082,422000,29
6h3lMAmmpQDFqoHk9F99IR,S.L.U.T.,Bea Miller,Rock,alt-rock,Happy;Energetic;Motivated,party;driving,94.997,0.722,0.773,0.724,0.0598,0.0,0.0792,0.179,-4.378,179146,67
1WnTw4Tzpc5q9dHMjs4aHu,陰天快樂,Eason Chan,Pop,cantopop,Romantic,commute;cooking;driving,130.034,0.549,0.64,0.423,0.323,0.0,0.0304,0.0837,-7.483,261480,40
61gu4XQFyAfIUneEyW4EJu,Brown Shortie (feat. Sonam Bajwa),Sidhu Moose Wala;Sonam Bajwa,Hip-Hop,hip-hop,Happy;Energetic;Motivated,party,90.049,0.794,0.862,0.852,0.246,0.0,0.223,0.337,-3.965,208000,63
2AK7ENmZdBNn62jFTtrjBl,Thunga Theera,S. Sowmya,Classical,classical,Sad;Chill;Nostalgic,studying;commute,144.14,0.423,0.423,0.304,0.968,3.19e-06,0.0539,0.12,-7.146,462889,31
186bb3vDk1yzNK5u3e7h7O,your favorite dress,Lil Peep;Lil Tracy,Rock,emo,Dark,commute;driving,129.966,0.494,0.628,0.101,0.0814,0.0,0.0541,0.111,-7.615,177386,66
0XGoyjSeijvknIjO2E0QmR,Christmas Oratorio BWV 248: Shepherd's Music,Johann Sebastian Bach;Boston Pops Orchestra;Arthur Fiedler,Classical,classical,Sad;Calm,studying;sleep,52.153,0.129,0.169,0.0541,0.916,0.942,0.0408,0.124,-19.892,445733,0
1mITvds7JRzV7WJhsnGGpn,Second Chapter,Enigma,Chill,new-age,Sad;Calm,studying;sleep,70.195,0.154,0.115,0.0707,0.202,0.931,0.0361,0.0788,-25.371,135293,39
0zt9Ug83PbMEkJBgSpwdqZ,Serenade To Spring,Secret Garden,Chill,new-age,Sad;Calm;Chill,studying,83.529,0.119,0.322,0.125,0.69,0.888,0.0349,0.0994,-12.25,195120,54
6vP4An3CkuPl1cpYMSR07u,"My Favorite Things, Pt. 1 (Single Version)",John Coltrane,Jazz,jazz,Sad;Calm,sleep,164.409,0.296,0.257,0.26,0.329,3.28e-05,0.0313,0.0925,-13.959,167000,0
3gYKZpviHVthGHd7cQ7NNz,皇冠,Z.TAO,Pop,mandopop,Romantic;Chill;Nostalgic,commute;cooking,139.731,0.569,0.489,0.416,0.507,0.0,0.0347,0.102,-7.912,209006,34
2X0eUvX06w5DC1ecN2g4Bo,I WANNA SEE SOME ASS,Jack Harlow;jetsonmade,Hip-Hop,hip-hop,Happy,commute;party;cooking;driving,107.946,0.907,0.652,0.93,0.284,0.000337,0.0578,0.135,-7.733,125302,0
6ZcUiP0mCNnFsogFfVJnbc,Funículi Funícula,Filippa Giordano,Classical,opera,Dark,commute;driving,132.421,0.489,0.654,0.181,0.86,4.42e-05,0.0451,0.157,-4.25,197000,20
5ejPyznLS8W9KNBZJZpNvu,Milonga de la puteada,Esteban Morgado,Latin,tango,Happy,commute;cooking;driving,104.634,0.676,0.675,0.685,0.449,1.55e-05,0.0466,0.0503,-4.488,155146,20
0l7C8PvhOua5gFOgdpwEAs,Tigre viejo,Tango Bardo,Latin,tango,Romantic;Chill;Nostalgic,studying;commute;cooking,123.878,0.512,0.442,0.636,0.714,0.13,0.0588,0.0857,-7.112,200474,22
3MU0aKnTQCDwSFYYLHJoKV,Bugünüm Sensiz Geçti,Ceylan Ertem,Rock,j-rock,Sad;Calm;Chill,studying,98.027,0.574,0.34,0.253,0.861,1e-05,0.0288,0.0986,-10.104,267862,34
5N5k9nd479b1xpDZ4usjrg,Promises (with Sam Smith),Calvin Harris;Sam Smith;Jessie Reyez,EDM,electro,Energetic,workout;party;driving,123.07,0.781,0.768,0.486,0.0119,4.91e-06,0.0394,0.325,-5.991,213309,77
49TNlAQZXmFBteKZBF9rj0,Ram Ram,MC SQUARE,Hip-Hop,hip-hop,Happy,commute;party;cooking;driving,100.012,0.718,0.655,0.569,0.187,0.0,0.0751,0.498,-6.419,213600,61
2fsPrE2NYiHOHPMuWbjvTj,Ramta Jogi,Sukhwinder Singh;Alka Yagnik,Hip-Hop,hip-hop,Happy,commute;party;cooking;driving,139.98,0.798,0.636,0.799,0.327,0.0,0.0431,0.128,-10.52,377000,59
7LXl6yUAXJL33Z7ZJts986,All By Myself,Il Divo,Classical,opera,Sad;Chill,studying;commute,115.631,0.345,0.4,0.0376,0.523,8.63e-05,0.0317,0.103,-7.701,232693,26
3iEycGSA32xeOQnDltNTZk,Providence,Mohican Sun,EDM,drum-and-bass,Dark,workout;studying;commute;driving,174.976,0.602,0.718,0.0468,0.00028,0.847,0.0473,0.132,-3.679,316799,21
4Ir2UxDlAm01qmv3eSZYlP,Afterglow,Nils Hoffmann,EDM,progressive-house,Dark,studying;commute;driving,113.999,0.469,0.673,0.236,0.0405,0.44,0.0439,0.129,-8.943,206601,52
6uzwDnvsPrQM8eNBeWReMy,Todavia,Hector Rey,Latin,salsa,Happy,commute;party;cooking;driving,90.29,0.723,0.619,0.846,0.554,2.68e-06,0.0326,0.102,-9.548,281320,31
1oESaN8kcBK0E24i9sYs61,Vai Te Botar,MC Guto VGS;MC Pê Original;DJ Roca;DJ Andrômeda,R&B,funk,Energetic;Dark,workout,129.92,0.726,0.954,0.353,0.438,0.00137,0.091,0.289,-2.23,158224,21
7GAFuH9KR356f8ZW9ikL5Z,Mouths Of Babes,The Smashing Pumpkins,Rock,grunge,Energetic,studying;driving,90.965,0.328,0.833,0.447,1.99e-06,0.935,0.0349,0.337,-8.245,226333,27
5Ic9qQ1QSofntnNasxAN0E,One World,Chloe Agnew,Chill,new-age,Sad;Calm;Chill,studying;commute,79.684,0.199,0.361,0.0976,0.798,0.0154,0.0376,0.12,-12.389,229173,22
4oKcFaWmBSF3SGGYo4qq6R,Teesri Manzil,DIVINE,Hip-Hop,hip-hop,Energetic;Dark,workout,90.946,0.668,0.88,0.399,0.217,1.95e-06,0.261,0.114,-7.057,205880,56
39vrbjCMTRXEdiIr2IsBgd,She Move It Like,Badshah,Hip-Hop,hip-hop,Calm,commute;cooking,101.997,0.832,0.477,0.844,0.00725,6.47e-05,0.0481,0.205,-6.949,181764,65
6vAcoAjqhoJQaMJJZfBxEc,Intuisi,Yura Yunita,Jazz,jazz,Calm;Nostalgic,studying;sleep,79.863,0.453,0.0531,0.354,0.946,0.000161,0.0355,0.0796,-19.956,241500,46
2E5Mt0lLiOHvxGrJuguJnD,El Quinielero,Carlos Gardel,Latin,tango,Calm,studying;sleep,138.951,0.69,0.174,0.774,0.989,0.000122,0.33,0.596,-17.868,159216,21
30ygEBpQYeFE6Qe5KnIh9C,Maloca o Flagrante,Bezerra Da Silva,Latin,samba,Happy;Motivated,commute;driving,96.714,0.699,0.742,0.89,0.18,0.0,0.193,0.161,-6.557,171800,40
2ud8O14TRakNKlOSuDJVq0,Figa de Guiné,Mc Tha;Comunidade Jongo Dito Ribeiro,R&B,funk,Happy;Energetic;Motivated,party,103.981,0.751,0.89,0.709,0.221,1.4e-05,0.0449,0.277,-5.035,141977,44
425oS0JyBkTbveKDFmaUQR,Stevnemøte med Satan,Kvelertak,Rock,black-metal,Energetic;Dark,workout;studying,140.042,0.413,0.962,0.336,4.93e-06,0.876,0.0647,0.866,-6.793,269123,18
5cxBodvClv3B4TRAJM1MiR,"Los Pescadores de Perlas ""Mi Par D'udir Ancora""",Alfredo Kraus,Classical,opera,Sad;Calm,studying;sleep,167.894,0.173,0.173,0.0766,0.975,9.42e-06,0.0376,0.0787,-7.737,277093,21
75lHwDgxIYZcjPOVAf2GGV,Del Mas Alla,Almafuerte,Rock,heavy-metal,Energetic;Motivated,workout;driving,132.008,0.427,0.84,0.501,0.0001,1.99e-05,0.0324,0.349,-6.674,220266,23
2aEkwMP0T1qaAo1qLoI9gl,念念不忘,Juno Mak,Pop,cantopop,Dark,commute;driving,141.811,0.431,0.687,0.351,0.586,0.0,0.0493,0.3,-6.252,271353,43
5ed6ezVcZb4tqkdh3ZWDLM,Wives And Lovers,Jack Jones,Pop,j-pop,Romantic;Chill;Nostalgic,commute;cooking;driving,129.251,0.485,0.511,0.531,0.597,0.0,0.0318,0.169,-10.818,149920,0
7MKJv10BVcfkZSJZzOmtvI,INTO MY ARMS,Emma Hewitt;Markus Schulz,EDM,trance,Energetic;Dark,workout,125.962,0.463,0.928,0.0747,0.262,0.108,0.0613,0.387,-6.571,234285,51
0JuXDQ85bBXnjekwRpE4D4,Por que não eu? - Acústico,Kid Abelha,R&B,r-n-b,Sad;Chill,studying;commute,133.272,0.617,0.446,0.294,0.622,0.000309,0.0265,0.14,-11.506,205533,50
6ogPAtjl2QaiDxgjJ5VuZ7,Rittle Alpha - Archive '99,Telefon Tel Aviv,EDM,idm,Energetic;Dark,workout,109.192,0.485,0.907,0.0827,0.432,0.0464,0.328,0.134,-7.424,200033,10
0VcszHclicGS5JVBnqDHxk,"La Bohème / Act 1: ""O soave fanciulla""",Giacomo Puccini;Anna Netrebko;Rolando Villazón;Boaz Daniel;Bavarian Radio Symphony Orchestra;Bertrand de Billy,Classical,opera,Sad;Calm,studying;sleep,71.697,0.144,0.109,0.04,0.946,0.00967,0.0469,0.105,-20.622,246973,20
4Pz6d9chtIKUQ628KWDZpR,Adela en el Carrousell,Charly García,Rock,punk-rock,Romantic,commute;cooking;driving,97.693,0.637,0.601,0.631,0.378,0.000121,0.0267,0.416,-9.175,315560,40
3w4GMecB6E8NXkzBfpDuiP,Pornoactress,Dopplereffekt,EDM,detroit-techno,Happy;Energetic;Motivated,workout;studying;party;driving,128.482,0.804,0.762,0.963,0.0579,0.565,0.0917,0.055,-11.501,148826,27
5xhs3I7Rnbli2emfWl2O5L,Levitating,Dua Lipa;DaBaby,EDM,dance,Happy;Energetic;Motivated,party;driving,102.977,0.702,0.825,0.915,0.00883,0.0,0.0601,0.0674,-3.787,203064,1
33cM7cebe6Aay0VRAqG2iU,"Verdi: Nabucco, Act 3: ""Va, pensiero"" (Chorus of The Hebrew Slaves)",Giuseppe Verdi;Rizzi;Carlo Rizzi;Orchestra dell'Accademia Nazionale di Santa Cecilia,Classical,opera,Sad;Calm,studying;sleep,73.638,0.123,0.0794,0.118,0.988,0.879,0.0397,0.123,-20.996,218080,21
0hLsKWIiXJ73MUIeWVKHh9,Salchicha Con Huevo,Jimmy Sabater,Latin,salsa,Calm,studying;commute;cooking,119.052,0.765,0.407,0.882,0.769,0.163,0.0525,0.0849,-15.751,246400,33
5hO76mbTvvaKqpo3EmMb8N,Paz Interior,RZO,R&B,r-n-b,Happy;Romantic;Chill,commute;cooking,78.786,0.683,0.586,0.725,0.619,0.0,0.358,0.144,-7.856,366602,43
5IIybI1oiOCY3DRUrpQ7zA,La vie en rose,Louis Armstrong,Jazz,jazz,Sad;Calm;Nostalgic,studying;sleep,70.886,0.584,0.0789,0.319,0.884,0.00705,0.051,0.0876,-12.905,206826,64
3K3mo4LoxPKk18oqIC3hQC,Udaarian,Satinder Sartaaj,Hip-Hop,hip-hop,Happy;Motivated,workout;commute;driving,143.792,0.659,0.712,0.883,0.584,0.0,0.0352,0.201,-5.585,342585,64
0MjQ2EzoQPttOEOgkSaayc,"Carnaval, Op. 9: No. 1, Préambule (Live in Japan, 2022)",Robert Schumann;Pavel Nersessian,Classical,classical,Sad;Calm,studying;sleep,130.197,0.476,0.186,0.246,0.994,0.781,0.0487,0.116,-18.485,149066,0
5ErJKc7owzejzp8tXmUj0U,Fuoco,Fabrizio Paterlini,Chill,ambient,Sad;Calm,studying;sleep,72.085,0.324,0.0102,0.0879,0.993,0.802,0.0476,0.103,-32.425,156000,0
6a6hIUCbzYNQgxGFae2iBX,Vem Neném (Ao Vivo),XANDDY HARMONIA,R&B,funk,Happy;Energetic;Motivated,workout,94.392,0.432,0.889,0.709,0.264,3.83e-06,0.0848,0.953,-5.236,290240,48
5A0XPD65UbFBexOvlY9sXl,Genesis,E-Force;Luna,EDM,hardstyle,Energetic,workout,155.006,0.553,0.972,0.494,0.0227,8.7e-06,0.0579,0.331,-2.65,154776,24
2pmoaWBreO8B6JQmTbED7T,O ritmo da chuva,Demetrius,Pop,j-pop,Happy,commute;cooking;driving,111.064,0.491,0.61,0.84,0.765,0.00628,0.0296,0.331,-7.918,150026,41
40tPP3K10yMZxwnT65REKj,Inner Light,Elderbrook;Bob Moses,EDM,house,Dark,workout;commute;driving,121.02,0.651,0.709,0.126,0.00461,0.00744,0.037,0.0771,-7.842,257984,68
2N613DmbmBx7pimAC79RkP,"Requiem in D minor, K.626: 3. Sequentia: Dies irae",Wolfgang Amadeus Mozart;The Monteverdi Choir;English Baroque Soloists;John Eliot Gardiner,Classical,classical,Sad;Calm;Chill;Nostalgic,studying;commute,161.746,0.288,0.372,0.346,0.973,0.289,0.0358,0.144,-16.74,106000,2
6jpOvC9iucgAnJm7vwyXm6,Call On Me (with Tove Lo),SG Lewis;Tove Lo,R&B,soul,Energetic;Dark,workout,121.0,0.523,0.908,0.328,0.00179,0.00543,0.0799,0.168,-5.009,196314,62
0cciBj4236w1xByzZvn92D,Beauty & Essex (feat. Daniel Caesar & Unknown Mortal Orchestra),Free Nationals;Daniel Caesar;Unknown Mortal Orchestra,R&B,soul,Happy;Motivated,commute,69.709,0.552,0.741,0.718,0.284,8.2e-05,0.0542,0.334,-5.419,277046,69
2SF8pV2qNvJP9dpADWFCoX,Bring me back to life,Abandoned;DNAKM,EDM,dubstep,Sad;Chill,commute,149.871,0.416,0.483,0.124,0.734,0.00441,0.0427,0.353,-8.495,257604,30
4PML5RtrVcYAwTTS46otXB,Vaathi Raid,Anirudh Ravichander;Arivu,Hip-Hop,hip-hop,Happy;Energetic;Motivated,party,100.016,0.806,0.93,0.666,0.253,1.94e-05,0.132,0.106,-3.404,209500,58
015ENhxZgNXSvzml1FJueG,Zaroia,O Surto,Rock,punk-rock,Happy;Energetic;Motivated,workout,137.037,0.639,0.868,0.708,0.0648,0.0,0.0714,0.169,-2.974,237733,37
4B88nunwGGX1MfrZytxWCL,Me Robaron,Los Crudos,Pop,power-pop,Happy;Energetic;Motivated,workout;studying,205.497,0.262,0.933,0.844,8.97e-05,0.835,0.0811,0.505,-6.545,44117,25
6gp7XZuA7WhN3bU3SKNARJ,O Tannenbaum - Remastered 1999,Nat King Cole,Jazz,jazz,Sad;Calm,studying;sleep,90.001,0.25,0.228,0.198,0.811,0.000166,0.0364,0.199,-14.186,180200,0
2w2MXZEONSMh1HzOUpuqIx,バイリンガール,go!go!vanillas,Pop,j-pop,Happy;Energetic;Motivated,workout,178.053,0.334,0.923,0.682,0.0004,0.0,0.109,0.338,-3.462,293200,37
1xTLqJQVr3MDrFZ4GehyEK,"Études, Op. 10: No. 12, Étude in C Minor ""Revolutionary""",Frédéric Chopin;Peter Schmalfuss,Classical,classical,Sad;Calm,studying;sleep,97.785,0.328,0.14,0.218,0.977,0.895,0.033,0.0926,-17.553,163533,0
4F7ZAsndEIJXyFzJUHNlRu,幾分之幾 - 電影<花甲大人轉男孩>主題曲,Crowd Lu,Pop,mandopop,Calm;Romantic;Chill;Nostalgic,studying,143.819,0.519,0.342,0.425,0.636,0.0,0.0257,0.1,-5.54,228570,56
0BefNxXD09wJy0pkerQQik,Ciúmes,MC Ryan SP;Cynthia Luz;Pedro Lotto;Chris MC,R&B,funk,Happy;Motivated,workout;commute;driving,152.96,0.693,0.707,0.699,0.0757,0.0,0.123,0.105,-6.132,269803,47
61QLXBMBt3yy8luGgYsAbe,Wasted On You,Peter Sandberg;Aquilo,Chill,ambient,Sad;Calm,studying;sleep,114.824,0.557,0.149,0.0815,0.899,0.00622,0.0434,0.072,-16.676,213869,50
3nvWvHRoqCGsfGLApJtS5M,Beija Aqui (feat. Thiaguinho) - Ao Vivo,Turma do Pagode;Thiaguinho,Latin,pagode,Happy;Energetic;Motivated,workout,169.902,0.561,0.852,0.676,0.587,0.0,0.0772,0.957,-4.715,182213,45
64xXJHoaNRJ9yXIXrubb0t,In the Middle,Vini Vici;Omiki,EDM,trance,Energetic;Dark,workout,137.902,0.497,0.882,0.0636,0.00852,0.0353,0.0504,0.12,-7.217,186086,42
5tZbcQ5PYID0xB0VNblmrK,雨天,Stefanie Sun,Pop,mandopop,Calm;Romantic;Chill;Nostalgic,studying;commute,115.749,0.503,0.383,0.417,0.73,0.0,0.0294,0.057,-9.151,241866,51
67z0TkcOGU0hs8yvRevOMV,Only Love,André Rieu;Johann Strauss Orchestra,Classical,opera,Sad;Calm,studying;sleep,81.506,0.118,0.267,0.0652,0.884,0.825,0.0322,0.106,-12.754,219266,51
6qr4bldy3y451hApJFEWqa,Sugar Water,Flower Face,Chill,ambient,Happy,commute;cooking;driving,162.973,0.487,0.604,0.827,0.601,0.0,0.0319,0.144,-5.14,198592,46
6a7vpKrVXdAyMItaQI9ZYS,Vladimir's Blues,Max Richter,Chill,ambient,Sad;Calm,studying;sleep,114.728,0.375,0.165,0.0581,0.995,0.901,0.0676,0.105,-21.918,78546,61
2luhMkNTkkvCCtcmlqw9IJ,Bombs Away (Intro),Mark With a K,EDM,hardstyle,Energetic;Motivated,workout,94.049,0.633,0.962,0.577,0.00825,0.0,0.242,0.377,-3.411,86000,46
2tSjhsJNIMBjNpnapXnd7y,Birthplace,Novo Amor,Chill,ambient,Calm;Nostalgic,studying,125.631,0.744,0.329,0.389,0.954,0.591,0.0312,0.0971,-9.869,190573,49
77ZvE7ZKnWhIOdmwm5At59,Low Hanging Fruit,Heart Attack Man,Rock,emo,Energetic;Motivated,workout,166.76,0.412,0.943,0.535,2.01e-05,0.0,0.0939,0.17,-4.095,73000,33
4LCNHHhUJB0rqvmlxwstmN,Vibe Hai,DIVINE;Aavrutti;D'Evil;Shah Rule,Hip-Hop,hip-hop,Happy;Energetic;Motivated,driving,104.232,0.646,0.812,0.829,0.237,0.0,0.621,0.777,-6.861,201000,56
2Yp908wLKAQmSiYYVS6i9r,Tranca Palanca,Asspera,Rock,heavy-metal,Energetic,workout,179.795,0.449,0.965,0.422,0.00354,0.0,0.102,0.272,-4.319,217333,20
0GRoERSBBky3YgdKW2w2Vc,Brave,Don Diablo;Jessie J,EDM,progressive-house,Energetic;Motivated,workout,119.85,0.654,0.874,0.542,0.169,1.77e-06,0.0543,0.134,-3.885,184026,55
7FW74qPzFAFD0b9KFmUpo8,夢裡是誰,Linda Wong,Pop,cantopop,Sad;Chill,commute,177.991,0.425,0.495,0.272,0.486,0.0,0.0291,0.0866,-5.821,241693,20
3F9SGJzTCkqIS3d99iz0p7,Tunnel Vision,Kodak Black,Hip-Hop,hip-hop,Sad;Chill,commute,171.853,0.497,0.489,0.231,0.0576,9.91e-05,0.294,0.122,-7.724,268186,0
4J2uD3DSdTgqvmZHpNxmfJ,Nada Se Compara a Ti - Ao Vivo,Taty Girl,Latin,forro,Happy;Energetic;Motivated,workout,87.411,0.572,0.846,0.684,0.188,1.77e-06,0.143,0.273,-3.835,168463,44
2JIRtFAIUkd86PQD12Hm7r,Transilvanian Hunger - Studio,Darkthrone,Rock,black-metal,Energetic;Dark,workout;studying,138.616,0.267,1.0,0.0215,0.016,0.447,0.135,0.45,-4.92,369760,48
5oiNJJdKqJ5Vfwion1dR1n,Touch of Heaven / Alabaster Heart - Live,Bethel Music;David Funk,Chill,ambient,Dark;Chill,commute;driving,135.078,0.388,0.554,0.14,0.0131,0.00768,0.0318,0.0794,-8.562,630228,49
5kE7cZqcTiV6VBDYvltiCG,Lá,Paulo Cesar Baruk,R&B,gospel,Energetic;Dark,driving,99.943,0.433,0.799,0.263,0.00268,4.08e-05,0.0429,0.0786,-6.124,253853,38
1BkYwLp35LlBJZwANUvzFs,Um Deus Tão Grande,Quatro por Um,R&B,gospel,Dark,commute;driving,134.014,0.352,0.677,0.22,0.474,0.0,0.0333,0.758,-5.216,287184,38
1HSTtuw4NW18UNyppomM3a,Llegaste Tu,La Misma Gente,Latin,salsa,Happy;Romantic,commute;cooking;driving,169.564,0.471,0.648,0.673,0.762,5.91e-05,0.0662,0.291,-9.801,266631,29
16hgPnNHnuMbzvTqUjjVxG,"Recomposed By Max Richter: Vivaldi, The Four Seasons: Spring 1 - 2012",Max Richter;Daniel Hope;Konzerthaus Kammerorchester Berlin;Andre de Ridder,Chill,ambient,Sad;Calm;Chill,studying,105.318,0.687,0.342,0.169,0.523,0.93,0.0409,0.35,-12.378,155135,0
3Nsn3y2IpzcuDIKZDgS3oS,Viajera,Luis Arcaraz Y Su Orquesta,Jazz,jazz,Calm;Romantic;Chill;Nostalgic,studying,97.086,0.334,0.332,0.429,0.918,0.00236,0.0261,0.366,-7.029,197373,37
0BOivei4EFBvk7CKwEwaZf,The Space In Between,Jan Blomqvist,EDM,deep-house,Chill,commute;cooking;driving,120.0,0.671,0.569,0.433,0.0131,0.19,0.0316,0.106,-12.401,206004,55
4wCy7erulqUfFQNVaZBD9b,Once Upon a Time,Anirudh Ravichander,Hip-Hop,hip-hop,Energetic,workout,123.849,0.646,0.879,0.429,0.00659,0.0607,0.0823,0.117,-3.668,143709,72
5SfZiWzTMrIXHBrVhpa4IY,Attraction - Background Score,OAFF;Savera,Pop,indie-pop,Sad;Chill,studying;commute,114.888,0.426,0.414,0.0423,0.695,0.884,0.0541,0.103,-13.719,71336,42
29q7PM3L44I9R6yhd234Oy,Arethusa,Little Symphony,Chill,ambient,Romantic;Chill;Nostalgic,studying;commute;cooking,129.808,0.201,0.444,0.494,0.669,0.08,0.132,0.367,-23.991,80000,27
5a7VBd32bFqT6GXU38l5qq,"Cello Sonata in C Major, Op. 119: III. Allegro, ma non troppo",Sergei Prokofiev;Miriam K. Smith;Sandra Wright Shen,Classical,classical,Sad;Calm,studying;sleep,77.37,0.363,0.0911,0.228,0.969,0.874,0.0389,0.162,-22.805,503341,0
7EA2OnLvsAW0eVQetMhwU0,My Lagan Love,Celtic Woman,Classical,opera,Sad;Calm,studying;sleep,86.356,0.223,0.046,0.282,0.985,3.72e-05,0.0398,0.0804,-18.845,170360,19
5H0E4n5CE6WFI10KYzB4gm,Stunningly Beautiful,Stanton Lanier,Chill,new-age,Sad;Calm,studying;sleep,96.742,0.279,0.0299,0.0541,0.991,0.939,0.0435,0.0981,-23.198,254003,25
30VJ9FGjnXBgLNtWnS9N4g,Mokau,Little Symphony,Chill,ambient,Sad;Calm,studying;sleep,97.453,0.182,0.106,0.233,0.893,0.904,0.0493,0.113,-23.278,68571,27
0WVG5QXJchL64xJGrK5uVl,"Recomposed By Max Richter: Vivaldi, The Four Seasons: Winter 2 - 2012",Max Richter;Daniel Hope;Konzerthaus Kammerorchester Berlin;Andre de Ridder,Chill,ambient,Sad;Calm,studying;sleep,140.099,0.166,0.0577,0.0764,0.901,0.449,0.049,0.391,-27.78,171266,0
2x8gjYPcomasunXlQ4gA2i,Nada Ha Cambiao’,Daddy Yankee;Divino,Hip-Hop,hip-hop,Happy;Energetic;Motivated,party,92.023,0.735,0.906,0.71,0.0342,0.0,0.11,0.292,-3.658,190000,0
5wRTq7QEn6I3pDm8sWYOnX,"6 Variations in G minor for Piano & Violin on ""Hélas, j'ai perdu mon amant"" K.360: Var. II",Wolfgang Amadeus Mozart;Arthur Grumiaux;Walter Klien,Classical,classical,Calm;Nostalgic,studying;sleep,86.995,0.336,0.0891,0.373,0.987,0.698,0.0493,0.124,-22.485,60026,17
1xm6rsUXIuGVjuKJJDLjzX,(não) era amor,GIULIA BE,R&B,funk,Dark;Chill;Nostalgic,commute,88.888,0.625,0.555,0.328,0.415,0.0,0.146,0.143,-6.43,157991,46
6Y5CLoYYj3Yjyf5qW6ZxxC,Notte Stellata (The Swan),Il Volo,Classical,opera,Sad;Calm,studying;sleep,82.335,0.198,0.191,0.0843,0.943,0.0467,0.0373,0.155,-13.251,230533,25
1a5Xu1FTcrMxY0VsenlqZq,El fantasma de Canterville,Charly García,Rock,punk-rock,Happy;Energetic;Motivated,driving,106.474,0.571,0.83,0.673,0.411,0.0,0.0591,0.57,-7.39,274127,38
19EZKr7Kf0XWCcspyWL8Rp,Celebrity Killer (feat. Tion Wayne),Sidhu Moose Wala;Tion Wayne,Hip-Hop,hip-hop,Motivated,workout;commute;party;driving,143.877,0.714,0.72,0.592,0.102,0.0,0.136,0.344,-4.722,203333,66
4lHV9B7VCqNVbBq2aie7ho,True Ugly,Coheed and Cambria,Rock,emo,Energetic,workout,150.003,0.459,0.979,0.402,0.000219,1.6e-05,0.0855,0.106,-4.042,326106,36
0a5bri0S23Mx2e62v2HsYU,鐵幕誘惑,Aaron Kwok;Frankie,Pop,cantopop,Energetic,workout,110.23,0.773,0.869,0.426,0.0617,5.41e-05,0.0689,0.102,-6.239,246960,24
2bogRyaG0LMCj3x14Vuvy3,Million Dollar By Morning,Vybz Kartel,EDM,j-dance,Happy;Energetic;Motivated,workout,129.974,0.583,0.867,0.759,0.0887,0.0,0.385,0.0863,-4.614,213106,21
68Lpc1gRqriMhm88ywfjB8,Sempre Assim,Jota Quest,R&B,r-n-b,Happy;Energetic;Motivated,workout;party,113.979,0.757,0.924,0.725,0.00529,0.00308,0.031,0.293,-3.96,216266,44
2tjWCe2W7sgvS3C8NHcdtI,"Duniyaa (From ""Luka Chuppi"")",Akhil;Dhvani Bhanushali;Abhijit Vaghani;Bob,Hip-Hop,hip-hop,Happy,commute;cooking,77.17,0.435,0.658,0.524,0.699,0.0,0.0368,0.125,-5.949,222500,74
18RagF4mZ36dUdkyhVWWRE,Innam En Manam - Charukesi - Adi,Lalgudi G. Jayaraman,Classical,classical,Chill,commute;cooking,125.288,0.663,0.484,0.764,0.776,0.0,0.068,0.135,-7.175,483040,35
6BJy4PDYXXF2WJW2ZpKyT7,Closer To You,Simon Wester;Rasmus H Thomsen,Chill,ambient,Sad;Calm,studying;sleep,93.159,0.377,0.0414,0.194,0.991,0.944,0.0413,0.107,-25.84,161562,45
20BsdtI7ohr5wSd6jG5g1A,Timidez / Tu Mandas no Meu Coração - Ao Vivo,Péricles,Latin,pagode,Happy;Motivated,workout;commute;driving,147.094,0.534,0.733,0.672,0.67,0.0,0.0472,0.978,-6.016,275242,42
53Lfqp8F0KCInwcFjabMJB,One Man's Dream,Yanni,Chill,new-age,Sad;Calm,studying;sleep,122.598,0.363,0.115,0.188,0.984,0.975,0.0352,0.135,-20.386,163200,56
1ax8ZuwRVkSdzzsIqyCNWQ,Tumse Milke Dil Ka,Sonu Nigam;Sabri Brothers,Pop,pop,Happy;Motivated,commute;party;driving,107.985,0.853,0.745,0.882,0.0642,1.87e-06,0.109,0.0274,-8.636,359253,65
3JvdZv9dxIHZlHu0eCKajZ,Safe & Sound,William Joseph,Classical,opera,Sad;Calm;Chill,studying;commute,73.059,0.44,0.355,0.0536,0.725,0.911,0.0276,0.125,-14.05,241259,46
5zUWquxVOO6JRWACx601M6,Quiet Observer,Andreas Vollenweider;Walter Keiser;Pedro Haldemann;Jon Otis;Matthias Ziegler;Christoph Ziegler,Chill,new-age,Sad;Calm;Chill,studying,142.936,0.373,0.317,0.111,0.855,0.0549,0.0354,0.2,-13.921,164000,25
1t9e7vUucNf2bR2txQPxRf,我和春天有個約會,劉雅麗,Pop,cantopop,Sad;Calm,studying;sleep,72.589,0.335,0.269,0.135,0.566,4.87e-06,0.0503,0.262,-14.188,243546,19
79SkXpXeU1PzR3lwSKJQgE,Vivo por Ti,Mr Black El Presidente,Latin,salsa,Happy;Energetic;Motivated,workout;party,114.01,0.802,0.884,0.869,0.246,9.77e-06,0.0333,0.0429,-4.864,264120,27
6bAFiLjQSXt55scYUKylhu,She Can't Love You,Bombo Rosa,EDM,breakbeat,Dark,commute;party;cooking;driving,126.002,0.766,0.621,0.481,0.00591,0.194,0.0463,0.655,-6.546,265689,16
2wy29RBixBECDOsXuBs7md,Free Tibet - Vini Vici Remix,Hilight Tribe;Vini Vici,EDM,trance,Energetic;Dark,studying,103.495,0.382,0.947,0.0728,0.0132,0.698,0.0662,0.143,-5.93,474782,62
4ftDEOiVW5dXLh0iQruW7K,Don’t You Feel It - salute Remix,Sub Focus;ALMA;salute,EDM,drum-and-bass,Energetic;Motivated,workout;party;driving,129.997,0.738,0.756,0.501,0.00869,0.00518,0.107,0.197,-8.281,234670,23
5Anisqmfjm2CbWm7BMv6Vk,Graduation,George Winston,Chill,new-age,Sad;Calm,studying;sleep,128.407,0.363,0.0928,0.0791,0.973,0.915,0.052,0.113,-18.296,107946,24
2m03BtMMefvQspKp35yLwk,Take Me I'm Yours,Squeeze,Pop,power-pop,Happy;Chill,commute;cooking;driving,123.779,0.623,0.587,0.858,0.00205,0.0,0.0409,0.0494,-13.956,169866,24
1cljqIpqVclOzZBG4jWiTm,Ella Es,Tony Vega,Latin,salsa,Happy;Energetic;Motivated,driving,99.359,0.483,0.843,0.961,0.279,0.0,0.0338,0.0671,-9.476,302986,0
4DYIDSMIB5y2UmZFv9fxeX,Dance The Night Away,TWICE,Pop,k-pop,Happy;Energetic;Motivated,workout;party,118.089,0.709,0.861,0.779,0.106,4.73e-05,0.0941,0.113,-2.905,180800,69
4CpnDXnXGK3vVcB1rj4ECV,Forza del destino - La vergine degli Angeli,Giuseppe Verdi;Vincenzo Ciliberti,Classical,classical,Sad;Calm,studying;sleep,63.399,0.142,0.261,0.12,0.994,0.781,0.035,0.29,-10.312,218722,0
6Vy3rIRe1ANhRLm6vL1nGB,Arcade Summer,FM-84,Pop,synth-pop,Happy;Energetic;Motivated,workout;studying;driving,124.011,0.465,0.834,0.818,0.0136,0.914,0.0361,0.227,-9.188,239000,45
56rOkP9wTPP0PvmsJDNrkB,Reaching Out,Bassnectar,EDM,breakbeat,Energetic;Dark,workout;studying,176.009,0.401,0.925,0.145,0.00298,0.799,0.0382,0.106,-5.45,294000,42
2iYXSXjBdWroGKE69mGadT,bondade - Ao Vivo,Leonardo Gonçalves,R&B,gospel,Dark,commute;driving,117.989,0.554,0.683,0.3,0.345,5.04e-05,0.032,0.924,-6.461,251866,37
46i6quzuUixPybXIUQDoui,Você Não Sabe Amar (acústico) - Ao Vivo,Chico Rey & Paraná,Latin,sertanejo,Energetic;Dark,driving,107.968,0.593,0.835,0.36,0.199,0.0,0.0272,0.74,-2.044,224800,48
2mFW4PxWf0yw3UCgEDhJ5p,Imensurável,Gisele Nascimento,R&B,gospel,Sad;Chill,commute,117.997,0.378,0.495,0.215,0.513,0.0,0.034,0.215,-5.69,306596,39
3jnhlCruyDb86YN87NDzmJ,Once Upon a Dream,Emile Pandolfi,Chill,new-age,Sad;Calm,studying;sleep,76.996,0.293,0.144,0.219,0.988,0.872,0.0422,0.164,-18.288,235333,49
03h0ioes0mfaZIeAO1fV5o,Bite The Hand,Julien Baker;Phoebe Bridgers;Lucy Dacus,Chill,ambient,Sad;Dark;Chill,commute;driving,100.13,0.543,0.507,0.193,0.374,0.0343,0.0269,0.11,-8.119,192070,57
1IvH7FPqAfmpqBuYK2jimb,Velvet,DAVID AUGUST,EDM,minimal-techno,Sad;Calm;Chill,studying,109.006,0.699,0.324,0.268,0.11,0.901,0.0541,0.1,-13.856,328322,41
5YfZknxIgQayJKaMn5Z11G,Last Song,Alexis Ffrench,Chill,ambient,Sad;Calm,studying;sleep,64.86,0.431,0.0775,0.29,0.996,0.933,0.0706,0.0806,-23.964,115227,52
3Sk5vML32xkCFsysfuvNYl,我喜歡上你時的内心活動,Cheer Chen,Pop,mandopop,Sad;Calm;Chill,studying,145.245,0.347,0.333,0.297,0.765,0.000114,0.0359,0.0947,-10.876,205973,43
6VN9EGoTaW1iNcgc3YzDHp,Quero Balançar - Ao Vivo,Arlindo Cruz;Rogê Jose Cury,Latin,samba,Energetic;Motivated,workout,110.639,0.536,0.937,0.608,0.566,0.0,0.183,0.931,-7.202,256173,37
3kZBV0oGGHYvHIDkNOW8tN,double flat,Rei Harakami,EDM,idm,Happy,studying;commute;cooking;driving,143.977,0.671,0.686,0.708,0.00306,0.851,0.0475,0.112,-11.221,312026,15
3qyx6h4cCuHpCcTYFSMKeb,Desde El Alma,Juan D'Arienzo,Latin,tango,Romantic;Chill;Nostalgic,studying;commute;cooking;driving,97.244,0.698,0.506,0.59,0.465,0.697,0.0589,0.181,-9.284,131400,21
4osgfFTICMkcGbbigdsa53,Novacane,Frank Ocean,R&B,soul,Dark,commute;driving,93.51,0.762,0.508,0.37,0.0584,0.00126,0.0919,0.16,-9.112,302346,81
2duPzlSXewDS6NVZcH20KU,DNA,Turno,EDM,drum-and-bass,Energetic;Dark,workout;studying,171.631,0.48,0.926,0.217,0.000644,0.561,0.679,0.659,-0.143,282558,18
1fBUmT2qNGdTgaS4XXwGnA,O Little Town of Bethlehem,Nat King Cole,Jazz,jazz,Sad;Calm,studying;sleep,134.943,0.258,0.292,0.145,0.868,2.59e-06,0.0291,0.11,-10.73,137253,0
6dYEPFKD6hIDGtz1huZ4Ty,Livre para Sonhar,Grupo Fundo De Quintal,Latin,samba,Happy,commute;cooking,82.824,0.6,0.635,0.874,0.285,0.00153,0.0508,0.086,-11.093,239200,35
6IuN5rqcAeHmzK5d5r0RWL,Tell 'Em,Rah Swish,R&B,r-n-b,Happy;Motivated,workout;commute;party;driving,145.055,0.831,0.724,0.9,0.0229,1.23e-06,0.203,0.0436,-3.157,119233,67
5DJ8ybuxuscf0L1TeujGJU,癡情司,Denise Ho,Pop,cantopop,Sad;Calm;Nostalgic,studying;sleep,174.29,0.27,0.241,0.312,0.768,2.46e-06,0.031,0.0628,-11.415,298080,36
0zpl5uMmSeTIPheLMEzn6y,Vikings - VIP Mix,Synergetic Emotion,EDM,trance,Sad,studying;commute,142.074,0.754,0.411,0.323,0.0087,0.837,0.0538,0.185,-9.015,257142,39
16IdUN5TSzVe2vwnSV9wRD,Mi Suegra Llego,Enrique Guzman;Los Teen Tops,Rock,rock-n-roll,Calm;Romantic,studying;commute,128.136,0.741,0.373,0.7,0.965,0.0,0.0405,0.158,-13.263,164649,33
3hgESJrxlX103Q78BrEAfr,New Kings,Sleeping Wolf,Rock,alt-rock,Energetic,workout,76.004,0.558,0.817,0.429,0.0147,0.000102,0.0481,0.384,-3.619,234613,57
5wVbMVKlMudXHG5Tp1vMry,"La bohème, SC 67 / Act 4: ""In un coupé?""",Giacomo Puccini;Rolando Panerai;Luciano Pavarotti;Berliner Philharmoniker;Herbert von Karajan,Classical,opera,Sad;Calm,studying;sleep,83.774,0.423,0.18,0.274,0.971,0.00423,0.0546,0.786,-18.251,104173,24
4hyVrAsoKKjxAvQjPRt0ai,Love Your Voice,JONY,EDM,dance,Energetic;Dark,driving,91.088,0.608,0.83,0.211,0.597,3.4e-06,0.0956,0.118,-5.396,150329,71
6mylgnvuGYjcakF6ur4uHC,"Let's Rave, Make Love",Armin van Buuren;Shapov,EDM,trance,Energetic,workout,125.999,0.624,0.972,0.436,0.137,0.396,0.0415,0.171,-5.485,200952,50
10kVkdx0enQ9K0b0INQpPM,The Promise,Secret Garden,Chill,new-age,Sad;Calm,studying;sleep,86.351,0.184,0.161,0.087,0.925,0.771,0.0464,0.109,-18.261,200933,55
0etELaqj8pGviRsaaDOQHx,Better Be Woman,Dwarves,Pop,power-pop,Happy;Energetic;Motivated,workout,99.088,0.536,0.946,0.747,0.00649,0.0,0.0441,0.12,-3.994,155066,28
0ZNSYvIC2AXSLG38OksDMK,Sogno D'or,Giacomo Puccini;Cheri Rose Katz;Alan Mallach,Classical,opera,Sad;Calm,studying;sleep,152.553,0.221,0.203,0.127,0.991,0.0,0.0423,0.109,-14.063,82703,33
1NbkW4qACyJ4MDpqP1kAC5,Christmas Time Is Here,Tony Bennett,Jazz,jazz,Sad;Calm,studying;sleep,116.38,0.249,0.235,0.115,0.777,2.26e-06,0.0295,0.0986,-12.652,238680,38
0YeLqMwKztVZ1MIZ4oYW4e,The Wolf,The Spencer Lee Band,R&B,funk,Happy;Energetic;Motivated,party,100.941,0.777,0.912,0.659,0.0932,0.0,0.186,0.143,-4.746,174653,51
4EISmIYfLlgY4ITAjxJltc,FIRE AFTER FIRE,Seikima-II,Rock,heavy-metal,Energetic,workout,137.021,0.443,0.983,0.416,8.14e-05,0.000185,0.096,0.162,-2.91,315493,19
1cKtQSJ8pMVErEIJzTYsSe,Ta na Moda,Os Parazim,Latin,forro,Energetic;Motivated,workout;driving,123.985,0.633,0.802,0.64,0.603,0.0,0.0606,0.618,-2.882,153942,47
2G6M3FS6WpeRliynhEKruN,Play no Verão,Mc Lipi,R&B,funk,Happy;Energetic;Motivated,workout;driving,179.956,0.594,0.795,0.681,0.0571,1e-06,0.158,0.198,-1.074,206053,47
5A0Uc2PYH7jWHtE5t23HQM,Pianissimo,Andrea Bocelli;Cecilia Bartoli,Classical,opera,Sad;Calm,studying;sleep,127.207,0.3,0.171,0.2,0.971,0.11,0.0355,0.113,-15.237,268448,21
3hfh3VfPtFVtB9KnuNtJXo,Bhupali,Hariprasad Chaurasia,Classical,classical,Sad;Calm,studying;sleep,105.237,0.488,0.0799,0.275,0.983,0.177,0.0499,0.118,-28.028,214666,44
0tkxzOtc2gvIueuXNFLyfZ,On the Go,Bebe Rexha;Pink Sweat$;Lunay,EDM,dance,Dark,commute;driving,100.059,0.716,0.709,0.434,0.0749,0.00261,0.0529,0.182,-4.683,179397,0
3OpfrN3L1WDBXUYC2z2b8p,In The Androgynous Dark,Brambles,Chill,ambient,Sad;Calm,studying;sleep,112.555,0.591,0.116,0.0735,0.922,0.937,0.0397,0.0903,-17.019,283000,53
5tYlnkguNNQmVrsHiXT9Bx,Vihreät niityt - Green Fields,Olavi Virta,Latin,tango,Sad;Calm,studying;sleep,65.454,0.329,0.126,0.176,0.954,1.11e-05,0.0352,0.108,-14.32,178653,25
2YRx8jviX9HnvxD0uDIOma,Champion - Live,Bethel Music;Dante Bowe,Chill,ambient,Dark,commute;driving,143.992,0.314,0.634,0.172,0.0207,7.52e-05,0.0344,0.687,-7.168,526890,60
1INWPr855fwWdAOeecbu0W,Let's Twist Again,Chubby Checker,R&B,r-n-b,Happy;Motivated,workout;commute;driving,167.832,0.604,0.709,0.907,0.0987,0.0,0.158,0.0551,-6.377,137360,68
4JzOXVJuCh9Xz6BYTdCdnO,"La traviata / Act II: ""Annina, donde vieni?"" - ""Oh mio rimorso!""",Giuseppe Verdi;Rolando Villazón;Diane Pilcher;Wiener Philharmoniker;Carlo Rizzi,Classical,opera,Calm;Nostalgic,studying;sleep,84.163,0.401,0.245,0.397,0.955,1.8e-05,0.113,0.123,-17.505,141426,22
1fxsZC2GwwoZrrNxrxtm4m,I Guess I'm in Love (Instrumental Version),Laura Sullivan,Chill,new-age,Sad;Calm,studying;sleep,82.266,0.321,0.114,0.129,0.988,0.898,0.0373,0.114,-21.69,204778,41
6uqa9Nc6N5akEunZsuzxei,The Fairy Queen - Remastered 2003,Clannad,Chill,new-age,Sad;Calm,studying;sleep,91.803,0.602,0.0872,0.206,0.983,0.933,0.046,0.111,-19.921,161760,22
4H2GYxGRMKTsbDRzcjbjCp,One Way Track,End It,Rock,black-metal,Energetic;Dark,workout;studying,177.634,0.244,0.939,0.394,0.000255,0.699,0.126,0.343,-3.156,135530,30
3XVBdLihbNbxUwZosxcGuJ,If I Ain't Got You,Alicia Keys,R&B,soul,Sad;Chill,studying;commute,118.402,0.609,0.444,0.166,0.603,6.86e-06,0.106,0.104,-9.129,228706,80
6Vuop297JbIfCVbHHmRQD2,Renegade (feat. Zacari) - Remix,Aaryan Shah;Zacari,R&B,soul,Sad;Dark;Chill,commute;driving,103.05,0.502,0.543,0.202,0.411,0.0126,0.145,0.376,-10.493,222482,55
5HIMWb1gP286Vjpe3MrvhC,Clout,Offset;Cardi B,Hip-Hop,hip-hop,Dark,commute;cooking;driving,140.022,0.919,0.622,0.423,0.23,4.24e-06,0.0997,0.122,-7.384,205803,3
6vYYdK6VdU1c3X5WinwjPZ,irreplaceable - solo piano,Chad Lawson,Chill,ambient,Sad;Calm,studying;sleep,125.098,0.17,0.0388,0.129,0.938,0.922,0.0462,0.105,-28.428,267451,44
21Uc581RZlBXEpX9vQcLUR,"Sonate, Op. 5: IV. (Allegro)",Arcangelo Corelli;Cet étrange éclat,Classical,classical,Sad;Calm,studying;sleep,120.805,0.173,0.0296,0.102,0.828,0.793,0.045,0.109,-28.601,71733,1
0dIOyvMIq8AWufeypB5pdL,Mamma - Live From The Detroit Opera House,Il Volo,Classical,opera,Romantic,commute;cooking;driving,121.006,0.343,0.606,0.428,0.918,0.00396,0.0415,0.975,-6.015,219506,23
6UzeOH4bRPzKTo2wCXMZmC,By Myself,Linkin Park,Rock,grunge,Energetic;Dark,workout,103.026,0.544,0.935,0.339,0.0171,0.00301,0.173,0.297,-4.159,189800,62
3LcqZAw3puT6iRNkuowSlp,Эшафот,Electroforez,Pop,synth-pop,Energetic;Motivated,workout;driving,118.939,0.651,0.816,0.507,0.126,2.97e-05,0.0818,0.165,-5.621,209025,34
1g36XKkD6uLiziXasPcpr6,Carried Away,Dan Gibson's Solitudes,Chill,new-age,Sad;Calm,studying;sleep,51.238,0.392,0.0455,0.0964,0.976,0.622,0.0374,0.758,-24.751,317322,28
0ugllpORni0VVE6794ADpX,"Still Falling For You - From ""Bridget Jones's Baby""",Ellie Goulding,EDM,dance,Sad;Dark;Chill,commute;driving,96.155,0.476,0.518,0.179,0.553,1.27e-06,0.0401,0.111,-8.1,240867,0
2b41xmhpudjVq002vRCVtU,All We Are - 'The Fight‘ Version,Doro,Rock,heavy-metal,Energetic;Dark,workout,135.154,0.439,0.976,0.192,0.00872,0.0,0.0812,0.576,-6.846,181000,21
6yoEBvEehjyf8JHHrlqgOj,Pirâmide Social - Spotify Singles,MC Hariel,R&B,funk,Happy,commute;cooking;driving,96.072,0.67,0.686,0.836,0.654,0.0,0.17,0.14,-6.537,198281,43
5Goh3OnlrAB8GM2AUTsrrh,Torturador,V8,Rock,heavy-metal,Energetic;Dark,workout,92.541,0.377,0.971,0.385,0.00316,0.000142,0.129,0.189,-4.466,147013,22
2zMVqPvaiazxp7q66PAeXl,Love Is Not Enough - A.M.R Remix,Above & Beyond;Zoë Johnston;A.M.R,EDM,trance,Dark,workout;commute;driving,118.953,0.391,0.745,0.042,0.0732,0.269,0.0477,0.0776,-10.242,297699,28
4wzuBPLgbE86pGWnDEG3Wr,Somos Apenas Um / O Trem Tá Feio Eu Tô Caindo Fora - Ao Vivo,Lauana Prado,Latin,sertanejo,Energetic;Motivated,workout;driving,139.958,0.415,0.766,0.575,0.366,0.0,0.0418,0.86,-3.467,174293,43
2Iivr4Fw5UsADw9HKbqhk4,Jesus em Tua Presença,Asaph Borba,R&B,gospel,Sad;Chill,commute,107.472,0.337,0.482,0.194,0.308,0.0,0.0302,0.558,-7.575,320160,37
7lG67mcXgaAqXh1reT6oqe,Isolate - BETA Remix,Future Funk Squad;The Crystal Method,EDM,breakbeat,Energetic;Motivated,workout;studying,132.435,0.618,0.962,0.503,6.33e-06,0.883,0.0471,0.0844,-5.333,456300,15
1I7J1EqE2aTnIRlkRgFpYc,Fazendo Amor,MC Hariel,R&B,funk,Motivated,commute;driving,96.962,0.68,0.741,0.552,0.319,0.0,0.268,0.119,-6.152,244983,42
5iXFBbApLVdTta1BrM3QTv,Unna Nenachu,Ilaiyaraaja;Sid Sriram,Pop,k-pop,Sad;Calm,studying;sleep,171.137,0.442,0.235,0.249,0.89,3.86e-06,0.0421,0.106,-13.808,275503,48
07lspWYhdJtdn6f6e3DiCD,Castigala,Maraca,Jazz,jazz,Happy;Energetic;Motivated,party,102.059,0.762,0.886,0.967,0.402,0.0,0.0407,0.04,-3.816,234133,38
3D9VUBpdUvau3tMgH3P5Tk,Dopamine,Purple Disco Machine;Eyelar,EDM,deep-house,Happy;Energetic;Motivated,workout;driving,117.985,0.69,0.805,0.874,0.053,0.0,0.124,0.188,-5.395,216770,60
5aNAawi2jFEe0qGPJSogRp,They Know,Karan Aujla,Hip-Hop,hip-hop,Motivated,workout;commute;party;driving,140.125,0.753,0.72,0.613,0.063,0.0,0.232,0.237,-7.686,144428,63
0RkLL6wLzJ9wATC8WR6aSY,You Got To Go - Fehrplay Extended Mix,Above & Beyond;Zoë Johnston;Fehrplay,EDM,trance,Energetic;Dark,workout;studying;driving,123.999,0.633,0.797,0.355,0.0614,0.887,0.0339,0.0668,-7.942,452903,27
0LbLIVrkbaPMeE4XHNgNpU,Sin Fortuna,Lupillo Rivera,R&B,r-n-b,Chill,studying;commute;cooking,173.249,0.475,0.426,0.967,0.883,2.24e-06,0.0926,0.081,-7.614,172755,47
7mNQwVYgoB3mtjkjCKsbXM,Hoyna Hoyna,Anirudh Ravichander;Inno Genga,Hip-Hop,hip-hop,Motivated,commute;party;driving,97.025,0.713,0.727,0.515,0.183,1.22e-06,0.0388,0.0756,-7.166,271937,59
28NmUX7MKQS3KnCwjAJz2Z,For the Joy of It All,Karunesh,Chill,new-age,Sad;Calm,studying;sleep,141.914,0.312,0.278,0.0572,0.337,0.713,0.0352,0.103,-14.475,389413,45
0Vg21uhtzHXxfJTsLRGgaG,Nuvole Bianche,Ludovico Einaudi;Ana & Sven,Chill,ambient,Sad;Calm,studying;sleep,118.162,0.317,0.161,0.0545,0.916,0.881,0.0374,0.0979,-17.203,320000,0
2EjxmOw1V5MZ40S7rCiHeP,Dos Hojas Sin Rumbo,Julio Preciado Y Su Banda Perla Del Pacifico,R&B,r-n-b,Calm,commute,120.059,0.782,0.39,0.977,0.369,0.00031,0.041,0.0635,-10.786,184693,51
5BjXsUfgNJ3N4JzUV4FojL,Space Gremlin,Boris Brejcha,EDM,minimal-techno,Dark,workout;studying;commute;driving,124.993,0.786,0.724,0.339,0.00193,0.896,0.0548,0.11,-12.736,424320,40
2W1EsT0BlEnFaPe44Q71N5,No Longer Slaves - Radio Version,Bethel Music;Jonathan David Helser;Melissa Helser,Chill,ambient,Dark,commute;driving,147.972,0.417,0.655,0.321,0.0459,0.0,0.0347,0.11,-5.798,249213,56
6tECMQ7VYmJMch6id84hGI,So Much Gal,Vybz Kartel,EDM,j-dance,Dark,commute;driving,173.924,0.621,0.634,0.339,0.192,0.0,0.259,0.0877,-5.751,156969,19
5u0xPA27MDStaMSUCJ6iLN,Os Mlk do Momento,Mc Gw;DJ NEGRESKO;Igor vilão,R&B,funk,Energetic;Dark,workout;driving,129.884,0.667,0.755,0.184,0.0985,0.00144,0.0594,0.127,-3.521,147816,42
4AIha4HSFqi7KFcSEcPM0O,Todo Poderoso,Cassiane,R&B,gospel,Romantic,commute;cooking,81.897,0.441,0.634,0.454,0.556,0.0,0.0463,0.266,-7.203,289970,41
52x9OFz2Nyj142900cBjcR,Silent Night,The Temptations,R&B,funk,Calm;Chill;Nostalgic,studying;commute,131.433,0.515,0.362,0.364,0.545,0.00133,0.0267,0.0813,-9.661,365720,0
5Arj4zfiBuwd61q9TJ7NSa,Love Is a Stranger,Eurythmics;Annie Lennox;Dave Stewart,Pop,synth-pop,Calm,commute;cooking,122.085,0.775,0.441,0.534,0.00341,1.55e-06,0.0308,0.147,-15.16,221600,28
0lO1TVzPyfdf3r9EDmsuFW,Sonho de Amor - Ao Vivo,Circuito Musical,Latin,forro,Happy;Energetic;Motivated,workout,97.504,0.622,0.954,0.854,0.256,0.0,0.0558,0.371,-5.324,196522,43
0en6SFmN4eaErErH126wbJ,What Have I Done to Deserve This? (with Dusty Springfield) - 2018 Remaster,Pet Shop Boys;Dusty Springfield,Pop,synth-pop,Happy;Energetic;Motivated,workout;party,118.082,0.706,0.871,0.928,0.134,0.000602,0.0329,0.158,-5.672,263240,61
3w4bNFN8cszAEOfYhcfDPQ,Una Emoción,Lucio Demare;Raúl Berón,Latin,tango,Calm;Nostalgic,studying;sleep,121.543,0.59,0.299,0.598,0.827,0.000182,0.0476,0.846,-8.699,161373,22
29eo4Bc2tFUrS7VoApleeK,White Christmas,Oscar Peterson,Jazz,jazz,Sad;Calm,studying;sleep,78.691,0.406,0.0242,0.185,0.956,0.773,0.0328,0.113,-27.846,228466,0
2sASx6Cz5mYm0xPrKiD8gZ,Barreiras - Ao Vivo,Mastruz Com Leite,Latin,forro,Happy;Energetic;Motivated,workout,104.021,0.579,0.851,0.77,0.1,0.00321,0.0392,0.25,-4.981,97494,40
2ymLkMDFzVwuH5l4JmMnWS,Amor Transparente / O Que Tem Que Ser Será - Ao Vivo,Raí Saia Rodada,Latin,forro,Happy;Energetic;Motivated,workout,168.001,0.426,0.898,0.762,0.543,0.00051,0.0459,0.318,-5.517,327584,42
0K2gSCI8ehL7qkxzNmsqDZ,One Look - Solo Piano Version,Alexis Ffrench,Chill,ambient,Sad;Calm,studying;sleep,75.007,0.508,0.0459,0.0809,0.995,0.934,0.0493,0.0984,-22.484,198897,36
1hCpXH3ZEm6LkEfWbodNCv,A Essência da Adoração,Damares,R&B,gospel,Dark,commute;driving,109.028,0.568,0.67,0.316,0.2,0.0,0.0329,0.145,-6.473,295373,39
2cjPokboQDr7xI0esIgg0h,Lose Our Minds,Curbi;Jess Ball,EDM,progressive-house,Dark,commute;driving,126.051,0.72,0.551,0.245,0.0423,0.000186,0.221,0.13,-9.403,157058,57
3YMx7ezFrrHJIlEbdhVB42,Gentle Touch,Bernward Koch,Chill,new-age,Sad;Calm,studying;sleep,83.107,0.306,0.0679,0.103,0.895,0.673,0.0342,0.119,-16.929,170066,27
4LWvi5lG5IigKIraGUWkpL,Atoms,Ludovico Einaudi,Chill,ambient,Sad;Calm,studying;sleep,68.921,0.338,0.00384,0.159,0.995,0.954,0.0657,0.112,-40.558,183955,58
0yWqJp0AGBDAaW1Z6wHfb8,Mi Falta de Fé,Plan 4,Rock,heavy-metal,Happy;Energetic;Motivated,workout,138.034,0.564,0.958,0.704,0.000192,0.00828,0.102,0.099,-3.039,152626,26
6vBMMa2erexusV4XrgXea9,Lil' Homies,2Pac,R&B,funk,Happy;Energetic;Motivated,party;driving,97.6,0.897,0.815,0.804,0.159,0.0,0.212,0.0637,-4.227,223973,64
6nJw9aueBn7zF2WuLns3Wp,Ordered Eastward,Hail Of Bullets,Rock,death-metal,Energetic;Dark,workout,113.09,0.216,0.986,0.142,1.21e-05,0.329,0.117,0.669,-4.2,282893,20
0HSqXHUdHUbDjWxYIClohv,Angel,Judas Priest,Rock,hard-rock,Sad;Chill,commute,83.998,0.532,0.441,0.204,0.014,0.0,0.0243,0.11,-7.86,264200,55
14kvEvGa8I0qCTuJkijYML,Robin Hood,Mc PP da VS,R&B,funk,Calm;Chill,commute,86.679,0.65,0.318,0.87,0.138,0.0,0.478,0.105,-12.072,212307,42
18a9QFyrmJwILt7F9EfwaX,Teu Amor Não Falha - Ao Vivo,Paulo Cesar Baruk;Leandro Rodrigues,R&B,gospel,Happy,commute;cooking;driving,115.952,0.677,0.653,0.504,0.45,0.0,0.0692,0.974,-10.034,328866,39
1TyuusIyvlm93bl50KEsmd,Deacon Blues,Steely Dan,Rock,psych-rock,Romantic;Nostalgic,commute;cooking;driving,115.848,0.751,0.545,0.599,0.49,0.000342,0.0394,0.131,-13.429,454560,29
3Ddny34bFoYBb8dIGq5lwp,Zoo York (feat. Fivio Foreign & Pop Smoke),Lil Tjay;Fivio Foreign;Pop Smoke,R&B,r-n-b,Dark;Chill,commute;driving,92.466,0.565,0.569,0.303,0.0352,8.81e-06,0.379,0.106,-6.084,214825,67
7uybj8kGcJGyslBdxMcqzQ,So Long My Friend,Yanni,Chill,new-age,Sad;Calm,studying;sleep,96.913,0.289,0.14,0.0396,0.454,0.515,0.0306,0.0704,-17.528,227933,22
4Hi9ZjMdPFx8Jb43YYOY4Q,Dream Machine - Downtempo Mix,Mark Farina;Sean Hayes,EDM,chicago-house,Happy,commute;cooking;driving,110.015,0.909,0.513,0.746,0.147,0.0204,0.0432,0.15,-6.997,368746,43
1BExV8JprNJLvLeDE9qdEW,It's Been Awhile,Staind,Rock,grunge,Energetic;Dark,workout;driving,116.529,0.509,0.774,0.0824,0.00189,0.000549,0.0338,0.143,-4.054,264706,65
2cPUhKXiA8pAgT8p5yt9Lv,"Sonate, Op. 5: III. (Adagio)",Arcangelo Corelli;Cet étrange éclat,Classical,classical,Sad;Calm,studying;sleep,87.224,0.128,0.0194,0.0576,0.826,0.0398,0.0403,0.133,-26.714,98306,1
13mtGi7CVCoHdLfM3bejvF,Vik Bak Meg Satan,The Good The Bad and The Zugly,Rock,rock-n-roll,Energetic;Dark,workout,124.956,0.545,0.954,0.383,0.000484,0.0,0.0827,0.366,-7.554,215176,30
3b7cDVaxhyIGr0gCyo5WV7,Por Tão Pouco - Ao Vivo,Exaltasamba,Latin,pagode,Happy,commute;cooking,77.308,0.398,0.698,0.572,0.626,0.0,0.0356,0.928,-7.802,228346,52
5dvGOTBXFSgpKddB6MGe0P,WAR,AP Dhillon;Gurinder Gill,Hip-Hop,hip-hop,Sad;Dark;Chill,commute;driving,139.966,0.674,0.508,0.322,0.159,0.000361,0.298,0.348,-10.56,221142,62
0OsAQfkwbPwT0Jv7g3oTqh,All the Things,Gaullin,EDM,electronic,Dark,workout;commute;party;driving,125.074,0.789,0.73,0.464,0.0246,0.0213,0.0578,0.124,-6.714,174729,57
2oJeOK86g6rG3ni3KWJ33U,She Gives Me Love,The Godfathers,Pop,power-pop,Energetic;Motivated,workout;driving,140.143,0.45,0.814,0.561,0.00043,0.0051,0.0503,0.0633,-8.855,232440,22
3JlVI5OZuBFhXQ9GUFdUxN,October Birds,Flower Face,Chill,ambient,Sad;Calm,studying;sleep,77.026,0.6,0.211,0.201,0.953,0.0,0.0593,0.107,-15.272,181568,43
1yPIFsWSszIgcArWl2lRpi,Stardust,Nat King Cole,Jazz,jazz,Sad;Calm;Chill,studying,109.141,0.262,0.324,0.212,0.676,0.000278,0.0337,0.211,-13.158,195573,0
62CprXvSWsKBvYu3Yba55A,Two,Sleeping At Last,Chill,ambient,Sad;Calm;Chill,studying,132.803,0.504,0.327,0.299,0.902,7.63e-06,0.0367,0.445,-9.49,258609,60
22WJcm9378v0AL2kCeOPuj,Familia (En Vivo),A.N.I.M.A.L.,Rock,heavy-metal,Energetic;Dark,workout,110.032,0.53,0.974,0.216,0.00057,3.55e-05,0.0703,0.895,-3.63,245066,21
2UIYEy7ten7AqOg4ucgwMY,Evig,Khold,Rock,black-metal,Energetic;Dark,workout,150.022,0.312,0.944,0.135,2.35e-06,0.012,0.0556,0.129,-12.435,227914,20
2Fls8fMOrHwJRXFw5cODTb,Ride for Me,Daniel Di Angelo,R&B,soul,Dark,commute;cooking;driving,96.986,0.576,0.617,0.44,0.0614,0.0,0.0345,0.209,-7.714,180773,52
10nyNJ6zNy2YVYLrcwLccB,No Surprises,Radiohead,Rock,alt-rock,Sad;Calm;Chill,commute,76.426,0.255,0.393,0.118,0.0577,0.00361,0.0278,0.113,-10.654,229120,82
3X2oSv1BdYiIu7ri3z0eRM,Alvo Mais Que a Neve,Gabriel Guedes de Almeida,R&B,gospel,Sad;Calm;Chill;Nostalgic,studying,129.611,0.323,0.331,0.343,0.86,0.0,0.0311,0.102,-9.682,330000,41
2fo7XZELsDVsvdDoqLc3lr,It Must Be Halloween,Andrew Gold,Pop,power-pop,Romantic;Chill;Nostalgic,commute;cooking,117.053,0.507,0.472,0.527,0.652,0.0,0.0763,0.401,-12.911,176933,0
3CYcfkVQbUPjnljKdKA8H1,Ascension,Mac Miller,Hip-Hop,hip-hop,Sad;Dark,commute;driving,119.998,0.763,0.53,0.296,0.368,3.41e-06,0.132,0.154,-6.348,292466,5
1pKubpcbRCOLY4wbvSDqzt,The Flame - Single Version,Cheap Trick,Pop,power-pop,Dark,commute;driving,96.82,0.631,0.62,0.3,0.574,6.27e-06,0.0267,0.11,-8.847,281693,51
1tIq1IvXMN4fPXNYQQenfn,School's Out,Alice Cooper,Rock,hard-rock,Dark,workout;commute;driving,134.077,0.292,0.745,0.347,0.0506,0.125,0.0463,0.675,-9.138,210106,0
2IuQINZo9v31DKccEGedoI,"Verdi: Il trovatore, Act 4: ""D'amor sull'ali rosee"" (Leonora)","Giuseppe Verdi;Maria Callas;Herbert von Karajan;Orchestra Del Teatro Alla Scala, Milano",Classical,opera,Sad;Calm,studying;sleep,72.791,0.226,0.0992,0.0395,0.987,0.00366,0.0468,0.11,-16.949,247920,21
19u7ucz8tazDZL1daf5y23,Tô de Boa - Ao vivo,LUDMILLA;Vou pro Sereno,R&B,funk,Happy,commute;party;cooking;driving,102.011,0.714,0.633,0.951,0.779,0.0,0.0402,0.198,-6.712,172750,53
3LEMmV0BgtM7TaJk40PFZU,Dippam Dappam,Anirudh Ravichander;Anthony Daasan,Hip-Hop,hip-hop,Happy;Motivated,workout;commute;party;driving,124.006,0.828,0.719,0.748,0.0919,0.000488,0.106,0.051,-7.755,209032,62
6gZVQvQZOFpzIy3HblJ20F,Man in the Box,Alice In Chains,Rock,alt-rock,Happy;Energetic;Motivated,driving,106.392,0.355,0.791,0.758,0.00045,0.0,0.0453,0.0969,-7.565,285200,75
3fGpNiwYr981n72YY4DZvB,American Boy,Kombinaciya,Pop,synth-pop,Dark,workout;commute;party;driving,129.899,0.705,0.713,0.498,0.26,1.55e-05,0.0437,0.0499,-6.676,283706,41
7MxQs6yYYMdlPctpF5WQGF,Hospitalarias Realidades,Hermetica,Rock,heavy-metal,Energetic;Motivated,workout;driving,146.214,0.424,0.777,0.569,0.000148,0.0,0.0453,0.102,-9.815,208906,33
6ITYHd3FzwzMSJr1m5W4oB,Lillies On The Lake,Michael Hoppé;Tim Wheater,Chill,new-age,Sad;Calm,studying;sleep,92.184,0.184,0.154,0.0373,0.99,0.975,0.0458,0.11,-18.879,237493,24
1APMLD7JwHPdiWFObXKqXP,"The Nutcracker (Suite), Op. 71a, TH. 35: IIf. Dance of the Reed-Pipes (Mirlitons)",Pyotr Ilyich Tchaikovsky;Berliner Philharmoniker;Mstislav Rostropovich,Classical,classical,Sad;Calm;Nostalgic,studying;sleep,126.978,0.45,0.0485,0.316,0.972,0.911,0.038,0.172,-31.079,155000,0
79WNtfRQcGa1xHysQGN5k1,40 Graus De Amor - Ao Vivo,Exaltasamba,Latin,samba,Happy,commute;cooking;driving,150.014,0.485,0.696,0.575,0.67,0.0,0.0415,0.93,-8.122,257106,42
4ZTwK44nGjHiBXEwIgGV2O,Kalank,Nil Sagar;Rocky Handsome;Aiswarya Khusi,Latin,samba,Happy;Energetic;Motivated,workout,81.895,0.453,0.861,0.668,0.311,0.0,0.0882,0.359,-5.908,327921,26
5cg0iQYSuJOUwxAtikIivY,Un Rinconcito en el Cielo,Julio Preciado Y Su Banda Perla Del Pacifico,R&B,r-n-b,Happy,commute;party;cooking;driving,109.976,0.897,0.644,0.972,0.449,0.0264,0.0434,0.139,-6.437,215066,41
2ettInVYfBTF2N19ApHdtm,Nostalgia - Live,Yanni,Chill,new-age,Sad;Chill,studying;commute,181.231,0.149,0.411,0.0783,0.864,0.0793,0.0349,0.709,-10.457,337933,33
4Qa9y4SXsLBAhcRZUdtpOw,Morenita - Matroda Remix,HUGEL;Cumbiafrica;Matroda,EDM,deep-house,Energetic;Motivated,workout;studying;party,126.088,0.746,0.903,0.626,0.0133,0.615,0.0724,0.329,-5.322,179047,56
3egSwvRPqL8BaaGkUaxqOc,Bad Blood,Bastille,Rock,rock,Happy;Energetic;Motivated,workout;driving,143.013,0.664,0.794,0.933,0.0132,0.0137,0.038,0.12,-5.503,212240,0
2D8r7X5bI4F45pVHqMMPXm,Meu Coração Pede Carona / Pura Magia / Só De Você - Ao Vivo,Lauana Prado,Latin,sertanejo,Happy;Motivated,workout;commute;party;driving,130.059,0.713,0.75,0.739,0.0773,0.0,0.0325,0.386,-3.242,238538,44
3kXOMpUjIGkRHyZiAp7eMS,Areia,Sandy;Lucas Lima,Latin,mpb,Sad;Calm,studying;sleep,87.041,0.358,0.209,0.106,0.817,0.0,0.0329,0.106,-10.562,223579,38
4inAT5fFLhvhSBSBqwPbvm,O Holy Night,Flower Face,Chill,ambient,Sad;Calm,studying;sleep,76.63,0.129,0.251,0.0416,0.545,0.0138,0.0338,0.0855,-13.674,166498,17
1xFkcJjWuLlq8CIymwSTw9,buzzkill,MOTHICA,R&B,soul,Happy;Energetic;Motivated,workout;driving,169.953,0.638,0.755,0.739,0.362,3.09e-06,0.0682,0.329,-5.614,140111,67
5AyCE2bPenuCUcClBYWZi4,"24 Horas De Amor - Live From Olimpo,Rio De Janeiro,Brazil/2022",Exaltasamba,Latin,pagode,Happy;Energetic;Motivated,workout,88.255,0.478,0.877,0.719,0.503,0.000154,0.0406,0.361,-7.886,247756,43
6zMrbDx9STcodQe6BP0zih,O Monstro Sem Nome (Johan),Enygma Rapper,R&B,r-n-b,Dark,workout;commute;driving,144.89,0.56,0.743,0.331,0.197,0.0,0.0685,0.107,-7.878,397241,40
4ABLgdKKYK7DJLPDCDnoMc,Bad Things,Machine Gun Kelly;Camila Cabello,Hip-Hop,hip-hop,Dark,commute;driving,137.816,0.679,0.697,0.287,0.232,0.0,0.14,0.178,-4.75,239289,1
0ncgj6yTGzZ4GwX2dbXAKE,Goodbye (feat. Xillions),le Shuuk;Xillions,EDM,minimal-techno,Energetic;Motivated,workout;driving,142.062,0.689,0.801,0.514,0.0359,0.000547,0.122,0.0743,-4.501,155492,55
7sw1QHkyVlCnDQ97h4On8w,Prelude (My LIttle Girl),Jon Schmidt,Chill,new-age,Sad;Calm,studying;sleep,124.106,0.275,0.194,0.126,0.976,0.829,0.0372,0.102,-13.138,267066,20
1BtJn9dmRnVO68aLbzUrYo,Hirzel,Andreas Vollenweider,Chill,new-age,Dark,commute;driving,103.045,0.726,0.57,0.329,0.0599,0.212,0.0258,0.212,-8.06,321757,24
0zcoDmDQzvwEagDYEGI1G5,Más y Más,Bulldog,Rock,punk-rock,Happy;Energetic;Motivated,workout,141.881,0.574,0.868,0.67,0.0729,0.0,0.0305,0.131,-4.357,237386,35
5QzmpS3dCwJRh4vpUgCi53,Gordinho Bololô,MC Ryan SP,R&B,funk,Happy,commute;party;cooking;driving,99.979,0.902,0.656,0.587,0.455,0.0,0.288,0.0989,-5.746,144600,47
2LwVSnu8XKGhAncs0rZqpL,"Leave a Light On (7"" Version)",Belinda Carlisle,Pop,synth-pop,Energetic,workout,128.7,0.559,0.86,0.472,0.0147,0.0,0.0534,0.123,-6.873,256746,25
4OXUywEN34HnmT5PChEGz5,Il Rimprovero,June Anderson;Raul Gimenez;Kathryn Bouleyn;Alessandro Corbelli;Nina Walker,Classical,opera,Sad;Calm,studying;sleep,97.548,0.307,0.0506,0.0965,0.986,1.62e-06,0.0524,0.0505,-20.73,199000,20
2Lmc7YPZND7DJPlmirwLqE,Romance Desapegado,Chicão dos Teclados,Latin,forro,Calm,commute;cooking,136.927,0.814,0.475,0.959,0.0214,0.000161,0.0882,0.354,-9.347,133250,38
4d6jPYgl4nvPN2XKMyOj0V,Mestre,Jairo Bonfim,R&B,gospel,Dark,commute,73.044,0.485,0.602,0.213,0.642,0.0,0.0311,0.183,-4.794,324893,39
6yMiMpRVMjSKUN4ClxU9i8,Beastmode,Yellow Claw;Stoltenhoff,EDM,electronic,Energetic;Dark,workout;studying,160.016,0.665,0.973,0.135,0.0207,0.842,0.26,0.0381,-2.112,192904,54
6ZYxNjuAU9Vy3VtF6W1dtE,We Rollin,Shubh,Hip-Hop,hip-hop,Sad;Dark,commute,85.016,0.82,0.504,0.275,0.261,7e-06,0.141,0.104,-9.113,199205,79
3mgyAgaT1AtVQfbsNEdpUY,Azul - JAH-VAN,Fernanda Abreu;BiD;Fernando Nunes,Latin,mpb,Happy,commute;party;cooking;driving,99.966,0.843,0.635,0.672,0.0838,1.04e-06,0.0342,0.222,-6.053,300320,43
0vSGh7m49wOnmPDkv3m9m1,If You're on the Water,The Saxophones,Chill,ambient,Sad;Calm,studying;sleep,107.044,0.651,0.123,0.115,0.947,0.103,0.029,0.109,-13.957,240430,44
5AU6eqeI7L4yLupUnoXzKB,Black Rose - Original Mix,Source Direct,EDM,drum-and-bass,Energetic;Motivated,workout;studying,163.847,0.493,0.949,0.532,0.00078,0.92,0.0847,0.134,-9.894,406591,15
0BcyEKVj3v4COQuBxiIejb,Humildade e Disciplina,Menor do Chapa,R&B,funk,Happy,commute;cooking;driving,128.024,0.688,0.643,0.841,0.476,0.0,0.331,0.515,-11.742,135497,42
4q1A94tJKFHsV3tEgtqKoN,情歌,Sandee Chan,Pop,mandopop,Sad;Calm;Chill,studying,79.873,0.598,0.302,0.0389,0.77,0.000132,0.0321,0.111,-13.642,289240,40
1pILESnhfceO3VwYu75SoM,Bizet: Carmen Suite No. 1: III. Intermezzo,Georges Bizet;Orchestre Philharmonique De Strasbourg;Marko Letonja,Classical,opera,Sad;Calm,studying;sleep,65.528,0.186,0.0678,0.0421,0.815,0.925,0.0393,0.132,-26.542,163920,26
0jms2T9rX2UO85zEZd65Nu,A Vitória,MC Neguinho do Kaxeta;MC Marks,R&B,funk,Dark,commute;cooking;driving,133.489,0.72,0.598,0.477,0.264,0.0,0.0865,0.295,-6.467,225600,45
0mZI1NpihIVcho2f9MmqSW,Trivia 轉 : Seesaw,BTS,Pop,k-pop,Happy;Energetic;Motivated,party;driving,106.985,0.707,0.791,0.674,0.179,0.0,0.035,0.102,-4.483,246334,69
0woV6n1aEv5C5b3D52nuJQ,Yuyo Brujo,Héctor Varela,Latin,tango,Calm;Romantic;Chill,studying;commute,124.535,0.552,0.385,0.687,0.933,0.000953,0.0652,0.101,-8.218,161733,19
2qqpQpzTYJ9EEsHPa0WwQH,Pala rauhaa,Klamydia,Rock,punk-rock,Energetic,workout;driving,154.925,0.464,0.799,0.484,0.00358,2.36e-06,0.055,0.101,-5.403,186973,35
0obvnPQaTe8fRAQHWyOWBv,Pathala Pathala,Anirudh Ravichander;Kamal Haasan,Hip-Hop,hip-hop,Happy;Energetic;Motivated,workout;party;driving,130.033,0.827,0.78,0.938,0.356,0.0,0.375,0.0651,-5.623,211384,60
2OKST9YTWMleTr5SAdbaEG,Rebeldia,Miguel Calo;Raul Iriarte,Latin,tango,Calm;Nostalgic,studying;sleep,125.217,0.496,0.297,0.548,0.877,0.654,0.0414,0.244,-11.884,176773,19
7tqZJVm2FNiYQ90B1UafQO,The End of the Day,Will Ackerman;Charlie Bisharat;Noah Wilding,Chill,new-age,Sad;Calm,studying;sleep,85.812,0.24,0.126,0.0705,0.978,0.868,0.0339,0.0823,-15.304,344040,23
0tDUG3Lcsf526yuPtJmI3p,En tus brazos,Alfredo De Angelis;Oscar Larroca,Latin,tango,Happy;Chill,commute;cooking;driving,124.385,0.512,0.528,0.767,0.967,0.0191,0.0389,0.68,-6.366,188659,21
5yj7D4UllTkAccTmROibCQ,Final Thoughts,AP Dhillon;Shinda Kahlon;Gminxr,Hip-Hop,hip-hop,Dark,commute,77.489,0.691,0.614,0.061,0.027,0.106,0.0534,0.158,-8.991,192000,69
7KXjTSCq5nL1LoYtL7XAwS,HUMBLE.,Kendrick Lamar,Hip-Hop,hip-hop,Dark,commute;cooking;driving,150.011,0.908,0.621,0.421,0.000282,5.39e-05,0.102,0.0958,-6.638,177000,84
4kvDWob9jdtKyiwkVuS1I6,Christmas Time Is Here - Instrumental,Vince Guaraldi Trio,Jazz,jazz,Sad;Calm,studying;sleep,74.923,0.418,0.116,0.0861,0.966,0.648,0.0331,0.138,-18.397,366213,0
2DtwGjmtPWlIfBvx1TBqhZ,"Suite for Solo Cello No. 1 in G Major, BWV 1007 (Transcr. for Solo Guitar by Göran Söllscher): I. Prélude",Johann Sebastian Bach;Göran Söllscher,Classical,classical,Sad;Calm,studying;sleep,140.081,0.358,0.201,0.201,0.957,0.886,0.0464,0.0983,-24.341,160000,0
0pjCsB0XNSyqM9UazlTODC,Jazz Suite No. 2: VI. Waltz 2,Dmitri Shostakovich;Russian State Symphony Orchestra;Dmitry Yablonsky,Chill,ambient,Calm;Nostalgic,studying;sleep,107.847,0.322,0.184,0.356,0.984,0.902,0.0338,0.0813,-18.312,193600,59
6Z6UuM4VMs0bkKCHKvYeux,"Carnaval, Op. 9: No. 2, Pierrot (Live in Japan, 2022)",Robert Schumann;Pavel Nersessian,Classical,classical,Sad;Calm,studying;sleep,76.971,0.548,0.0286,0.137,0.996,0.917,0.0565,0.108,-25.688,89733,0
4N7JGR3KAjR5jLkfFnoJ78,The Krochik,Ricardo Iorio,Rock,heavy-metal,Energetic;Dark,workout,129.894,0.454,0.868,0.387,0.00731,1e-05,0.0425,0.142,-4.384,224986,30
3osbtV03rQoOfuU0tLW0Gt,With You ~10年、20年経っても~,AK-69,Pop,j-pop,Romantic;Chill;Nostalgic,commute;cooking;driving,151.902,0.679,0.597,0.516,0.62,0.0,0.0688,0.0786,-5.781,297146,38
6qJrmD6CXKWkWcsYwu9AV3,Aathma Raama,Brodha V,Hip-Hop,hip-hop,Happy;Energetic;Motivated,party;driving,92.016,0.78,0.758,0.711,0.115,0.0,0.138,0.183,-6.414,234863,63
7MmkE4DIfZ2i7KTnrnfItK,Em Meu Coração,André e Felipe;Pr. Lucas,R&B,gospel,Dark,commute;driving,158.063,0.398,0.667,0.24,0.385,0.0,0.0343,0.0737,-5.647,256708,39
3h64K6Y8tG0gOcYvu0hTPn,Página Manchada,Gerson Rufino,R&B,gospel,Sad;Dark;Chill,commute;driving,147.984,0.537,0.508,0.341,0.196,0.000394,0.0304,0.181,-7.483,276653,41
6jtNk2zqbiZ9S7l6Gcp78A,2 MUCH (feat. 24hrs),Flosstradamus;24hrs,EDM,electronic,Energetic;Dark,workout,150.039,0.642,0.933,0.158,0.0657,1.04e-05,0.0871,0.087,-2.887,182400,52
1ODl034REBScrSzb4xWNNE,I Believe in You (Je crois en toi),Il Divo;Céline Dion,Classical,opera,Sad;Dark;Chill,commute;driving,179.276,0.165,0.522,0.0571,0.645,0.024,0.0325,0.119,-5.517,240293,54
4IQqOlTZpfjnSTOArpZX5j,BIBA,Farasat Anees;Slick Trick;Toshi,EDM,electro,Dark,commute;driving,110.983,0.758,0.573,0.284,0.0888,0.000677,0.0428,0.0834,-6.221,216216,66
5hk8JIdHWQBEwxljJmEmTi,"Spooky, Scary Skeletons - Undead Tombstone Remix",Andrew Gold,Pop,power-pop,Energetic;Motivated,workout;party;driving,127.91,0.772,0.788,0.574,0.0027,0.000502,0.0619,0.353,-5.414,125624,0
0WN1ICX0u0NenOccX8gRp3,About Her,Malcolm McLaren,Pop,synth-pop,Dark,studying;commute,76.998,0.533,0.6,0.195,0.0211,0.49,0.029,0.106,-8.769,289986,49
7fdsoKCtpx2hYXDRMoActW,Chellamma,Anirudh Ravichander;Jonita Gandhi,Hip-Hop,hip-hop,Happy,commute;cooking;driving,132.857,0.525,0.68,0.734,0.254,0.000348,0.207,0.0601,-7.252,236500,58
3BpiSlF0Z4CZQxcObv7erK,我是如此相信,Jay Chou,Pop,mandopop,Sad;Dark;Chill,commute;driving,137.968,0.49,0.538,0.107,0.145,3.65e-05,0.0291,0.102,-8.888,265013,55
4LxrmBgBLQc2oU60r6cBPW,Wild World,Mr. Big,Rock,hard-rock,Energetic;Motivated,workout,71.902,0.567,0.774,0.608,0.262,0.0,0.0341,0.293,-5.14,208506,51
16tVs3jYfaJlzrVjNbyqIz,Cê Volta,Althaír & Alexandre,Latin,sertanejo,Energetic,workout;driving,144.872,0.554,0.764,0.446,0.613,0.0,0.0305,0.157,-3.69,182068,45
54TMmqbSWu9kwnbNZrH8NE,Mystic Blue,Dan Gibson's Solitudes,Chill,new-age,Sad;Calm,studying;sleep,118.945,0.208,0.0923,0.0612,0.983,0.868,0.0405,0.108,-25.797,332577,24
0fTiDOXRNEN0lUeYGoSHml,Somebody,The Chainsmokers;Drew Love,EDM,edm,Dark,commute;driving,203.443,0.32,0.63,0.323,0.192,0.0,0.0493,0.102,-7.019,221986,62
7MdX25DW2YXXwCWl8fSHnq,Priceless,Bhalwaan;Signature By SB,Hip-Hop,hip-hop,Romantic;Chill,commute;cooking;driving,146.9,0.665,0.572,0.634,0.37,0.0,0.262,0.282,-9.611,107755,65
6sAdmaffuMijDszeFrGF1H,"Enakenna Yaarum Illaye (From ""Aakko"")",Anirudh Ravichander,Hip-Hop,hip-hop,Happy;Energetic;Motivated,workout;driving,160.036,0.571,0.818,0.781,0.0966,0.0,0.0857,0.16,-3.926,260812,62
65YtzNpiPhGVzg6GPzkotn,I Won't Let The Sun Go Down On Me,Nik Kershaw,Pop,synth-pop,Happy;Energetic;Motivated,workout,105.587,0.631,0.863,0.747,0.126,2.32e-05,0.035,0.0311,-7.988,203853,62
53ALpqfDW4u0VgVNh6qcIP,Yo No Se Que Me Han Hecho Tus Ojos,Ada Falcón,Latin,tango,Calm;Nostalgic,studying;sleep,86.945,0.631,0.261,0.623,0.992,9.29e-05,0.173,0.0976,-8.626,208430,19
7tJi6GDPUK9PgIA44dLWtn,Reminiscence,Ólafur Arnalds;Alice Sara Ott,Chill,ambient,Sad;Calm,studying;sleep,111.851,0.183,0.131,0.0543,0.785,0.899,0.0401,0.121,-17.785,268146,54
1cHIMrCWPWCAgnFeG7URQp,Cicatrizes,Daniela Araújo,R&B,gospel,Sad;Calm,studying;sleep,129.978,0.315,0.253,0.195,0.813,0.0,0.034,0.172,-10.343,215343,42
2j3jKZm09BQYgy4ogvPgUF,Vou Te Adorar,Gabriela Rocha,R&B,gospel,Energetic;Dark,workout,135.143,0.441,0.863,0.255,0.201,2.28e-06,0.0399,0.118,-3.276,207866,38
2N3PttR2UHNhggdpxfgWbP,Espera a Primavera,Nando Reis,Latin,mpb,Energetic;Motivated,workout,138.063,0.621,0.892,0.641,0.24,4.33e-05,0.0467,0.112,-6.02,266944,39
5mXkwFSEKXMDikxK6x6lDv,Love You Anymore,Michael Bublé,Pop,j-pop,Calm;Nostalgic,studying;sleep,90.014,0.693,0.257,0.603,0.869,0.0,0.0356,0.11,-7.785,182666,0
6BWssu3CWDgkZXHnSWiwSh,Laut Aana,Karan Aujla,Hip-Hop,hip-hop,Dark,commute;cooking,83.953,0.518,0.664,0.44,0.374,0.0,0.038,0.336,-5.168,217226,62
5u8JFIiwYnvlvOluXoyANy,Fabric of Summer,Blurstem,Chill,ambient,Sad;Calm,studying;sleep,85.395,0.434,0.00159,0.18,0.983,0.785,0.0439,0.118,-33.554,134523,54
0Gs12Qbcm90jRVoxd7v4lw,Te Peço Perdão,Marcos Antônio,R&B,gospel,Sad;Calm;Chill;Nostalgic,studying;commute,105.815,0.494,0.367,0.331,0.768,0.0,0.0289,0.184,-6.873,263862,39
6q9XTgfWilsnyiFofvYrIF,"Garmi (From ""Street Dancer 3D"") (feat. Varun Dhawan)",Badshah;Neha Kakkar;Varun Dhawan,Hip-Hop,hip-hop,Happy;Energetic;Motivated,party,109.974,0.788,0.87,0.884,0.123,1.43e-05,0.177,0.0692,-5.217,182738,67
0XQ0VfbS6MeAaf73q3LHHy,Amor Forçado,Unha Pintada,Latin,forro,Happy;Motivated,workout;commute;party;driving,136.897,0.832,0.709,0.817,0.646,0.0,0.0381,0.108,-4.002,181185,44
2PNF3C5EhT9Asa7XdEi18F,Rowdy Baby,Yuvan Shankar Raja;Dhanush;M. M. Manasi,Pop,k-pop,Motivated,workout;commute;driving,177.014,0.646,0.707,0.602,0.28,3.19e-05,0.199,0.136,-7.498,281503,48
0NkHu62RBt8U5WvjeUJfDA,Articulation,Rival Consoles,EDM,idm,Dark,studying;commute;driving,134.014,0.629,0.634,0.148,0.0225,0.798,0.0384,0.0731,-12.281,390884,12
60YICjIPdL7LDBcCMK0tAk,Levels,Sidhu Moose Wala;Sunny Malton;The Kidd,Hip-Hop,hip-hop,Motivated,workout;commute;driving,113.17,0.592,0.728,0.577,0.00148,0.0,0.311,0.379,-6.098,228705,76
41CUuaX52fZjRzzCK0rkkh,Broken Wings - Single Version,Mr. Mister,Pop,synth-pop,Dark,commute;driving,97.991,0.283,0.657,0.37,0.0824,1.58e-05,0.0353,0.136,-8.557,284493,55
4ECasrEmA3NeiHQpinwZ2A,Hare Krishna Hare Rama,Jubin Nautiyal,Pop,k-pop,Dark,commute;cooking;driving,100.026,0.546,0.639,0.414,0.151,0.0,0.0291,0.29,-7.94,309143,58
6TfeXwJihJRuBW3mFpib6J,DANCE,CLMD;Tungevaag,EDM,house,Happy,commute;cooking;driving,122.012,0.766,0.548,0.552,0.0263,1.81e-06,0.0373,0.21,-7.834,174448,61
32tZTpPLhi5N3I0rkGIvVN,A Place Without Words,Ira Stein,Chill,new-age,Sad;Calm,studying;sleep,143.631,0.331,0.145,0.111,0.912,0.786,0.039,0.0928,-18.287,278826,22
7n6h1TF2F9bLmf0MtyRDev,Estrela,Gilberto Gil,Latin,samba,Happy,commute;cooking;driving,122.63,0.745,0.549,0.786,0.505,0.00506,0.0301,0.0532,-11.369,266360,37
4ITXYNLwUkdX5k5y8M2SU4,Calling Wisdom,Karunesh,Chill,new-age,Sad;Calm,sleep,59.592,0.0912,0.224,0.0376,0.0824,0.207,0.0393,0.0928,-13.545,334706,48
2mXxHFmB2uNStVGD6J60iU,O Que e Que Há (Ao Vivo),Fábio Jr.,Latin,mpb,Sad;Dark;Chill;Nostalgic,commute;driving,96.007,0.595,0.548,0.349,0.444,0.00183,0.0245,0.782,-8.978,209066,43
4TqSZLPgTr5g70TFhY1I8c,Staying In,The 20 Belows,Pop,power-pop,Energetic;Motivated,workout,180.188,0.286,0.995,0.547,1.69e-05,0.0529,0.0957,0.375,-3.361,101146,29
1vRWBwDWDbuyzTSBHLQkq4,我也很想他,Stefanie Sun,Pop,mandopop,Calm;Chill;Nostalgic,studying;commute,129.784,0.547,0.383,0.397,0.76,0.0,0.0321,0.121,-8.717,257200,49
0VwpMbSYLdagSLbrf42GZ6,La Piragua,Dimension Latina,Latin,salsa,Happy,commute;cooking;driving,113.258,0.578,0.61,0.862,0.707,0.0,0.0991,0.0868,-7.079,170805,27
03xxnNXmK7lJjW9hV2ldn8,Coppelia: Act I - Valse,Léo Delibes;Slovak Radio Symphony Orchestra;Andrew Mogrelia,Classical,opera,Sad;Calm,studying;sleep,88.813,0.198,0.0313,0.189,0.901,0.866,0.0419,0.0924,-26.69,141200,54
0xKmZG7V6F5ejJckXgJx6O,Waterfall,Neelix;The Gardener & The Tree,EDM,techno,Happy,commute;cooking;driving,138.037,0.828,0.597,0.648,0.0506,0.00322,0.225,0.211,-10.913,219130,58
6qnSA1GSwRtgHCqaD1jQin,今天陽光就是特別耀眼特別和諧 feat. 韋禮安,Pets Tseng;WeiBird,Pop,mandopop,Sad;Chill,commute,81.998,0.569,0.488,0.212,0.175,0.0,0.0409,0.263,-9.698,186014,58
3ywjIbXWgG5Vjom6zhA2aP,Velicha Poove,Anirudh Ravichander;Mohit Chauhan;Shreya Ghoshal,Hip-Hop,hip-hop,Happy;Motivated,commute,79.744,0.526,0.701,0.683,0.444,2.74e-06,0.0552,0.0883,-6.574,312280,57
6Ges5C2IE738iJh4HyQizQ,Ay Vamos,J Balvin,Latin,latino,Happy;Motivated,workout;commute;party;driving,173.916,0.718,0.711,0.92,0.157,5.54e-05,0.11,0.1,-5.746,226413,69
2Dzzhb1oV5ckgOjWZLraIB,Overdose,なとり,Pop,j-pop,Happy,commute;cooking;driving,118.012,0.733,0.598,0.831,0.0307,1.7e-05,0.0377,0.218,-9.453,197093,78
0sbaC8xjeLa4CZr07eyszU,Besos En Guerra,Morat;Juanes,Latin,latin,Happy;Energetic;Motivated,workout,143.961,0.691,0.973,0.783,0.126,0.0,0.048,0.101,-3.586,231532,2
6lsxzD3TrjHMspJ8ptIs3H,Ilam Neela Mizhikal,Sreevalsan J. Menon,Classical,classical,Sad;Calm;Chill;Nostalgic,studying;commute,79.95,0.441,0.391,0.343,0.902,0.00308,0.0305,0.105,-8.883,238466,29
1gCQSac65SXFh7FPW6MQz3,Cry 4 U - Sheryl's Authentic Love Festival Mix,Terrence Parker,EDM,detroit-techno,Happy;Energetic;Motivated,workout,125.016,0.638,0.921,0.755,0.000462,0.0013,0.0343,0.204,-4.456,496163,19
7fHvHYRd3qlVUhENGGw4QQ,Slow Dance of Dungeons,Casino Versus Japan,EDM,idm,Sad;Calm;Chill,studying;commute,165.462,0.0981,0.368,0.106,0.182,0.979,0.0439,0.162,-19.409,123906,11
3ZCEIOkxevFmYRxdSIwBPc,Electronic Battle Weapon 1,The Chemical Brothers,EDM,breakbeat,Energetic;Dark,workout;studying,128.989,0.751,0.904,0.275,0.00124,0.822,0.155,0.0707,-4.76,398213,16
0JX13l9ixwzb9BBTG5vaNV,Let You Down (feat. Charlotte Sands),Sleeping With Sirens;Charlotte Sands,Rock,metalcore,Energetic;Motivated,workout,174.024,0.439,0.941,0.624,0.00244,2.53e-05,0.122,0.305,-3.398,205974,58
1JA3cUKq0xuTrBPJI3VgmA,Pensando em Você,Henrique Cerqueira,R&B,gospel,Calm;Nostalgic,studying;sleep,84.524,0.68,0.222,0.454,0.74,0.0,0.0571,0.125,-10.943,212413,40
4wWugVbhblSjTsW1fjwf3u,Dear Mama,Sidhu Moose Wala,Hip-Hop,hip-hop,Romantic;Chill;Nostalgic,commute;cooking,79.34,0.534,0.592,0.405,0.453,0.0,0.149,0.193,-6.149,186315,56
1nOr7mWsonrmVCmgWSzGqM,Tatu Tá?,Zeca Baleiro;Guilherme Kastrup;Natália Matos,Latin,mpb,Chill,commute;cooking;driving,108.037,0.6,0.589,0.5,0.0361,9e-05,0.0681,0.117,-8.277,39682,39
3k7X74pvPwSAHX6yMymlHW,Madrugada,Gabriela Gomes;Marquinhos Gomes,R&B,gospel,Dark;Chill,commute;driving,140.055,0.42,0.563,0.236,0.619,0.0,0.026,0.117,-5.093,301285,42
5ARE2gimVgXiKBKNtdLFxg,你是我最愛寶貝的寶貝,Aaron Kwok,Pop,cantopop,Sad;Calm;Chill,studying,109.73,0.505,0.338,0.0986,0.674,1.07e-05,0.0272,0.146,-11.997,282960,20
0czae8hEbfn2zSF5iKCZoE,Mi manchi,Andrea Bocelli;Kenny G,Classical,opera,Sad;Calm;Chill,studying;commute,138.744,0.273,0.353,0.115,0.795,0.0221,0.0302,0.112,-9.647,214572,44
3QaULt6mFjXbmU1O8chake,Holding Out For You,Pond,Rock,psych-rock,Energetic,workout,128.213,0.379,0.86,0.407,0.000391,0.183,0.0439,0.412,-6.086,283394,52
7qMFw62zGbJy6uHERqZFjr,Born Bad - Radio Edit,NG Rezonance,EDM,trance,Energetic,workout,144.999,0.546,0.999,0.416,0.00163,0.222,0.0928,0.845,-7.631,148965,28
658pEOjH553iDowlpszE1k,"Verdi: Otello, Act 4: ""Ave Maria"" (Desdemona)",Giuseppe Verdi;Cristina Gallardo-Domas;Maurizio Barbacini;Das Münchner Rundfunkorchester;Munich Radio Orchestra,Classical,opera,Sad;Calm,studying;sleep,180.967,0.171,0.0289,0.0381,0.983,0.0106,0.0566,0.0732,-25.732,283919,23
0BCD23gq6f8G2tHBEuB92k,A2PRES107 - Original Mix,Chez Damier;Ron Trent;M.D,EDM,chicago-house,Happy,studying;commute;party;cooking;driving,123.687,0.818,0.675,0.845,0.000512,0.804,0.0687,0.091,-9.087,394028,14
6RS4tsqzQgalAUV1VbuKQg,I'm Glad There Is You,Julie London,Jazz,jazz,Sad;Calm,studying;sleep,124.908,0.492,0.0671,0.165,0.958,0.000968,0.0399,0.109,-15.671,147413,0
7aeAyToos4zz03yj7oFgYh,Sloop De Bleumkes,Szeukers,EDM,hardstyle,Dark,commute;driving,159.959,0.617,0.665,0.285,0.00583,0.0,0.242,0.0862,-6.291,183759,28
2YJJRSqn5OTZwAjBGhJ7VD,Stealing Babies (Featuring Elvin Jones),Our Lady Peace,Rock,grunge,Energetic;Dark,workout;driving,125.656,0.316,0.781,0.293,0.135,3.05e-05,0.113,0.336,-7.311,331240,24
3dbLT62Cvs46Ju7a8gpr36,Savage,aespa,Pop,k-pop,Happy;Energetic;Motivated,workout;party,146.959,0.727,0.879,0.671,0.124,1.17e-05,0.129,0.244,-1.167,238143,74
5tM6eTpydHiDAeyUOcDNHm,Ligature Marks,Meshuggah,Rock,death-metal,Happy;Energetic;Motivated,workout,149.995,0.53,0.892,0.709,5.9e-05,0.368,0.0451,0.0984,-5.987,313017,48
35Krmwgrk5mTqD0mptXlU5,Unakkul Naane,Bombay Jayashri,Classical,classical,Romantic;Nostalgic,commute;cooking;driving,112.99,0.701,0.559,0.542,0.752,0.00077,0.0537,0.0935,-12.297,281103,43
296nXCOv97WJNRWzIBQnoj,FEARLESS,LE SSERAFIM,Pop,k-pop,Dark,commute;cooking;driving,103.971,0.863,0.62,0.432,0.0508,0.00324,0.135,0.129,-7.167,168437,83
5oX2k04ebMPx9vAc83mE7t,忽然很想你,許慧欣,Pop,mandopop,Dark,commute;cooking;driving,136.201,0.548,0.687,0.454,0.548,0.0,0.138,0.127,-6.796,249040,0
3YN8XwoaJH33O628915Fhd,London Hymn,Josh Groban,Classical,opera,Sad;Chill,studying;commute,81.195,0.136,0.485,0.186,0.964,0.911,0.035,0.123,-8.6,116600,20
2UCFUK8rCxcx7WLvwU2Y0e,My Christmas Tree,The Temptations,R&B,funk,Chill;Nostalgic,commute,167.308,0.395,0.468,0.375,0.511,0.0,0.0294,0.0699,-8.723,198786,0
25WU3f3gv6ATdPtSG5cybu,No Sigue Modas Aka Ella No Sigue Modas,Don Omar;Juan Magán,Hip-Hop,hip-hop,Happy;Energetic;Motivated,workout,128.032,0.685,0.862,0.884,0.00757,0.0014,0.0627,0.0226,-4.611,232000,0
21j1PsCiTaO8ZW88UZrh3A,Shine On You Crazy Diamond (Pts. 6-9),Pink Floyd,Rock,psych-rock,Sad;Chill,studying;commute,135.87,0.288,0.485,0.124,0.576,0.9,0.0491,0.322,-13.162,747325,58
3lCpv5qj1dDMGeqQ642dCU,Medley: Cobaia / Infarto / Notificação Preferida - Ao Vivo,Grupo Presença,Latin,pagode,Happy;Romantic;Chill,commute;cooking;driving,142.104,0.439,0.587,0.655,0.57,0.0,0.0382,0.35,-8.309,470634,48
3ehWNmQuly0EY8Xv1NaeMR,Palomas Que Andan Volando,Banda Cuisillos,R&B,r-n-b,Happy;Motivated,workout;commute;driving,124.311,0.51,0.712,0.867,0.0779,0.0915,0.0316,0.394,-5.292,203012,42
1OwphiICfwWbJJO1cGQqgY,Ghost Bells,Mike Oldfield,Chill,new-age,Sad;Calm,studying;sleep,90.168,0.245,0.15,0.0362,0.307,0.901,0.036,0.321,-20.047,30546,21
5TkzLV0CMW0LBWTNNJvCs9,Angels Sleep,Daniel Kobialka,Chill,new-age,Sad;Calm,studying;sleep,139.151,0.148,0.0865,0.0393,0.976,0.918,0.0496,0.0883,-21.967,396400,24
7KcioPZr1pfYTCVPH43QHi,Another Angel (ABGT499D3),Above & Beyond,EDM,trance,Energetic;Dark,workout;studying;driving,128.005,0.253,0.837,0.145,0.00056,0.871,0.0731,0.358,-7.595,210000,34
7yLSvkBAxjw6RH9hflGVGN,Life Is Sweet,The Chemical Brothers,EDM,breakbeat,Dark,studying;commute;party;cooking;driving,124.9,0.716,0.606,0.483,0.00042,0.855,0.0918,0.129,-12.568,515000,11
00IXrawIDidTg6RrN3pt6X,Dystopi,Khold,Rock,black-metal,Dark,commute;driving,95.004,0.398,0.75,0.25,4.59e-06,0.00219,0.0384,0.101,-13.219,241564,18
4v2O5KhtNNbNofGg3LXAmr,Dúlaman,Celtic Woman,Classical,opera,Calm;Nostalgic,studying,134.154,0.555,0.3,0.388,0.798,0.0,0.176,0.0697,-13.302,260026,25
5Zx0Rrkn5RFBMD2PRxX3mI,"""Contemplate This on the Tree of Woe.""",Dillinger Four,Pop,power-pop,Energetic;Dark,workout,106.478,0.565,0.977,0.387,0.0282,0.00132,0.0546,0.433,-3.592,180706,24
5By9kswZj7izK0iGLeEkJJ,Profetiza - Ao vivo,Jefferson & Suellen,R&B,gospel,Energetic;Dark,workout;driving,137.784,0.443,0.777,0.218,0.0992,0.0,0.0414,0.14,-4.511,292624,40
6J5NBcgV1SU1igwh19QvSr,Over and Out,Logistics,EDM,drum-and-bass,Energetic;Dark,workout;studying,173.997,0.402,0.974,0.0386,0.0681,0.922,0.0463,0.389,-3.478,379038,20
6fBMKVPDNNdnKzaW4Hvu2M,Everyday Life,Coldplay,Pop,pop,Sad;Chill,commute,124.103,0.512,0.452,0.235,0.775,0.0818,0.0292,0.065,-8.991,258532,0
7mUuarQfB0E0Xs80Vzd2gw,Chitta Kurta,Karan Aujla;Gurlez Akhtar,Hip-Hop,hip-hop,Happy;Motivated,commute;party,89.99,0.834,0.738,0.656,0.2,0.0,0.199,0.0797,-6.904,217260,59
2tjVoqfe3aJQlFVyhlivCz,Forget-Me-Now,The Acacia Strain,Rock,death-metal,Energetic;Dark,workout,170.078,0.43,0.962,0.316,0.00806,0.0989,0.153,0.51,-4.63,163346,22
6dsr4ikdvm6YbdzXN6Jv5w,"Divertimento No. 15 in B Flat Major, K.287: Variation I",Wolfgang Amadeus Mozart;Academy of St. Martin in the Fields Chamber Ensemble,Classical,classical,Sad;Calm,studying;sleep,115.397,0.441,0.0207,0.289,0.965,0.0017,0.0488,0.118,-27.772,69333,8
2w2ILZhs6v4kAEPD8GLIJj,Today and it’s gone (Munich Session),Carlos Cipa,Chill,ambient,Sad;Calm,studying;sleep,68.118,0.3,0.0296,0.0798,0.975,0.913,0.0355,0.0786,-25.094,258000,48
5aa4zMfrJ16iDnS6UIKtlL,Aasman Ko Chukar,Daler Mehndi;Hrishikesh;Neuman;FRANCO;Shazneen Arethna;Samantha;Sunayana,Hip-Hop,hip-hop,Sad;Chill,commute,144.626,0.536,0.438,0.127,0.119,0.0,0.103,0.129,-12.894,274081,64
4HEzmqZuqVk3qSwD6Dtk6K,My Block,Sidhu Moose Wala,Hip-Hop,hip-hop,Dark,commute;driving,91.249,0.609,0.639,0.211,0.357,0.0,0.0682,0.239,-4.662,221539,59
77xqVXjAVWLHeyMaXdiZcC,"Christmas Oratorio, BWV 248 / Pt. 2: Sinfonia",Johann Sebastian Bach;Albrecht Mayer;Beni Araki,Classical,classical,Sad;Calm,studying;sleep,77.975,0.145,0.135,0.0535,0.978,0.971,0.0429,0.323,-16.841,307920,0
4umQGLGlgLimUIszMfoX6p,"Piano Concerto No. 3 in D Major, K. 40: II. Andante",Wolfgang Amadeus Mozart;Ingrid Haebler;Capella Academica Wien;Eduard Melkus,Classical,classical,Sad;Calm,studying;sleep,94.635,0.332,0.0594,0.111,0.979,0.952,0.0335,0.155,-26.684,290893,9
3cIyT6Vc8eusiDoae76IjK,Un Sueño,La Tropa Loca,Rock,rock-n-roll,Happy,commute;cooking;driving,203.657,0.421,0.699,0.628,0.137,0.0,0.0427,0.124,-6.277,194604,30
6slRYuwqqRE8PGgiCIB6Qo,Komm Zigany (auch ich war einst ein feiner Csárdáskavalier),Emmerich Kálmán;Peter Alexander,Classical,opera,Sad;Calm,studying;sleep,63.974,0.291,0.274,0.195,0.922,0.018,0.0341,0.239,-13.882,255240,21
6VWSTkL9ZWNIqK6TvyAbO8,No Hace Falta Nada,Víctor Manuelle,Latin,salsa,Happy;Energetic;Motivated,driving,98.799,0.563,0.837,0.936,0.366,0.000301,0.0584,0.0756,-5.013,291866,26
7DJ6c1V0fJUIpTTYbVOPpU,A Taste Of Snow,Jim Brickman,Chill,new-age,Sad;Calm;Chill;Nostalgic,studying,135.281,0.399,0.314,0.336,0.991,0.897,0.0379,0.078,-12.206,217268,0
2d7LPtieXdIYzf7yHPooWd,Chasing Cars,Sleeping At Last,Chill,ambient,Sad;Calm,studying;sleep,108.13,0.467,0.157,0.277,0.974,1.46e-06,0.0336,0.0816,-9.649,242564,62
66WHHa2c6evCPVBvlblI2D,Confessions,MYRNE;Cozi Zuehlsdorff,EDM,dubstep,Energetic;Motivated,workout,90.974,0.561,0.942,0.55,0.0516,4.95e-06,0.266,0.372,-3.384,260064,43
7CFr6CA5z36MDpDFLsAZM4,Rock-a-Bye Baby,Brian Crain,Chill,new-age,Calm;Nostalgic,studying;sleep,109.704,0.517,0.0322,0.358,0.989,0.904,0.0401,0.0828,-25.049,211353,21
57CZLRVyGf21PgF573ZkPn,Não Olhe Pra Trás - Ao Vivo,Capital Inicial,Latin,mpb,Energetic;Dark,workout,102.981,0.484,0.882,0.298,0.0444,0.00075,0.0388,0.974,-5.704,289173,40
1Gp3235UGtWR50HwDFDjyu,Heart Of Pop (Percayalah),Closehead,Rock,punk,Energetic;Motivated,driving,99.98,0.547,0.813,0.563,0.0145,1.96e-05,0.0545,0.0986,-5.447,175583,38
1k47DfB1O0Yp7DC2lQx7up,Toda Una Vida,Mike Laure,Rock,rock-n-roll,Calm,commute;cooking,114.647,0.764,0.496,0.96,0.507,0.0,0.0339,0.0839,-8.554,133416,30
0uq2RxtcfdEbnDD5NwhXJF,Gemini,Unifire,EDM,hardstyle,Energetic,workout,174.876,0.378,0.991,0.403,0.0108,1.18e-06,0.251,0.388,-5.227,201600,21
5kE7C68N1FO6w22HLB2kJw,Dark,Indochine,Pop,synth-pop,Sad;Dark;Chill,commute;driving,105.982,0.425,0.536,0.0776,0.00436,0.000676,0.0276,0.178,-7.723,277146,22
7ps9nveGqxcCMgzmlkZPVm,Hold On,Serum;Serial Killaz,EDM,drum-and-bass,Energetic,workout,175.997,0.637,0.976,0.407,0.00043,0.198,0.0914,0.107,-1.061,338288,18
4ZOau1YKuZi0KmPl4lgjuf,De Lo Bueno Muy Poco,Asspera,Rock,heavy-metal,Happy;Energetic;Motivated,workout,180.087,0.465,0.945,0.696,0.000374,0.0,0.111,0.656,-4.827,230213,26
4esOae7i4rqTbAu9o5Pxco,Girl on Fire,Alicia Keys,R&B,soul,Dark,commute;driving,92.513,0.482,0.706,0.144,0.135,0.00106,0.0607,0.105,-5.762,224920,77
63huDpEdqQBN43UgxhoIcX,酷愛,Hins Cheung,Pop,cantopop,Motivated,workout;commute;party;driving,139.979,0.744,0.713,0.521,0.126,0.0,0.0471,0.154,-6.178,234360,49
2UUX5bJSHdHmUP9J7CYff1,Angles,Krust,EDM,drum-and-bass,Happy;Energetic;Motivated,workout;studying;party,164.843,0.707,0.905,0.69,0.00384,0.827,0.0778,0.0691,-4.874,412400,16
7m3fDut2mWwaPDQHl2gbU6,Amistades de Tierra Adentro,Almafuerte,Rock,heavy-metal,Energetic;Dark,workout,158.696,0.289,0.978,0.319,1.6e-05,0.0,0.117,0.0859,-4.042,197000,24
7cawZykaoTUyaRqZLclrts,Otra Mujer,2 minutos,Rock,punk-rock,Energetic;Motivated,workout,126.578,0.412,0.96,0.511,0.000603,0.0,0.11,0.446,-3.307,107053,35
3vzZ5uyQEYk7ai75ltQom5,O Leão E A Igreja - Ao Vivo,Preto no Branco;Nívea Soares,R&B,gospel,Dark,commute;driving,128.032,0.557,0.608,0.362,0.279,0.0,0.0322,0.137,-5.799,267170,38
7b8LnYkdkK7BlLptuGmSvO,Up on the Roof,The Drifters,Rock,rockabilly,Chill,commute;cooking,123.335,0.673,0.483,0.888,0.452,6.49e-06,0.0298,0.353,-11.485,155973,28
4twICqafR4E6Aw9pesF292,Necesito Tu Amor,Charly García,Rock,punk-rock,Energetic,driving,103.029,0.604,0.802,0.473,0.0116,0.000304,0.0344,0.0713,-7.561,216186,40
6VD1AgKVmpXSExxnCm8PJp,感激我遇見 - 劇場版,Ekin Cheng,Pop,cantopop,Romantic;Chill;Nostalgic,commute;cooking,73.068,0.546,0.522,0.458,0.662,0.0,0.031,0.193,-7.338,270213,24
38OuAEtETQMXayoC18tLKe,Heaven Is a Place On Earth,Belinda Carlisle,Pop,synth-pop,Happy;Energetic;Motivated,workout,122.861,0.634,0.89,0.829,0.00499,9.64e-06,0.0331,0.0662,-6.498,245720,50
4P21xFk0dC13qyIVn99kVB,Out of the Body,Pestilence,Rock,death-metal,Energetic;Dark,workout,102.807,0.318,0.985,0.316,2.36e-06,0.308,0.0943,0.135,-6.849,279106,21
0mHT1OoC481dAWaaMqlrx5,Tes yeux noirs,Indochine,Pop,synth-pop,Happy;Energetic;Motivated,workout,136.652,0.584,0.89,0.806,0.022,5.32e-05,0.0387,0.274,-3.904,264973,24
3JpzqRcjxif901JZKAPLn6,Mos 6581,Carbon Based Lifeforms,Chill,ambient,Sad;Chill,studying;commute,90.002,0.541,0.421,0.154,0.773,0.749,0.0337,0.118,-11.792,440000,40
56TXkBMhaHhmqNq1M30qlE,Forget About It (feat. Sunny Malton),Sidhu Moose Wala;Sunny Malton,Hip-Hop,hip-hop,Happy;Energetic;Motivated,party,93.064,0.794,0.884,0.716,0.0634,0.0,0.179,0.319,-5.931,222312,58
07ytn0V4bioPfpAZ1Cyntj,No Vuelvo (feat. Ken-Y),Víctor Manuelle;Ken-Y,Latin,salsa,Happy,commute;cooking;driving,182.055,0.61,0.674,0.786,0.749,0.0,0.0641,0.211,-5.29,246680,28
6A6mDExVoAEJmc5JyVSQeK,"Life of Pazham (From ""Thiruchitrambalam"")",Anirudh Ravichander,Hip-Hop,hip-hop,Happy,commute;cooking;driving,174.974,0.503,0.665,0.597,0.124,0.000155,0.0801,0.175,-6.302,234514,72
6cdiviyVL3tFYE1eDcmUzL,Gumaan,Young Stunners;Talha Anjum;Talhah Yunus,Hip-Hop,hip-hop,Romantic,commute;cooking,77.502,0.716,0.542,0.571,0.358,0.0,0.304,0.106,-6.195,260173,61
2KJUr9U6a3balnh1W7hDwZ,Issa Jatt,Sidhu Moose Wala;Sunny Malton,Hip-Hop,hip-hop,Happy,commute;cooking,83.996,0.847,0.583,0.837,0.12,0.0,0.411,0.555,-8.631,232000,59
7CoMBpPTwQi2wPT0U0Nr9b,State Lines,Novo Amor,Chill,ambient,Sad;Calm;Chill,studying,137.474,0.509,0.31,0.151,0.959,0.229,0.0313,0.0963,-10.623,208653,73
0KRqq8sfdjFLOfxYqBZmqA,Ocean Moods,Tony O'Connor,Chill,new-age,Sad;Calm,studying;sleep,92.369,0.255,0.172,0.129,0.939,0.847,0.0349,0.317,-15.741,433880,23
5L97hj2bkpg7QRn8KWVbHm,Eight Minuets K.315g - orch. Erik Smith: No. 7 in A,Wolfgang Amadeus Mozart;Wiener Mozart Ensemble;Willi Boskovsky,Classical,classical,Calm,studying;sleep,162.884,0.475,0.232,0.848,0.94,0.0077,0.0631,0.25,-15.271,93000,2
7bmAgiUc4W4bfyZRCc6lOh,私は最強 - ウタ from ONE PIECE FILM RED,Ado,Pop,j-pop,Happy;Energetic;Motivated,workout,95.954,0.574,0.858,0.658,0.205,0.0,0.0469,0.344,-2.911,257915,72
0tmqP8rMwztX48rwSiwnbC,Danger Zone,Radical Redemption;D-Sturb,EDM,hardstyle,Energetic;Dark,workout,155.121,0.471,0.959,0.219,0.0444,0.0,0.0911,0.151,-2.521,269419,20
1V1HYChw76Pm99UO345OUg,Beautiful World - 2010 Remaster,DEVO,Pop,synth-pop,Dark;Chill,commute;driving,149.649,0.649,0.524,0.394,0.139,4.67e-05,0.0268,0.118,-10.176,214586,29
3srQQxcIZO3PxtOJ83BmDM,Favorite,TroyBoi;Healthy Chill,EDM,electronic,Happy,commute;party;cooking;driving,146.996,0.833,0.639,0.653,0.0392,4.24e-05,0.0881,0.162,-3.825,164897,52
0A6yvUmWmoAOzHH0o1UdUj,Master/Slave,Portrayal of Guilt,Rock,black-metal,Energetic;Dark,workout;studying,152.979,0.184,0.984,0.0318,0.00352,0.646,0.194,0.719,-4.521,155318,19
4yJ0w4kj79TiKyg0klsxC6,Bregadão - Ao Vivo,Leo Santana,R&B,funk,Happy;Energetic;Motivated,workout;party,139.956,0.806,0.89,0.843,0.748,0.000169,0.129,0.94,-4.001,168618,46
47ksZ1E7i2q5ptirD0E86H,Eu Tô de Miliduka,Mc Kadu;MC Cebezinho;Mc Kanhoto;MC GP;Dj Victor,R&B,funk,Romantic;Chill;Nostalgic,commute;cooking,173.942,0.662,0.477,0.449,0.709,0.0,0.523,0.0979,-7.218,281379,41
027A615jcOJgvezFn8kok4,Boys - Pink Panda Remix,Lizzo;Pink Panda,Hip-Hop,hip-hop,Happy;Energetic;Motivated,workout;party,126.008,0.853,0.938,0.848,0.0369,0.00113,0.0955,0.545,-4.908,143095,0
6Grw9OtoslF9JrDJ6pgsQG,GIRL ON TV,chloe moriondo,Pop,indie-pop,Happy;Energetic;Motivated,driving,90.959,0.582,0.829,0.716,0.0522,0.0,0.193,0.264,-3.517,191733,0
4woTEX1wYOTGDqNXuavlRC,Superman,Eminem;Dina Rae,Hip-Hop,hip-hop,Energetic;Motivated,workout;party;driving,130.027,0.802,0.755,0.58,0.0215,0.0,0.0564,0.295,-3.138,350320,86
6ULjJomtdRstnT9BPMAf9d,Swad Kutde,The Landers,Hip-Hop,hip-hop,Happy,commute;cooking;driving,90.171,0.853,0.511,0.795,0.188,0.0,0.422,0.223,-6.451,120000,58
6j7VqKlzbPrqCC1H9llqLc,Move Your Body - DJ David Dee's Director's Cut Radio Edit,Marshall Jefferson;Curtis McClain;Director's Cut;DJ David Dee,EDM,chicago-house,Happy;Energetic;Motivated,workout;party,125.009,0.737,0.871,0.832,0.0125,0.0181,0.0409,0.322,-8.151,239214,8
02SUmnmo7k7QzHckv0iPCV,"Tosca, SC 69 / Act 3: ""E lucevan le stelle""","Giacomo Puccini;Luciano Pavarotti;Orchestra of the Royal Opera House, Covent Garden;Sir Edward Downes",Classical,opera,Sad;Calm,studying;sleep,65.813,0.125,0.0926,0.0396,0.981,0.152,0.0394,0.0967,-17.138,174000,23
3DMVcsRpSRRQ6uXLofjDmS,"Il Trovatore / Act 2: ""Vedi! le fosche notturne spoglie"" (Anvil Chorus)","Giuseppe Verdi;Chorus of the Royal Opera House, Covent Garden;Orchestra of the Royal Opera House, Covent Garden;Sir Colin Davis",Classical,opera,Calm;Nostalgic,studying;sleep,146.983,0.424,0.145,0.511,0.938,0.0028,0.0499,0.809,-21.005,153333,20
4lADaIG68wwDcYeSDRy86i,Tudo por Você,Cristina Mel,R&B,gospel,Dark;Chill,commute;driving,131.941,0.48,0.585,0.389,0.366,0.0,0.0324,0.176,-4.925,275253,38
2zlpPaYrmjkJavxPBIFmJq,I'll Be Home for Christmas,Connie Francis,R&B,r-n-b,Sad;Calm,studying;sleep,84.017,0.248,0.218,0.202,0.8,9.49e-05,0.0325,0.176,-9.347,206440,0
6qFJBjIf3d0XsmpEFmZez9,The Earth Prelude,Ludovico Einaudi,Chill,ambient,Sad;Calm,studying;sleep,80.491,0.221,0.0319,0.043,0.989,0.943,0.0417,0.0674,-20.259,301573,52
6EssH5OqUBgu7YT4RKCo7d,Saudade Doída,George Henrique & Rodrigo,Latin,sertanejo,Happy,commute;cooking;driving,109.871,0.654,0.667,0.602,0.366,0.0,0.0378,0.299,-4.636,195108,47
3b6jCDqWdQPPeNh7xxnaxl,Poi Solla,Yuvan Shankar Raja;Sadhana Sargam,Pop,k-pop,Happy,commute;party;cooking;driving,125.004,0.72,0.696,0.635,0.00907,0.000145,0.0341,0.186,-8.18,302986,49
1ZE6RSOimAB4hvzHOBkdHv,Least Ian Lie,Moneybagg Yo,Hip-Hop,hip-hop,Happy,commute;cooking;driving,135.917,0.896,0.517,0.816,0.112,0.0,0.389,0.117,-7.834,106379,0
5e8yGIFZEt73yKPMLiKHKo,Marlboro,Prince of Falls;Foreign Heat,R&B,soul,Sad;Calm,commute,133.985,0.777,0.311,0.221,0.0505,6.2e-05,0.102,0.0847,-12.205,220682,57
4nushtVyhmJXKMiHWA0NLH,INSECTS,LIL DUSTY G,Rock,emo,Calm;Romantic;Chill,commute,170.031,0.582,0.397,0.531,0.379,0.0,0.0453,0.0759,-10.582,158346,57
6GBYT0dqkba3xaXS5BkPKE,The Greatest Gift,Andrea Bocelli;Matteo Bocelli;Virginia Bocelli,Classical,opera,Sad;Calm;Chill,studying;commute,71.818,0.399,0.366,0.259,0.739,4.72e-06,0.0277,0.115,-8.247,241840,0
4Am7HvT1CHDBH5bIdat8Ll,Hasta Abajo,Don Omar,Hip-Hop,hip-hop,Happy;Energetic;Motivated,party,89.966,0.759,0.885,0.673,0.351,3.68e-05,0.0636,0.468,-4.516,233720,1
35kEnfVW2j1OERw8W3Fxtl,This Old Feeling,The Go-Go's,Pop,j-pop,Happy;Energetic;Motivated,workout,140.251,0.43,0.883,0.69,0.00346,0.00502,0.0616,0.137,-8.881,186400,0
1eKf1hCEVQbRDsOIrY0U3M,Haitian Scarface,Kodak Black,Hip-Hop,hip-hop,Sad;Chill,commute,107.253,0.569,0.459,0.0649,0.0648,0.0,0.355,0.168,-6.354,145245,8
5KETurI5XERQLOjWIlvhzF,Careless Gal,Mavado,EDM,j-dance,Happy;Energetic;Motivated,party,101.685,0.779,0.858,0.876,0.0175,0.0,0.315,0.0409,-5.163,172872,24
3nPys89cqHodJdD4AokccL,"12 Variations on ‘La belle Françoise’ in E flat, K.353: 7. Variation VI",Wolfgang Amadeus Mozart;Danielle Laval,Classical,classical,Calm;Nostalgic,studying;sleep,162.227,0.359,0.0423,0.553,0.994,0.905,0.0427,0.11,-23.299,53600,19
5TGCLU2l5cXw8VYPjkxJr5,Iemanjá Rainha do Mar / Beira-Mar,Maria Bethânia,Latin,mpb,Calm,commute;cooking,93.02,0.817,0.422,0.758,0.345,0.0,0.118,0.13,-11.819,218746,40
2F0XzNxOXO6uzMyIYlC0EG,amour – piano,Jean-Michel Blais,Chill,ambient,Sad;Calm,studying;sleep,129.317,0.332,0.101,0.185,0.985,0.947,0.0406,0.107,-23.391,305880,50
3WLubatGVRtuQo0AI7qIQD,慢冷,Ricky Hsiao,Pop,mandopop,Sad;Calm;Chill,studying,86.384,0.289,0.328,0.258,0.883,0.0,0.0342,0.121,-7.991,305028,0
4zA4VYiM01ClfpT5a47CAh,Pamplemousse,Flavien Berger,Pop,synth-pop,Sad;Calm;Nostalgic,studying;sleep,125.94,0.722,0.168,0.34,0.892,0.66,0.0398,0.116,-16.505,275213,44
4eGAu3y6FULGfM8nlgQWop,Love,Regain,EDM,hardstyle,Energetic;Dark,workout,154.922,0.643,0.927,0.387,0.0221,0.102,0.269,0.225,-1.843,195291,20
3bR98Buoiaj4BjccBzUpMM,Fueron Tres Años (with Jorge Falcón),Héctor Varela;Jorge Falcón,Latin,tango,Romantic;Chill,studying;commute;cooking,126.744,0.633,0.407,0.744,0.795,3.98e-06,0.0423,0.302,-10.004,207533,18
6DuaTV6KEGZCPxHyYWV1cp,Voglio restare cosi,Andrea Bocelli,Classical,opera,Sad;Calm,studying;sleep,77.015,0.319,0.257,0.063,0.786,0.713,0.0328,0.109,-13.782,232630,26
7KvE65H6MbRziDT1ASLgzf,Nochero Soy - Instrumental,Osvaldo Pugliese,Latin,tango,Calm;Nostalgic,studying;sleep,118.616,0.586,0.297,0.558,0.807,0.27,0.0557,0.181,-11.311,212373,18
4pspYVQGFHLPEFgQPD1J7e,WANNABE,ITZY,Pop,k-pop,Energetic;Motivated,workout;party,122.035,0.809,0.911,0.64,0.00795,0.000179,0.0617,0.181,-4.41,191242,74
627GAlNjgw3o4EsOaAsIYm,白色風車,Jay Chou,Pop,mandopop,Dark,commute;driving,141.991,0.536,0.613,0.252,0.297,0.0,0.0247,0.147,-5.791,270586,50
0nugjX0LONqLoPUXQUgeum,20GB - Live,my little airport,Pop,cantopop,Sad;Calm;Chill;Nostalgic,studying;commute,132.704,0.531,0.36,0.306,0.732,2.03e-05,0.0512,0.696,-13.015,180293,30
2c8gg7h8uHxx08A441IDYi,Let the Waves Wash Over Me (Prelude),Project AER;v i v,Chill,ambient,Sad;Calm,studying;sleep,115.967,0.629,0.135,0.0378,0.819,0.923,0.0338,0.0784,-22.358,164999,6
2y6jrNLONfSqjacoyXfcCe,ANOTHER STARTING LINE,Hi-STANDARD,Rock,j-rock,Happy;Energetic;Motivated,workout,150.041,0.524,0.969,0.804,0.000502,8.66e-05,0.0403,0.0707,-3.364,246706,34
36w3SAzuKQzSY7kBIzuj1s,Light Up,Helen Jane Long,Chill,new-age,Sad;Calm,studying;sleep,54.362,0.24,0.271,0.197,0.96,0.876,0.0369,0.0882,-14.398,149546,19
0WSa1sucoNRcEeULlZVQXj,Can You Feel My Heart,Bring Me The Horizon,Rock,metal,Energetic;Dark,workout,170.527,0.15,0.859,0.354,0.00201,0.194,0.0595,0.387,-2.827,228146,81
1YQWosTIljIvxAgHWTp7KP,Take Five,The Dave Brubeck Quartet,Jazz,jazz,Calm;Nostalgic,studying;sleep,174.322,0.454,0.26,0.598,0.539,0.00078,0.0401,0.0675,-13.193,324133,66
3KaX86jyLGPWbF3pK64bng,Sur,Anibal Troilo y su orquesta;Edmundo Rivero,Latin,tango,Romantic;Chill;Nostalgic,studying;commute;cooking,52.446,0.347,0.402,0.421,0.966,0.0102,0.131,0.287,-7.059,209106,15
1MGvSryQcSR7zsNG4lQOjN,Lil Bunty,KR$NA,Hip-Hop,hip-hop,Energetic;Motivated,workout;party;driving,110.05,0.869,0.826,0.503,0.211,0.0,0.333,0.0696,-4.186,192000,59
1dfsPqH09vnzUWEOsN98Ex,28 Reasons,SEULGI,Pop,k-pop,Dark,commute;party;cooking;driving,121.995,0.766,0.651,0.488,0.211,2.51e-06,0.0952,0.144,-3.546,189413,78
1sbkhLUWk5obKUneFjFGTr,Somewhere,Il Divo,Classical,opera,Sad;Chill,studying;commute,79.782,0.199,0.415,0.0817,0.611,0.00253,0.0375,0.121,-8.844,210600,19
5XGwsxbKiFrhdp5pZnDCcl,"Les fêtes d'Hébé, RCT 41, Prologue Scene 4: Air pour les thessaliens et thessaliennes",Jean-Philippe Rameau;Orfeo Orchestra;Gyorgy Vashegyi,Classical,opera,Calm;Nostalgic,studying;sleep,98.829,0.342,0.0338,0.428,0.85,1.39e-06,0.042,0.158,-26.714,76053,24
0qlCTm0U6Jcgx29HEYIXrg,Группа крови,Kino,Rock,punk-rock,Happy;Motivated,workout;commute;driving,123.731,0.68,0.744,0.675,0.0597,0.00279,0.035,0.192,-7.122,235107,56
74XLN3KJsbSn9dERGMnNSa,Breaking Away,Sumo,Rock,punk-rock,Calm,commute;cooking,105.446,0.785,0.491,0.884,0.0322,0.00179,0.0342,0.0955,-12.711,321666,38
7tY42hE5hltPOTgtvASyOM,Luna Mezzo Mare - 2001 Remastered,Dean Martin,Jazz,jazz,Calm,studying;sleep,120.794,0.717,0.283,0.935,0.798,0.0,0.0778,0.293,-8.335,128226,0
454UCF9pZF68npiKK9lAks,"6 German Dances, K. 509: No. 3 in E-Flat Major",Wolfgang Amadeus Mozart;London Symphony Orchestra;Peter Maag,Classical,classical,Romantic;Chill;Nostalgic,studying;commute;cooking,108.813,0.293,0.497,0.434,0.97,0.846,0.04,0.134,-12.976,75120,12
1J8RuOjLTsM0leTQTqFwmO,匂艶 THE NIGHT CLUB,サザンオールスターズ,Pop,j-pop,Happy;Energetic;Motivated,workout,131.095,0.487,0.868,0.796,0.0873,0.0,0.13,0.166,-5.726,249768,40
0bhhXULPNfCsVhZp35HrC3,Dura,Daddy Yankee,Hip-Hop,hip-hop,Happy;Energetic;Motivated,party;driving,95.002,0.783,0.84,0.838,0.174,0.0,0.051,0.412,-3.416,200480,0
4Ptg6MQDWURiKpXzgnsroE,gray!,44phantom,Rock,emo,Happy,commute;party;cooking;driving,118.091,0.785,0.69,0.644,0.0334,0.0,0.0561,0.151,-6.363,143320,51
1UdiJ6Y2eisfQQ76MZOX4B,Hoyt's Office,Hildur Guðnadóttir,Chill,ambient,Sad;Calm,studying;sleep,58.373,0.145,0.126,0.0278,0.853,0.98,0.0356,0.113,-18.667,84760,40
0mUO5CsbbROn7HR2cZ4XZ3,Nosso Flow / Santo Forte - Ao Vivo,Dilsinho;Sorriso Maroto,Latin,pagode,Happy;Energetic;Motivated,workout;driving,126.072,0.478,0.772,0.668,0.265,0.0,0.0609,0.667,-6.337,269333,47
5adfNrqPNb4rgI3pXXegdC,Lose It All - Jerome Remix,Brennan Heart;Jake Reese;Jerome,EDM,hardstyle,Energetic;Dark,workout,141.998,0.633,0.981,0.136,0.00128,0.000359,0.416,0.376,-4.277,206830,20
5uEYRdEIh9Bo4fpjDd4Na9,Goosebumps - Remix,Travis Scott;HVME,Hip-Hop,hip-hop,Happy,commute;cooking;driving,124.917,0.841,0.593,0.808,0.418,0.0,0.0379,0.124,-7.846,162802,81
516eka25M7jZ0YK5EcepTe,"Turandot / Act 2: ""Un giuramento atroce mi costringe""",Giacomo Puccini;Sir Peter Pears;Luciano Pavarotti;John Alldis Choir;London Philharmonic Orchestra;Zubin Mehta,Classical,opera,Sad;Calm,studying;sleep,103.02,0.307,0.0887,0.0371,0.949,1.42e-06,0.0538,0.176,-22.738,242666,21
7Ic1T0wjhvnIyIjR829UId,O.G.,Ecko,Latin,latino,Happy,commute;cooking,80.011,0.836,0.596,0.57,0.0589,0.00034,0.282,0.104,-7.974,192933,0
2d9KBVxb6bUfVCjjv1JAVe,The Big Ship - 2004 Digital Remaster,Brian Eno,Chill,ambient,Sad;Calm,studying;sleep,117.994,0.377,0.261,0.0457,0.132,0.875,0.0411,0.116,-15.708,181933,52
4g34PaexNa5sTssgHuAFM8,Desenvolto,Mc Kadu;Dj Nene,R&B,funk,Romantic;Nostalgic,commute;cooking,119.741,0.72,0.46,0.439,0.738,0.0,0.159,0.088,-5.27,128000,43
5sPQZv8GaaGrRFLa5dDzRK,Haul (feat. Mohna),Christian Löffler;Mohna,Chill,ambient,Sad;Calm,studying;sleep,117.981,0.634,0.207,0.174,0.434,0.881,0.0354,0.105,-22.772,315369,53
0Nlbz6Etm3bWe4OCYJ44hi,"12 Variations on a Minuet by J.C. Fischer in C, K.179: 13. Variation XII",Wolfgang Amadeus Mozart;Danielle Laval,Classical,classical,Calm,studying;sleep,129.633,0.268,0.216,0.845,0.986,0.813,0.0374,0.124,-20.533,79876,8
7i5pytF8KaId51lIzatwdg,Kiri Ga Naikara,Fujii Kaze,Pop,j-pop,Happy;Energetic;Motivated,driving,98.983,0.699,0.78,0.723,0.0246,0.0,0.0505,0.368,-7.121,217613,53
3tyVaUyQJeukAdBgHs9dXB,"La Cenerentola / Act 1: ""No, no, no non v'è""",Gioachino Rossini;Fernanda Costa;Gloria Banditelli;Orchestra del Teatro Comunale di Bologna;Riccardo Chailly,Classical,opera,Sad;Calm,studying;sleep,134.113,0.494,0.143,0.23,0.979,0.00034,0.057,0.563,-18.039,98906,21
2xxwbRnR2M3t3CmVIfgJxG,Ballade pour Adeline,André Rieu;Johann Strauss Orchestra;Stéphanie Detry,Classical,opera,Sad;Calm;Chill,studying;commute,129.617,0.22,0.392,0.0755,0.599,0.405,0.0341,0.144,-11.163,175266,53
2FLzp0ZpJ5QVWeS1lhKmSE,"Delibes: Lakmé, Act I: ""Dôme épais, le jasmin"" (Lakmé, Mallika)",Léo Delibes;Natalie Dessay;Delphine Haidan;Michel Plasson;Orchestre Du Capitole De Toulouse,Classical,opera,Sad;Calm,studying;sleep,131.721,0.358,0.153,0.0474,0.976,0.000112,0.06,0.103,-17.618,287760,23
2SFn6LS2ioZQzu9KQ4bIwx,The Way the News Goes...,Periphery,Rock,metalcore,Energetic;Dark,workout,102.443,0.467,0.935,0.29,0.0012,1.33e-06,0.0855,0.137,-5.096,303693,35
3CRtbOoAP82y0VbPO5j1ft,Too Sad To Cry,Sasha Alex Sloan,EDM,electro,Sad;Calm,studying;sleep,120.483,0.515,0.27,0.234,0.842,0.0,0.0357,0.114,-9.935,208986,63
0W64NfLrIsRTAFObko6uJx,Leaked,Lil Tjay,R&B,r-n-b,Dark,commute;driving,97.018,0.51,0.619,0.321,0.801,0.0,0.281,0.0811,-7.918,220240,71
1H27Qrf4EHkDvNQ61OuzZn,Grrrls,Lizzo,Hip-Hop,hip-hop,Calm,commute;cooking,137.941,0.889,0.449,0.911,0.0313,0.0,0.293,0.0581,-7.63,121112,0
5XSTWj1xK9KNk0pG4sSpuE,Todo Amor Que Eu Te Dei,Carta de Baralho,Latin,forro,Energetic;Motivated,workout;driving,186.096,0.5,0.823,0.534,0.657,0.0,0.0998,0.506,-4.794,209639,49
1zdknRH3pVPXCFHd138Lu1,Nuestra Playa,Nana Mouskouri,Classical,opera,Romantic;Chill;Nostalgic,commute;cooking,103.976,0.623,0.459,0.411,0.64,2.01e-05,0.0289,0.142,-12.116,262693,19
1N6QNFfCWrwOWlSKa7bM1B,Kurai Onrum Illai,M. S. Subbulakshmi;Radha Viswanathan;Sangeetha Kalanidhi,Classical,classical,Romantic;Chill;Nostalgic,commute;cooking;driving,172.14,0.296,0.566,0.602,0.733,0.0,0.0576,0.74,-6.349,240573,36
0owIthsU5nNNPLK6MjdVOe,Someone Loves Us,Dario Marianelli,Chill,ambient,Sad;Calm,studying;sleep,83.902,0.176,0.00998,0.0385,0.973,0.854,0.0456,0.0842,-27.101,116760,55
7mFEpQCdAGSgTwAPe33gIl,Vines of Light,Peter Davison,Chill,new-age,Sad;Calm,studying;sleep,71.821,0.119,0.0149,0.0982,0.99,0.943,0.0442,0.122,-32.19,481620,22
2LLGg6ai9VJ5VustLsfVZE,Christmas Night In Harlem - Single Version,Louis Armstrong;Benny Carter,Jazz,jazz,Calm;Romantic;Chill;Nostalgic,studying;commute,149.431,0.543,0.36,0.595,0.727,0.0,0.179,0.228,-9.177,158373,0
0er4PwlbRlQKhDYk9b5ZkD,Hypokondriak,Plastikman;Richie Hawtin,EDM,detroit-techno,Sad;Calm,studying;sleep,129.706,0.792,0.254,0.248,0.64,0.957,0.274,0.098,-16.247,634600,13
2q0V50aNlI1RQXJyE5HDgD,"Odhani (From ""Made in China"")",Sachin-Jigar;Darshan Raval;Neha Kakkar,Hip-Hop,hip-hop,Dark,workout;commute;party;driving,130.0,0.711,0.731,0.474,0.233,0.0,0.0569,0.178,-6.651,195397,60
7LuwWSHa1OLcLlyfXEAPqL,O Dia Chegou,MC Ryan SP;MC Hariel,R&B,funk,Happy,commute;cooking;driving,130.039,0.829,0.587,0.797,0.383,0.0,0.114,0.691,-6.267,166153,43
7cgu4JBW3hq1GwTM1ilkKQ,Talking Body,Tove Lo,EDM,electro,Energetic;Dark,workout;driving,119.999,0.736,0.761,0.114,0.0966,0.0,0.0338,0.0823,-5.449,238426,67
4xigPf2sigSPmuFH3qCelB,"Genius (feat. Sia, Diplo, and Labrinth)",Sia;Diplo;Labrinth;LSD,EDM,dance,Happy,commute;cooking;driving,158.657,0.603,0.615,0.561,0.0799,6.72e-05,0.165,0.117,-4.931,213706,76
4YIhJmihoXwjtbY4vsV9Nh,"Kudi Nu Nachne De (From ""Angrezi Medium"")",Vishal Dadlani;Sachin-Jigar,Hip-Hop,hip-hop,Happy,commute;party;cooking;driving,117.949,0.834,0.688,0.876,0.175,0.0,0.0653,0.174,-7.494,172381,63
1DHWS82S8VPk2kf5u605UA,The Fallen Leaves,Dan Gibson's Solitudes,Chill,new-age,Sad;Calm,studying;sleep,172.963,0.117,0.17,0.05,0.74,0.000555,0.042,0.0587,-16.808,342600,21
0NEFqgpwSAy6sVAnGMTXYU,Dem Style Yah,Jahshii,EDM,j-dance,Happy;Romantic,commute;cooking;driving,100.026,0.927,0.55,0.73,0.357,0.0,0.149,0.0702,-10.647,156473,18
5jlWc3WmSTZ73RNmCqCQP3,Animas Que No Amanezca,Alberto Vazquez;Manolo Muñoz,R&B,r-n-b,Chill,commute;cooking,180.611,0.37,0.467,0.811,0.3,0.0,0.0334,0.0888,-6.983,146834,44
5wc2XG8uX3XiYJU5k5ZFLP,Mätä hohtava omena,Stam1na,Rock,heavy-metal,Energetic;Dark,workout,123.971,0.481,0.994,0.343,1.55e-05,0.00702,0.117,0.0579,-3.823,250360,19
6Dfn3f8F8jjm0AvUEEYPEg,"Echo of Songs, B. 152: No. 4, O naši lásce nekvete to vytouzené stestí",Antonín Dvořák;Arioso Quartett Wien,Classical,classical,Sad;Calm,studying;sleep,74.24,0.0969,0.18,0.0978,0.79,0.579,0.0484,0.215,-18.797,266333,0
3VjzW0y3RNiLfmsrywryZy,"Fago: Tam non splendet sol creatus: III. ""Dum infans iam dormit""",Francesco Nicola Fago;Jakub Józef Orliński;Maxim Emelyanychev;Il Pomo D'oro,Classical,opera,Sad;Calm,studying;sleep,78.842,0.178,0.0821,0.216,0.969,0.000455,0.052,0.218,-21.398,339253,19
4KU0aSzKcROJhrwTdt3L2C,Timebomb,Old 97's,Pop,power-pop,Energetic;Dark,workout,143.115,0.292,0.95,0.33,0.00314,0.00422,0.0803,0.297,-4.651,188746,21
1jE3RA6bHRiLt5cYeuXbD6,Verdi: Messa da Requiem: I. Introit - Kyrie,"Giuseppe Verdi;Riccardo Muti;Cheryl Studer;Coro Del Teatro Alla Scala Di Milano;Dolora Zajic;Luciano Pavarotti;Samuel Ramey;Orchestra Del Teatro Alla Scala, Milano",Classical,opera,Sad;Calm,studying;sleep,75.117,0.0671,0.0893,0.0448,0.955,0.134,0.041,0.158,-22.983,580240,24
5sGqeWGmS7aejBO2ztKZiN,Coração Traíra,Pisadinha do Vaqueiro,Latin,forro,Happy;Energetic;Motivated,workout,165.824,0.595,0.887,0.966,0.47,0.199,0.0409,0.0756,-2.817,169691,38
4IGygcHzBCUH4yOBR9YZ0h,Lo Legal (Version Mariachi),El Bebeto,R&B,r-n-b,Calm;Romantic;Chill;Nostalgic,commute,62.911,0.329,0.378,0.4,0.441,0.0,0.0318,0.189,-7.246,200866,41
7iaQV6plfQRead7XdleWM4,Aftermath,Caravan Palace,Jazz,jazz,Dark,commute;cooking;driving,140.015,0.614,0.663,0.403,0.23,0.00328,0.0406,0.297,-7.105,185869,56
3MOKBkpsarb0AfAABcLAsn,FUCK ABOUT IT (feat. blackbear),Waterparks;blackbear,Rock,punk-rock,Energetic,workout,158.114,0.489,0.868,0.457,0.0226,0.0,0.0556,0.387,-3.767,172375,64
74NANS3BFQRnpz3S0JVg5o,It's Not My Time - Acoustic,3 Doors Down,Rock,alt-rock,Dark;Chill,commute;driving,128.003,0.674,0.58,0.305,0.311,2.41e-05,0.0312,0.198,-8.081,238373,0
4ytI4n1wSNn5M8ER6JVXa5,Passion,All That Remains,Rock,metalcore,Energetic;Motivated,workout,97.033,0.459,0.953,0.564,3.06e-05,0.0129,0.047,0.352,-4.259,222266,26
4vzk2UltiJhQavDEOASIK9,I'll Be There For You,Bon Jovi,Rock,metal,Energetic;Dark,workout;driving,146.737,0.348,0.797,0.279,0.0698,0.0,0.038,0.0876,-3.929,346386,3
7yGylWTbj8YIslRvmJJOoI,Island Smile,Dan Gibson's Solitudes,Chill,new-age,Sad;Calm,studying;sleep,68.777,0.0651,0.0398,0.0772,0.811,0.84,0.0434,0.933,-34.71,368708,21
1IyD2Apaj1qmcIxzSjeTHl,Sleeping On My Left,GASHI,R&B,soul,Energetic;Dark,workout;driving,151.837,0.631,0.806,0.318,0.176,0.0,0.0468,0.453,-4.356,156844,56
0sJ4NbFdEhgLOtInlbRmFl,Higher,The Score,Rock,alt-rock,Dark,commute,83.918,0.449,0.745,0.465,0.00342,0.0,0.0327,0.295,-5.045,214613,60
2QoomzWyJSBuIQs1JFCLlV,Mizuno Camaleão,MC Tinho da Sul;Dj Chaves,R&B,funk,Calm,commute,83.362,0.864,0.369,0.506,0.0986,0.0,0.145,0.123,-4.54,107520,44
2p1dXzEim52EddltZKlyXa,Gaze Upon the Beauty,Stanton Lanier,Chill,new-age,Sad;Calm,studying;sleep,75.476,0.123,0.0516,0.0664,0.994,0.914,0.0401,0.16,-21.343,288020,23
4VAGzIfRbcC55lqfvUxmgs,Love Will Follow,George Howard,Jazz,jazz,Happy,studying;commute;cooking;driving,99.135,0.683,0.6,0.791,0.58,0.452,0.0324,0.0815,-10.334,380866,45
7u26KINEAKojv88UOaIMpS,TAKE IT TIME - Live at 日本武道館'98 - Remastered 2022,Eikichi Yazawa,Rock,rockabilly,Energetic,workout,161.686,0.497,0.962,0.499,0.00692,2.02e-05,0.0746,0.36,-6.881,269280,22
58JbyiEMEfi9SfOAmnvyeV,Unidos Pelo Amor,Marina De Oliveira;Novo Som;Alex Gonzaga;PG;Jozyanne;Brother Simion;Marquinhos Gomes;Fernanda Brum;Banda & Voz;Ellas;Cassiane;Rayssa e Ravel;Raquel Mello;Eyshila;Kleber Lucas,R&B,gospel,Dark,workout;commute;driving,147.762,0.34,0.74,0.492,0.0248,0.0,0.0442,0.962,-6.24,182508,43
4SSsaRKWipZqG5kUOmgTyZ,A mio padre,Andrea Bocelli,Classical,opera,Sad;Calm;Chill,studying,194.006,0.468,0.318,0.241,0.89,0.474,0.0362,0.185,-14.52,237013,21
1OI6papN3ZR1qm1rDFxOyu,No Soy Monedita de Oro,El Mimoso Luis Antonio López,R&B,r-n-b,Happy;Chill,commute;cooking;driving,141.537,0.497,0.584,0.8,0.229,0.0,0.0492,0.415,-4.633,372650,41
5hKPv68Xf6xXRZeHiVpW3V,Calling,Dead by April,Rock,metalcore,Energetic;Motivated,workout,74.967,0.472,0.943,0.552,0.000232,0.0,0.0403,0.266,-4.431,216946,39
69aOeHaVpr4dxUWBW6F4Rb,Body and Soul,Anita Baker,Jazz,jazz,Sad;Chill,studying;commute,109.112,0.532,0.432,0.219,0.55,0.0,0.0387,0.0754,-10.481,342000,42
5xeoLspgsX1SuJmhqz0HHy,最後の春休み,Yumi Matsutoya,Pop,j-pop,Sad;Chill,studying;commute,79.677,0.518,0.412,0.295,0.6,0.00123,0.0285,0.0993,-8.893,282243,35
1eZ08rSgl9zeAdqUB8yg95,Más Que Nada,Al Hirt,Chill,new-age,Romantic;Chill,studying;commute;cooking,149.424,0.437,0.425,0.662,0.609,0.565,0.0428,0.495,-12.571,169466,24
6sLfxJeJB7wuekjHsZMJY4,Yesterday Girl,The Smithereens,Pop,power-pop,Happy;Energetic;Motivated,workout,124.869,0.654,0.884,0.966,0.0606,2.49e-06,0.0299,0.318,-8.366,207266,29
0GGUayyESI4F0FhnQPSV81,Finally,Yves V;HUGEL,EDM,progressive-house,Energetic;Motivated,workout;driving,123.976,0.678,0.797,0.54,0.0171,4.67e-05,0.0491,0.156,-6.125,181935,60
4cq62MGrYV4f0LHARaqar3,Show Some Emotion - 2005 Remaster,Hoodoo Gurus,Pop,power-pop,Energetic;Motivated,workout,126.328,0.574,0.92,0.649,0.00757,0.000332,0.0314,0.162,-4.498,178213,21
7cgWWkpUaS94xoWI8lMGiI,Jamais Vu,BTS,Pop,k-pop,Sad;Chill,commute,81.0,0.608,0.47,0.241,0.226,0.0,0.0428,0.0963,-6.73,227275,67
3d9kjF35ZevhO9nzvXRLyD,Oh Oh Não,Chicão do Piseiro,Latin,forro,Happy;Energetic;Motivated,workout,169.968,0.7,0.929,0.848,0.18,0.0,0.0559,0.0482,-3.671,163920,41
5pOY1Vg2TIIbVBfR6yAg0C,Gaali Vaaluga,Anirudh Ravichander,Hip-Hop,hip-hop,Energetic;Motivated,workout;driving,110.044,0.677,0.81,0.614,0.643,3e-06,0.0378,0.168,-6.192,258333,61
2qGtaOgMvlpyEO41UoYIGY,Tu ca nun chiagne,Mario del Monaco,Classical,opera,Sad;Calm,studying;sleep,173.291,0.207,0.23,0.18,0.974,0.0308,0.0363,0.241,-14.436,217213,21
64MgjDp6ijaLvS3T83JHX9,That's Amore - Remastered,Dean Martin,Jazz,jazz,Calm;Nostalgic,studying;sleep,157.895,0.352,0.157,0.571,0.771,0.0,0.0337,0.108,-12.571,188106,58
5iJLBzFllkPm10EbLFrn6T,"Les Indes galantes, RCT 44: Ouverture",Jean-Philippe Rameau;Les Arts Florissants;William Christie,Classical,opera,Calm,studying;sleep,103.446,0.358,0.17,0.713,0.963,0.94,0.0423,0.338,-21.867,260265,20
5IUtvfNvOyVYZUa6AJFrnP,Spicy (feat. Post Malone),Ty Dolla $ign;Post Malone,R&B,soul,Sad;Dark,commute;driving,99.993,0.782,0.51,0.118,0.143,0.0,0.0419,0.115,-5.724,143375,74
0ZsSFv9dqF4O6MReTo1JBH,R.I.P.,Playboi Carti,Hip-Hop,hip-hop,Motivated,workout;commute;party;driving,140.003,0.725,0.725,0.515,0.0119,0.0,0.159,0.086,-6.067,192026,4
4QVDdKdW05TPMIxKYCV2kM,Minha Vida É o Rocknroll,Velhas Virgens,Rock,punk-rock,Energetic;Motivated,workout,138.01,0.32,0.962,0.567,0.0156,0.0,0.132,0.558,-2.534,228426,35
4q3FCy1LpkERlvZ6wTscLe,Telegrama - Ao Vivo,Art Popular,Latin,pagode,Happy;Motivated,workout;commute;driving,167.29,0.418,0.75,0.887,0.422,0.0,0.0411,0.725,-8.916,194000,45
6Ul9rhrqbz77gwDoWMtqhE,只因當時太緊張 - Live,my little airport,Pop,cantopop,Energetic,workout;driving,143.327,0.351,0.777,0.401,0.082,0.0,0.0487,0.759,-7.694,144142,31
5PY9fTLp4MPXsbeRouS8gd,More Love,Noizu;Secondcity,EDM,deep-house,Energetic;Dark,workout,123.984,0.572,0.951,0.276,0.00373,0.0529,0.0504,0.318,-4.566,191612,63
3APNvKcu4sRuNmb8sd624I,Dinamo,Droplex,EDM,techno,Dark,workout;studying;commute;driving,128.0,0.799,0.741,0.266,0.00433,0.907,0.109,0.0862,-14.693,375066,0
4Vrcjv4sJDfxvhaj1uWqr0,Munbe Vaa,Joshua Aaron,Pop,pop,Sad;Chill,studying;commute,120.085,0.51,0.407,0.22,0.628,1.73e-06,0.0334,0.12,-9.671,149460,66
5LijavVwy8OdMC3NmnRm6y,5 Minutes - 1996 Remaster,The Stranglers,Pop,synth-pop,Energetic;Motivated,workout,147.207,0.405,0.937,0.523,4.43e-05,0.0751,0.0722,0.14,-7.694,196866,26
61MZOemZvVef3rmIVmAHHR,Eta Povo Pra Lutar - Ao Vivo,Zeca Pagodinho,Latin,samba,Happy;Energetic;Motivated,workout;driving,114.323,0.636,0.77,0.864,0.72,0.0,0.125,0.978,-8.002,163013,38
0JBnAsReYppHqCZJbqy5H8,SYL,Sidhu Moose Wala,Hip-Hop,hip-hop,Motivated,commute;driving,99.783,0.628,0.703,0.594,0.0263,0.0,0.0812,0.26,-4.27,249662,69
4M7cwc9BrGlSQzSxwx6x0P,"Rudolph, The Red-Nosed Reindeer",Mary J. Blige,R&B,soul,Romantic;Chill;Nostalgic,commute;cooking;driving,140.941,0.468,0.565,0.581,0.522,0.0,0.101,0.0517,-5.615,147413,0
3mlnJWidDh0ASIJYNXDWxH,No Myth,Michael Penn,Pop,power-pop,Happy,commute;cooking;driving,103.486,0.626,0.696,0.854,0.0461,1.69e-05,0.0303,0.293,-11.073,249160,31
6e8GJL1mH8vE11mcYlypYK,"不曾回來過 - 電視劇""通靈少女""插曲",李千那,Pop,mandopop,Sad;Chill;Nostalgic,studying;commute,170.034,0.533,0.419,0.315,0.526,1.11e-05,0.0372,0.104,-9.18,270654,0
033TgVvN3GEVnS7nHYK8SS,年輕的茶餐廳老闆娘,my little airport,Pop,cantopop,Romantic;Chill;Nostalgic,studying;commute;cooking,155.994,0.476,0.418,0.581,0.666,0.00023,0.0362,0.137,-11.178,181446,36
1aIDmi7GhfDSVGzsPH3cV4,當我們一起走過,Sodagreen,Pop,mandopop,Chill;Nostalgic,studying;commute,76.953,0.487,0.414,0.352,0.509,0.0,0.0279,0.117,-8.779,284853,50
5iqKHHOEEtu3EM3duDL1Zv,Have Yourself A Merry Little Christmas,Renée Fleming;Gregory Porter,Classical,opera,Sad;Calm;Chill,studying;commute,73.139,0.329,0.35,0.294,0.852,8.65e-05,0.0304,0.0975,-11.586,215753,22
6za4Yd70PSnqDKFFgILoyR,Natpukulle,Yuvan Shankar Raja,Pop,k-pop,Calm,commute,114.955,0.787,0.388,0.762,0.0467,2.33e-05,0.0327,0.113,-9.631,155480,48
47fIyWY81h5QmLA1aUj7rv,No Chill (feat. Mr T Lexify),Josh A;Mr T Lexify,Rock,emo,Dark,studying;commute;driving,149.997,0.56,0.695,0.15,0.048,0.946,0.0342,0.088,-7.039,252682,48
7GQLnfJyAKJ4CHlmMQQ54B,Waterfall,Jim Brickman,Chill,new-age,Sad;Calm;Nostalgic,studying;sleep,143.184,0.467,0.2,0.302,0.982,0.893,0.0364,0.119,-16.078,217320,19
2LMkwUfqC6S6s6qDVlEuzV,White Ferrari,Frank Ocean,R&B,soul,Sad;Calm,studying;sleep,108.741,0.501,0.0958,0.204,0.77,0.0,0.0433,0.298,-15.605,248807,79
0r5vYoEqDM7GGwAVvRVSDp,Frente a Frente - Ao Vivo,Matogrosso & Mathias,Latin,sertanejo,Energetic;Dark,workout;driving,152.112,0.503,0.754,0.313,0.389,0.0,0.0436,0.67,-5.858,255500,52
6di81DEyALXXHzbcMuUsFd,Sweden (All Quiet on the Eastern Front),The Stranglers,Pop,synth-pop,Happy;Energetic;Motivated,workout;driving,163.4,0.364,0.822,0.667,0.00135,0.0206,0.0702,0.219,-9.075,168373,25
6BMzeMqNHmMtU5ucEWvbW9,Drão,Milton Nascimento,Latin,mpb,Sad;Calm,studying;sleep,74.359,0.316,0.151,0.102,0.958,0.000383,0.0344,0.152,-13.062,251250,40
2HyJhQXLIyysNuz89x3Nr4,"12 Variations in C Major on ""Ah, vous dirai-je Maman"", K. 265: 9. Variation VIII",Wolfgang Amadeus Mozart;Danielle Laval,Classical,classical,Calm,studying;sleep,105.188,0.435,0.094,0.818,0.995,0.915,0.0451,0.181,-25.717,58360,15
3YVj9LLq5GMvBvoKubnUp0,LUV U NEED U,Slushii,EDM,electronic,Happy;Energetic;Motivated,workout;party;driving,146.95,0.774,0.81,0.975,0.186,0.00949,0.0734,0.0261,-2.984,146709,54
2saWRznFopO8grenhrZ0b8,"Verdi: Aida, Act 1: Nume custode e vindice (Ramfis, Radamès, Sacerdoti, Sacerdotesse, Sacerdotessa)",Giuseppe Verdi;Riccardo Muti;New Philharmonia Orchestra,Classical,opera,Sad;Calm,studying;sleep,71.37,0.244,0.205,0.075,0.984,0.329,0.0367,0.0788,-15.596,257800,23
57uahVRqWxyyFodS5UeuMi,再說一次. 我愛你,Andy Lau,Pop,cantopop,Sad;Calm,studying;sleep,127.984,0.51,0.294,0.245,0.828,0.0,0.0336,0.0468,-8.914,276240,19
2gj0XAQIWOX72GRspbMTPc,Más (More),Enrique Guzman,Rock,rock-n-roll,Romantic;Chill;Nostalgic,studying;commute;cooking,90.833,0.343,0.447,0.536,0.742,0.0,0.0327,0.308,-10.238,133200,33
3XyFQxpSlGowWpZkIn3ISA,One Two Three Four (Get On The Dance Floor),Vishal Dadlani;Hamsika Iyer,Hip-Hop,hip-hop,Happy;Energetic;Motivated,workout;party,170.091,0.721,0.867,0.87,0.0885,0.000119,0.225,0.0372,-5.429,228323,60
2or5pBpnPtcjthlNt06w1P,"Pare de Sufrir, Pare de Mamar",De Nalgas,Rock,punk-rock,Happy;Energetic;Motivated,workout,105.029,0.674,0.973,0.802,0.0124,0.0,0.0618,0.36,-2.758,179257,37
0tFOoBLlLamb7B7P7AibBn,Tô Beijando Ela,Zé Vaqueiro,Latin,forro,Happy;Energetic;Motivated,workout;driving,152.038,0.681,0.762,0.862,0.571,0.000117,0.0506,0.0583,-4.682,226493,46
62Da3JOu9H9EIgmqV7DoLG,Lux Aeterna,Clint Mansell;Kronos Quartet,Chill,ambient,Sad;Calm,studying;sleep,133.805,0.38,0.246,0.0573,0.872,0.905,0.0329,0.084,-13.955,234400,53
0s7LZdfEIdXJPNLfNsKQXF,Away In A Manger,Dave Brubeck,Jazz,jazz,Sad;Calm,studying;sleep,109.255,0.55,0.00947,0.17,0.995,0.937,0.0687,0.0709,-34.657,303400,0
3kfv7UwooO8rulCxDfZyxf,Restless,Abel Korzeniowski,Chill,ambient,Sad;Calm;Chill,studying,133.627,0.157,0.334,0.0395,0.912,0.74,0.0468,0.12,-17.121,81040,50
7uaG1yOumui9NQi4yimEIS,Valjean's Soliloquy - Live,Alfie Boe,Classical,opera,Sad;Calm;Chill,studying,77.053,0.385,0.334,0.15,0.807,0.0,0.253,0.656,-12.597,197546,27
6y4tqwwrrIHBtb6UAfaafT,Dark Secret,Matthew Sweet,Pop,power-pop,Happy;Motivated,workout;commute;driving,119.42,0.5,0.735,0.9,0.124,0.013,0.0293,0.0568,-6.215,243333,21
1yLsZ8fuQJqk2cm1VDWTGb,You're Gonna Miss Me,Connie Francis,Rock,rockabilly,Calm;Nostalgic,studying;sleep,190.806,0.327,0.262,0.421,0.85,0.0,0.0446,0.193,-9.49,164413,53
1B5A5FBOienWNuyuclHP8L,Flame and Circle,Tim Story,Chill,new-age,Sad;Calm,studying;sleep,73.635,0.0678,0.0831,0.0394,0.985,0.89,0.0436,0.0772,-18.219,366960,20
2lcu8WfAs8qw8crZf4ybRi,"Too Shayar Hai Main Teri Shayari (From ""Saajan"")",Alka Yagnik,Pop,k-pop,Happy;Motivated,workout;commute;driving,117.955,0.489,0.739,0.692,0.602,4.25e-06,0.036,0.0427,-9.743,389906,51
697M5JB8FDIyRXEXgl1pBZ,From the Inside,Linkin Park,Rock,alternative,Energetic,workout,95.028,0.466,0.965,0.453,0.042,0.0,0.0904,0.101,-2.597,173933,67
3mVpbUvLXvzPH2zL0p7Q2U,Burberry,Sidhu Moose Wala,Hip-Hop,hip-hop,Motivated,workout;commute;driving,151.026,0.681,0.738,0.624,0.225,0.0,0.287,0.532,-4.726,203443,63
15JINEqzVMv3SvJTAXAKED,Love The Way You Lie,Eminem;Rihanna,Hip-Hop,hip-hop,Energetic;Motivated,party,86.989,0.749,0.925,0.641,0.241,0.0,0.227,0.52,-5.034,263373,83
2f0RHvSl1vVGsnT9oxOHsS,"Holberg Suite, Op. 40: I. Präludium (Allegro vivace)",Edvard Grieg;Gothenburg Symphony Orchestra;Neeme Järvi,Classical,classical,Sad;Calm,studying;sleep,135.338,0.233,0.0637,0.268,0.918,0.947,0.0373,0.118,-22.57,180000,40
0KoIrrbZr8rMXhFQK8T5Eg,Music Of The Mind,Envine,EDM,hardstyle,Energetic;Dark,workout;studying,149.745,0.366,0.871,0.19,0.0933,0.579,0.0823,0.0693,-6.243,183945,56
1NWSogwQ0jDP1KXtMJqhYi,Quem Ama Não Pisa - Live At HSBC Arena/Rio de Janeiro(RJ)-Brazil/2012,Grupo Revelação,Latin,pagode,Energetic;Motivated,driving,96.409,0.554,0.799,0.569,0.744,0.0,0.0983,0.855,-7.586,200160,41
2CRpaPQlfSUbaDft3Rz3KM,The Enlightenment of Buddha,Gomer Edwin Evans,Chill,new-age,Calm;Nostalgic,studying;sleep,119.915,0.339,0.22,0.363,0.987,0.914,0.0413,0.0806,-12.798,456893,20
7rN61YZcSXeorfTlW1Tz2x,Homem Invisível,Gerson Rufino,R&B,gospel,Happy,commute;cooking;driving,199.607,0.458,0.7,0.629,0.349,5.46e-06,0.042,0.149,-6.297,237466,38
7cNeIzj70pfEjW5ZS0gOqY,Opinião,Zé Keti,Latin,samba,Happy;Romantic,commute;cooking,77.995,0.738,0.514,0.722,0.773,0.0,0.163,0.293,-7.414,153530,39
5bz8N2YpZhNBToG4ofY8SZ,All of the Time,Project Grand Slam,Jazz,jazz,Romantic,commute;cooking;driving,130.019,0.64,0.613,0.608,0.814,0.0448,0.0324,0.26,-9.823,214240,38
0jOSpB2zK2O0SNxj8ZT5lp,How Great Is Our God,Chris Tomlin,Rock,alt-rock,Dark;Chill,commute;driving,156.054,0.318,0.573,0.0765,0.107,0.0,0.0324,0.0854,-5.653,305426,64
7LfCxBT8PCrWc62KweFhX5,What?,Rob Zombie,Rock,hard-rock,Happy;Energetic;Motivated,workout,139.995,0.551,0.976,0.826,0.00257,0.000191,0.0647,0.328,-2.796,167813,35
3lKI2qR6rgR13kQ6bidXK5,Macha Kanni,Vijay Antony;Jayarajagopalam;Sathya Lakshmi,Pop,k-pop,Happy;Energetic;Motivated,workout;party;driving,148.023,0.778,0.816,0.83,0.364,8.53e-06,0.207,0.14,-4.813,290053,57
3A7r0LzUXp0pxWR4AfhLV5,Hoy Veré Su Gloria,Kevin Ceballo,Latin,salsa,Energetic;Motivated,driving,92.598,0.363,0.833,0.557,0.395,0.0,0.0528,0.0697,-2.509,274130,35
1ynDSPVd2slR5FNJUFSFEv,Dime Que Sí,Salsa Kids,Latin,salsa,Happy;Energetic;Motivated,driving,92.553,0.684,0.764,0.96,0.183,1.21e-05,0.0323,0.0568,-9.12,294556,28
6TzrZUKi2XFvGIBzqMGR7e,Guaya Guaya,Don Omar,Hip-Hop,hip-hop,Happy;Energetic;Motivated,party,92.025,0.787,0.872,0.696,0.0067,0.000193,0.143,0.136,-2.117,194013,0
3OZr3vo7SmYpn5XqeQEAOM,Manali Trance,Yo Yo Honey Singh;Neha Kakkar,Hip-Hop,hip-hop,Happy;Energetic;Motivated,workout;driving,156.051,0.614,0.842,0.915,0.00814,1.33e-05,0.0745,0.212,-4.109,203206,61
0CfthwI2zWPVci5b2ZwA5F,Os Anjos - Ao Vivo,Legião Urbana,Latin,mpb,Energetic;Dark,workout,177.177,0.35,0.966,0.217,0.173,5.65e-05,0.31,0.483,-5.934,149733,41
3XXlEXSJAA8dX7cWHakn7s,L-O-V-E - Remastered 2004,Nat King Cole,Jazz,jazz,Calm,studying;sleep,76.925,0.521,0.278,0.692,0.742,2.48e-06,0.0774,0.0736,-10.922,154813,0
3mvP667bhJfOlex53b2oFT,Delarna,Tommy Flanagan,Jazz,jazz,Sad;Calm;Nostalgic,studying;sleep,101.194,0.452,0.242,0.347,0.698,0.46,0.0344,0.0942,-16.941,283040,40
1L969l5J5Rjz5NIpxYxDhg,"Verdi: Aida, Act 2: ""Gloria all'Egitto, ad Iside"" (Il Re, Shiave, Prigionieri, Popolo, Ramfis, Sacerdoti, Aida, Radamès, Amneris, Amonasro)",Giuseppe Verdi;Riccardo Muti;New Philharmonia Orchestra,Classical,opera,Chill;Nostalgic,studying;commute,85.376,0.187,0.45,0.354,0.97,0.865,0.0378,0.257,-11.906,179626,22
1mh5s6XJ3RLJBRPErACsHW,This Love,DAVICHI,Pop,k-pop,Sad;Chill,studying;commute,138.66,0.406,0.446,0.214,0.739,0.0,0.0335,0.194,-4.306,225171,64
2gGziDLQLuvEsgOsSWsKiC,Wheres the Beef?,Stanton Warriors,EDM,breakbeat,Energetic;Dark,workout;studying,130.015,0.727,0.971,0.177,0.000979,0.834,0.119,0.0974,-3.643,267932,14
5u80D7SPor1dqm8hQ6P6UE,Fim Sem Ponto Final,Priscila Senna,Latin,forro,Romantic;Nostalgic,commute;cooking;driving,115.012,0.771,0.551,0.519,0.569,6.93e-06,0.0309,0.195,-6.809,179739,44
5DqdesEfbRyOlSS3Tf6c29,It's You,Ali Gatie,Hip-Hop,hip-hop,Sad,commute,95.971,0.732,0.463,0.397,0.374,0.0,0.0287,0.194,-6.972,212606,80
6eMqBvOOadG9u1417hPGHu,Getaway,Dan Gibson's Solitudes,Chill,new-age,Sad;Calm,studying;sleep,139.821,0.361,0.0898,0.0823,0.977,0.864,0.0362,0.816,-20.937,321533,20
4vgWIKG0kmxliL4swyMhZc,"Concerto grosso in G Minor, Op. 6, No. 8, ""Fatto per la Notte di Natale"": III. Adagio - Allegro - Adagio",Arcangelo Corelli;The English Concert;Trevor Pinnock,Classical,classical,Sad;Calm,studying;sleep,113.15,0.192,0.091,0.129,0.925,0.73,0.0443,0.119,-21.512,198333,1
6mX8oooQJPFr6r3BB6Wy9j,Infinity's Silence,ShockOne,EDM,drum-and-bass,Energetic;Dark,workout;studying,175.013,0.437,0.979,0.103,0.00098,0.909,0.0459,0.722,-2.113,362057,18
4jNQkWhuzqrbqQuqanFFJ6,Where Is My Mind,Maxence Cyrin,Chill,ambient,Sad;Calm,studying;sleep,141.839,0.333,0.114,0.0566,0.906,0.96,0.0453,0.119,-21.255,165160,64
0c9wSzwT33NaUlJNy1z0jh,La Nueva Y La Ex,Daddy Yankee,Hip-Hop,hip-hop,Energetic;Motivated,workout,198.051,0.639,0.943,0.639,0.0462,0.0,0.136,0.141,-3.542,197053,0
7rKS9FoVpE1mLrbxCnlokX,Hurricane,Ran-D,EDM,hardstyle,Energetic;Dark,workout,155.032,0.575,0.979,0.366,0.0321,0.0,0.396,0.34,-1.561,295646,56
6fyDrjv9BKI39ZqvjHOflO,Anclao En París,Carlos Gardel,Latin,tango,Romantic;Chill,studying;commute;cooking,122.363,0.697,0.439,0.747,0.936,0.00393,0.307,0.307,-10.475,131893,24
3InXaDH9pCnoGG8dkwtXUT,Get Lucky - Nick The Lot Remix,Deekline;Specimen A;Nick The Lot,EDM,breakbeat,Energetic,workout,87.488,0.738,0.88,0.449,0.00106,0.00083,0.229,0.187,0.194,246942,10
0zhxUjkXag9iEFccaiua4a,RUMBATÓN,Daddy Yankee,Hip-Hop,hip-hop,Happy;Energetic;Motivated,workout,95.004,0.685,0.909,0.922,0.0471,0.0,0.0396,0.35,-4.034,248768,3
7DfIDN6rPq46vu648YhlT6,Hold Me Up,Velvet Crush,Pop,power-pop,Happy,commute;cooking;driving,127.394,0.366,0.635,0.704,0.000984,0.00313,0.0328,0.196,-7.414,178973,22
0BMdyyT8BANFSt3PYlPLWq,MEGA FUNK - ESSE É LADRÃO,DJ Bratti SC,R&B,funk,Happy,commute;cooking;driving,124.973,0.831,0.528,0.583,0.103,6.93e-05,0.375,0.0949,-8.911,293149,45
14KRCsp4ZjQbw60d0DKxoV,Encanto,Don Omar;Sharlene Taule,Hip-Hop,hip-hop,Happy;Energetic;Motivated,workout;party,172.03,0.744,0.871,0.902,0.145,0.000498,0.0499,0.0752,-5.123,195400,1
0zxgHGktc814fwz84UpFLJ,I Love You More than You’ll Ever Know,Donny Hathaway,R&B,funk,Sad;Calm,studying;sleep,138.983,0.358,0.243,0.22,0.755,0.000157,0.0369,0.113,-14.29,320280,0
7HRvfjNicVkQnohrpOvjjL,Chithiyaan,Karan Aujla,Hip-Hop,hip-hop,Happy;Romantic,commute;cooking,84.019,0.623,0.638,0.659,0.322,0.0,0.0592,0.321,-6.315,198119,57
4QxHonLRXXSyNVooQCkkAp,Comemoração,Mc Kadu,R&B,funk,Happy,commute;party;cooking;driving,114.957,0.799,0.602,0.833,0.235,0.0,0.439,0.127,-6.967,161875,42
0lioLc6KWs2zcbSG7rA7iR,Les voyages immobiles - 2016 Remastered,Étienne Daho,Pop,synth-pop,Dark,commute;driving,90.179,0.428,0.644,0.134,0.244,0.0199,0.0263,0.246,-5.088,187418,26
6Oj89UHfmYp9yR4t0t1q8F,Our Broken Mind Embassy,Jan Blomqvist,EDM,deep-house,Dark,studying;commute;cooking;driving,122.015,0.607,0.674,0.458,0.000565,0.535,0.0397,0.91,-11.907,266646,49
1re1CuvpyhIm5ryPzUQyXc,No Te Vayas,Don Omar;Alexis y Fido,Hip-Hop,hip-hop,Motivated,workout;commute;driving,187.997,0.635,0.731,0.611,0.163,7.61e-06,0.06,0.0874,-5.703,238346,0
2b12d76giIokrLUGrLPj9w,Golondrinas,Carlos Gardel,Latin,tango,Calm;Nostalgic,studying;sleep,85.816,0.499,0.267,0.466,0.992,0.00452,0.0791,0.349,-9.541,167786,24
4zuIE0CW0eQQKQ3IQyIlRK,"Trois Romances sans paroles, Op. 17: 3. Andante moderato",Gabriel Fauré;Kun-Woo Paik,Classical,classical,Sad;Calm,studying;sleep,65.873,0.317,0.0056,0.127,0.991,0.933,0.0393,0.131,-34.478,163462,0
1O3WfEwaSpsgZ6tw8jNT8I,Maana Ke Hum Yaar Nahin,Sachin-Jigar;Parineeti Chopra;Kausar Munir,Hip-Hop,hip-hop,Sad;Calm;Chill;Nostalgic,studying;commute,90.953,0.537,0.367,0.348,0.815,0.0,0.0241,0.132,-9.362,264614,62
4aUnmZzTqfrETKCmE6zvaw,Ela Já Tá Louca,Anderson Neiff;John Johnis,R&B,funk,Happy;Energetic;Motivated,workout;party;driving,159.974,0.747,0.848,0.88,0.142,0.0247,0.0747,0.202,-1.804,147574,58
0gtBAv3MGzlEWGLKPZNiF7,Descansa,Stella Laura;Jay Santana,R&B,gospel,Sad;Chill,studying;commute,119.731,0.523,0.422,0.271,0.745,0.0,0.0368,0.161,-6.945,269354,42
4zN21mbAuaD0WqtmaTZZeP,Ferrari,James Hype;Miggy Dela Rosa,EDM,dance,Happy,commute;party;cooking;driving,125.004,0.847,0.69,0.692,0.0127,6e-05,0.0493,0.0526,-7.877,186661,90
20Nm2cPyMiIStyDuZEh4DP,WALK IN THE PARK,Jack Harlow,Hip-Hop,hip-hop,Happy,commute;cooking;driving,132.058,0.956,0.519,0.529,0.0712,0.0,0.167,0.106,-7.832,152991,0
2ZIiJxovHGnu6Ceni14bu3,The Way You Make Me Feel,Nenei;Jazzystics,Jazz,jazz,Sad;Calm;Chill;Nostalgic,commute,87.99,0.551,0.309,0.307,0.473,0.0,0.0268,0.103,-11.309,220500,0
51j44z3Qr2HnSnBhrEwpvm,Sería Facil Decir,Amelita Baltar;Pedro Aznar,Latin,tango,Romantic;Chill;Nostalgic,commute;cooking,122.61,0.574,0.481,0.446,0.479,0.0,0.0846,0.319,-10.298,154951,28
3bHI0o9TLQ2jJzjr0ES7dX,"Ishare Tere (From ""Ishare Tere"")",Guru Randhawa;Dhvani Bhanushali,Hip-Hop,hip-hop,Energetic;Dark,workout,99.013,0.707,0.941,0.337,0.0173,3.65e-05,0.041,0.134,-2.606,189151,59
4crcsWIqJfKIRuLVwsBbts,National Anthem - Austria,Wolfgang Amadeus Mozart;Florian Reider,Classical,classical,Calm,studying;sleep,81.842,0.634,0.124,0.769,0.989,0.944,0.113,0.121,-19.991,32996,0
2tIv3DITNBTTayAM6Rewqi,And We Knew It Was Our Time,Lane 8;Massane,EDM,progressive-house,Dark;Chill,studying;commute;driving,124.011,0.606,0.553,0.0354,0.178,0.892,0.0395,0.087,-9.637,563303,47
16P5qvZRcWtnUwbwKeQaIg,Lá vou eu,Zélia Duncan,Latin,mpb,Sad;Chill,studying;commute,129.615,0.667,0.424,0.183,0.762,2.15e-05,0.0385,0.11,-10.12,256680,0
2SIgGbcduNKHTFEFcvmUaS,Sound of Invisible Waters,Deuter,Chill,new-age,Sad;Calm,studying;sleep,56.653,0.111,0.0211,0.0362,0.956,0.974,0.0384,0.0617,-26.997,572853,50
5sVU49Q07asYFhok358Ias,Adeus Nunca Mais,Edson Lima e Gatinha Manhosa,Latin,forro,Happy,commute;cooking;driving,100.031,0.626,0.675,0.539,0.506,0.0,0.0379,0.217,-7.629,246413,38
3z4dQsH8T0iGXLn8Epv8Fi,Midnight Groove,Glenn Underground,EDM,chicago-house,Energetic;Dark,workout;studying;driving,126.562,0.769,0.83,0.385,0.000642,0.903,0.0414,0.0573,-8.872,323133,11
1nAoLuGshX8UZyqKWXUCYG,A Metaphor For The Dead,Anaal Nathrakh,Rock,black-metal,Energetic;Dark,workout;studying;driving,139.866,0.306,0.81,0.0895,1.24e-05,0.624,0.0566,0.0998,-2.575,259826,19
7gG0Utr8guYo556tF4QRcz,"Piano Sonata No. 7 in C Major, K. 309: III. Rondeau (Allegretto grazioso)",Wolfgang Amadeus Mozart;Ingrid Haebler,Classical,classical,Calm;Nostalgic,studying;sleep,141.332,0.426,0.168,0.517,0.993,0.905,0.0426,0.13,-19.918,432000,3
0OF2DIIrDMpFhPuNMIYdMd,"Senhor, Preciso de Ti (Lord, I Need You)",Paulo Cesar Baruk,R&B,gospel,Sad;Calm;Chill,studying,80.821,0.209,0.341,0.0908,0.808,0.000117,0.0357,0.145,-10.403,264320,38
4xDcGgOzoQq5Jrfa2gkY03,Let Me Leave,Currents,Rock,death-metal,Energetic;Dark,workout,120.114,0.494,0.92,0.224,7.12e-05,0.0418,0.05,0.0997,-6.432,201011,52
7GaxTUFxiIDXzPnjCGOtqt,Iluminado,Vander Lee,Latin,mpb,Dark,commute,79.755,0.466,0.613,0.384,0.43,7.06e-05,0.0284,0.246,-8.69,237280,45
5edvkkeTm7ruKIyq9NPDEP,Pity,Royal Headache,Pop,power-pop,Energetic;Dark,studying;driving,98.681,0.262,0.825,0.394,1.27e-06,0.848,0.0438,0.0722,-5.739,144908,22
4IsO1J5LSrVwkQOIEdZ417,Sin Novia,Nicky Jam,Latin,latino,Energetic;Motivated,party;driving,106.97,0.747,0.752,0.512,0.116,0.0,0.0417,0.128,-5.324,188411,75
2zjDsffctRXJyVLfaxnvWJ,Body Language - Interpretation,Booka Shade,EDM,minimal-techno,Happy;Energetic;Motivated,workout;studying;party;driving,128.006,0.8,0.803,0.668,0.25,0.895,0.0787,0.152,-9.156,300266,51
45lo1RUQgdwYUlIVPad0YJ,Desde El Alma,Los Reyes Del Tango,Latin,tango,Romantic;Chill,studying;commute;cooking,108.915,0.584,0.445,0.695,0.737,0.0448,0.0346,0.809,-8.882,121786,16
3Nyuzv1SJniIYkIhkZjzfs,Semi Truck,Teenage Bottlerocket,Pop,power-pop,Energetic;Dark,workout,99.982,0.44,0.971,0.321,0.000271,2.52e-05,0.065,0.642,-2.857,113092,23
5kRBxcHNbWOUFvv15I0dMP,Gdansk,Lambert,Chill,ambient,Sad;Calm,studying;sleep,132.664,0.444,0.0508,0.271,0.993,0.894,0.0395,0.0983,-28.789,147314,51
0WNCYgCd33LnBnw22WFuq8,Bhula Dena,Mustafa Zahid,Hip-Hop,hip-hop,Sad;Dark;Chill,commute;driving,131.731,0.515,0.508,0.235,0.633,0.0,0.0297,0.203,-6.66,240723,63
4DTexlBKAowGb5zhsot7cG,Muistipalapelit,Stam1na,Rock,heavy-metal,Energetic;Dark,workout,149.505,0.399,0.96,0.346,0.000622,0.0265,0.0649,0.504,-6.417,335213,31
1Ic9pKxGSJGM0LKeqf6lGe,All Apologies,Nirvana,Rock,alt-rock,Dark,commute;driving,113.176,0.446,0.632,0.359,0.0793,0.000266,0.034,0.0881,-12.197,233173,72
3ktrTJJ4itPzvYHligZg5G,Senhor das Guerras,Tz da Coronel,R&B,funk,Romantic,commute;cooking;driving,130.029,0.8,0.63,0.441,0.385,0.0,0.481,0.119,-10.236,88026,43
0zqitdzaPgQbxKXhkrU0yo,On My Way Home,Moodymann,EDM,detroit-techno,Happy,studying;commute;cooking;driving,133.783,0.791,0.597,0.605,0.000109,0.874,0.0469,0.356,-14.006,216666,9
3a03BqKYbKWqn9cPqyQcD8,Lighter,Nathan Dawe;KSI,EDM,house,Energetic;Dark,workout;driving,124.953,0.703,0.837,0.356,0.0214,4.45e-05,0.0395,0.104,-3.606,182439,2
3LQ4n0ekj9PmIsC9r5IloB,Ressuscita-me,Bruna Karla;Aline Barros,R&B,gospel,Dark,commute;driving,139.037,0.374,0.667,0.279,0.222,0.0,0.0352,0.124,-3.978,306549,42
0GPeyv1Oj1LbqyFJHM3j4C,Mistletoe,Justin Bieber,Pop,pop,Happy,commute;cooking;driving,161.948,0.623,0.668,0.823,0.475,0.0,0.0531,0.0862,-7.282,183066,2
3lbQFJ2QRvQ4zlq2GEGsKG,Clarksdale Boogie,The Hillbilly Moon Explosion,Rock,rockabilly,Happy;Energetic;Motivated,workout,76.154,0.529,0.893,0.896,0.0361,0.00289,0.0412,0.158,-7.173,180440,22
2XP7Is6c69WaPgX2Kr65l7,Problemão - Ao Vivo,Hugo & Vitor;Clayton & Romário,Latin,sertanejo,Happy;Energetic;Motivated,workout,155.907,0.582,0.891,0.661,0.538,0.0,0.0947,0.378,-4.709,137957,62
1iKqYeWSuNtpiv1L9IGAbB,"Hathyar - From ""Sikander 2""",Sidhu Moose Wala;The Kidd,Hip-Hop,hip-hop,Energetic;Motivated,workout;driving,171.997,0.537,0.768,0.508,0.139,0.0,0.177,0.108,-4.412,276279,63
0fVHcGda7Mszbwbf98rdwK,Fall in Love with a Girl,Cavetown;beabadoobee,Pop,indie-pop,Dark;Chill,commute;driving,107.067,0.686,0.511,0.39,0.133,6.3e-05,0.0284,0.102,-7.782,191188,1
7ofAy5giZlztBAX4BX9jLB,Darah Hitam Kebencian,Burgerkill,Rock,death-metal,Energetic;Dark,workout,119.982,0.491,0.973,0.0351,0.000103,0.195,0.162,0.0696,-5.693,387493,29
3x6wVKXfCm85Pw7gYo0rqq,That's Amore,Dean Martin;Dick Stabile And His Orchestra,Jazz,jazz,Calm;Nostalgic,studying;sleep,124.047,0.407,0.17,0.577,0.76,0.0,0.0341,0.0737,-13.409,188266,54
0JI6y69g0wekEfZ8WYyNVk,If Am Was Fm,Aux 88,EDM,detroit-techno,Energetic;Dark,workout;studying,125.003,0.796,0.912,0.349,0.0037,0.654,0.0779,0.0865,-7.217,342240,5
3SdaU4TNaaTAvjTy9nuJOY,"Jesus Of Nazareth, Savior And King",Paul Cardall,Chill,new-age,Sad;Calm,studying;sleep,136.201,0.384,0.0256,0.103,0.981,0.918,0.0502,0.117,-20.957,141506,21
4cdmmUP9QLjzuCpsks86tL,Beat It Down,Freestylers,EDM,breakbeat,Happy;Energetic;Motivated,workout,130.999,0.648,0.922,0.711,0.00231,0.138,0.029,0.421,-5.842,293066,10
4rtyV2gthc3k6D0rjcQJOR,Obrigado Jesus,Alda Célia,R&B,gospel,Energetic,workout;driving,139.867,0.517,0.818,0.452,0.445,0.0,0.0407,0.961,-5.665,259041,38
7gFzBppKTiKAs38SWOjbO6,Kyun Dhunde,Vilen,Hip-Hop,hip-hop,Calm,studying,91.993,0.711,0.346,0.771,0.766,0.0,0.0291,0.212,-10.162,70434,66
1Hdz67JES35Z4h3Yd4PXvV,Bimbilikki Pilapi,Anirudh Ravichander;Ramya Behra;Sahithi Chaganti,Hip-Hop,hip-hop,Happy;Energetic;Motivated,workout,156.828,0.645,0.947,0.823,0.426,2.26e-06,0.238,0.463,-7.239,247000,71
3NpbGCDrcQTERaZb5dHhd3,"Nain Ta Heere (From ""Jugjugg Jeeyo"")",Guru Randhawa;Asees Kaur,Hip-Hop,hip-hop,Romantic;Chill,commute;cooking,87.967,0.69,0.575,0.509,0.345,0.0,0.124,0.309,-5.763,216328,71
47aMbtetHwI7tLR9Z7iec7,Summer Overture,Clint Mansell;Kronos Quartet,Chill,ambient,Sad;Calm,studying;sleep,66.953,0.43,0.232,0.0424,0.93,0.872,0.0399,0.122,-13.059,155266,44
08W2yaBJw7hsPuwe7NRobe,Babalon A.D. (So Glad for the Madness),Cradle Of Filth,Rock,black-metal,Energetic;Dark,workout,161.079,0.408,0.981,0.204,0.000169,0.00504,0.159,0.288,-5.364,337933,22
1FdbP9ZAcqQnOcda55boaL,Billian Billian,Guri,Hip-Hop,hip-hop,Happy;Energetic;Motivated,party,100.031,0.708,0.893,0.753,0.0188,5.47e-05,0.0549,0.471,-2.002,177600,59
1B2ctf6rfVDfXAlemRKgoE,When You Wish Upon a Star,Susan Boyle,Classical,opera,Sad;Calm,studying;sleep,140.887,0.174,0.298,0.0793,0.862,3.03e-06,0.0356,0.281,-10.894,215760,20
0t35f7eKjuLqXfidSEvDL2,TIPO HARIEL - SEI QUE E RARIDADE -,DJ BRUNO PRADO,R&B,funk,Happy;Energetic;Motivated,workout;party,130.005,0.951,0.987,0.674,0.611,3.3e-05,0.363,0.103,1.821,203076,44
0e8nrvls4Qqv5Rfa2UhqmO,THATS WHAT I WANT,Lil Nas X,Hip-Hop,hip-hop,Energetic;Motivated,party,87.981,0.737,0.846,0.546,0.00614,0.0,0.22,0.0486,-4.51,143901,87
6udC4b4jOSnHb9ItnXgKLR,Saibo,Sachin-Jigar;Shreya Ghoshal;Tochi Raina,Hip-Hop,hip-hop,Romantic;Chill;Nostalgic,studying;commute;cooking,90.058,0.619,0.429,0.545,0.738,1.35e-05,0.028,0.136,-7.867,195253,73
7IK26RNUdgoZWJdlarrcty,All Night (Live),AP Dhillon;Shinda Kahlon,Hip-Hop,hip-hop,Sad,commute,101.139,0.723,0.456,0.0383,0.137,2.95e-05,0.0359,0.081,-7.679,229510,71
3nF0ad4eWU0Ibi8rXFIREM,Squad Up,Netsky;Jimmy Jams,EDM,drum-and-bass,Energetic,workout,87.054,0.513,0.961,0.453,0.0152,2.13e-06,0.109,0.173,-3.241,224639,18
0YNtAadZvKBBEFARtfoCV8,Compass,The Neighbourhood,Rock,alt-rock,Happy;Energetic;Motivated,driving,109.998,0.7,0.82,0.667,0.238,0.318,0.0329,0.658,-5.499,167960,70
571md1FedFYFaYUMUktYaF,ЮМОРИСТ - Original Motion Picture Soundtrack,FACE,Rock,emo,Happy,commute;party;cooking;driving,153.969,0.842,0.7,0.846,0.058,7.54e-06,0.294,0.48,-7.567,143376,57
3RzXLkaYqGCTufBROKkPQj,Espana,Patrick O'Hearn,Chill,new-age,Sad;Calm,studying;sleep,100.0,0.365,0.0366,0.0378,0.886,0.979,0.0373,0.0885,-27.824,291266,22
6eHBAaxqtvB1dVPM4Z4lsq,La Llorona,El Cuervo de Poe,Classical,opera,Energetic,workout,172.417,0.476,0.879,0.407,0.00138,6.3e-06,0.193,0.351,-4.754,204746,31
22gqvbY26PtNBdBDVZ2uEx,Jego głos,Gruzja,Rock,black-metal,Energetic;Dark,workout,134.404,0.342,0.998,0.0419,1.45e-05,0.00235,0.134,0.355,-4.212,188966,18
0hv55el0Tai7A1KaKXELQG,Forever Young (We Are),Odium,EDM,hardstyle,Energetic;Dark,workout,100.006,0.524,0.971,0.106,0.000487,2.55e-06,0.0773,0.337,-1.038,138600,46
7Lqzr3NuZFzLCLIoFR5ihN,Fricote,Art Popular,Latin,samba,Dark,commute;party;cooking;driving,98.958,0.747,0.632,0.464,0.228,0.0,0.0556,0.238,-8.291,251400,36
6j5E4d2ZMTeJRRHJv0J4cQ,I Love Rossini,Andrea Bocelli,Classical,opera,Romantic;Chill;Nostalgic,commute;cooking,119.261,0.51,0.497,0.44,0.954,1.04e-06,0.0367,0.285,-6.353,235478,21
1nt1K4P3BWy3TJBGxU36eH,Este es el Rey,Tango Bardo,Latin,tango,Romantic;Chill,commute;cooking,146.301,0.528,0.493,0.669,0.708,0.121,0.0501,0.148,-7.262,159194,16
1rx1V5VbJVFTgFfqOwyt6w,Amo Amar Você,Malla 100 Alça,Latin,forro,Happy;Energetic;Motivated,workout;driving,163.928,0.64,0.82,0.73,0.396,0.0,0.0646,0.136,-5.232,179591,38
35U312XkyaOTEbaftUt1K6,Flying Carpet,Elea;Bahramji,Chill,ambient,Sad;Dark;Chill,studying;commute;driving,97.99,0.667,0.526,0.0354,0.18,0.883,0.04,0.0771,-18.544,461380,34
3kyBTakiMilZTciUYxD8t1,Il Mondo,Il Volo,Classical,opera,Sad;Dark;Chill,commute,75.567,0.275,0.501,0.219,0.809,0.0,0.0367,0.368,-7.744,258800,51
012NJSdURT6pzuzl1cSUG6,Naive (Live Acoustic),Sleeping At Last,Chill,ambient,Sad;Calm,studying;sleep,81.22,0.487,0.0702,0.247,0.942,0.0,0.0443,0.103,-15.854,227649,47
6HwJqelkpBmZrgheR9TMZz,Almas De Venta,Brujeria,Rock,death-metal,Energetic;Dark,workout,95.544,0.239,0.98,0.139,0.000363,0.00103,0.164,0.319,-8.176,131493,25
7b2dMRCVDx7OGekIVjCrs1,Weightless Part 2,Marconi Union,Chill,ambient,Sad;Chill,studying;commute,169.933,0.385,0.437,0.224,0.137,0.889,0.0422,0.132,-17.853,432506,54
4llDF3RuBQYj2nkjTCJY4w,Quiet,This Will Destroy You,Chill,ambient,Sad;Chill,studying;commute,115.011,0.482,0.463,0.0427,0.282,0.848,0.0573,0.36,-7.927,293173,44
2B1MmCSzH8MRj6kIImsgbq,Attila - Mentre gonfiarsi l'anima,Giuseppe Verdi;Vincenzo Ciliberti,Classical,classical,Sad;Calm,studying;sleep,103.736,0.232,0.246,0.183,0.976,0.902,0.0366,0.13,-12.142,155788,0
2tox7VNdg2Ic6WT65WT4Zb,Traição à Primeira Vista,Kiko Chicabana,Latin,forro,Happy;Energetic;Motivated,workout,165.724,0.596,0.908,0.753,0.163,0.0,0.0671,0.0956,-3.115,147887,42
6S1ypvwzW3lW1zOfPv9ag9,"Suite en Sol Majeur, RCT 6: VII. Les Sauvages",Jean-Philippe Rameau;Alexandre Tharaud,Classical,opera,Calm,studying;sleep,97.004,0.485,0.179,0.758,0.993,0.873,0.0399,0.121,-23.236,106253,24
20b1BeYERzfXEFIjwqaKPM,Zurdo,Roberto Goyeneche,Latin,tango,Calm;Nostalgic,studying;sleep,117.863,0.483,0.28,0.455,0.857,7.07e-06,0.0389,0.167,-8.324,204253,17
1eJtn8NErRIgbMt8T6yKcc,Someday My Prince Will Come,Emile Pandolfi,Chill,new-age,Sad;Calm,studying;sleep,75.069,0.491,0.0727,0.176,0.993,0.898,0.0463,0.116,-18.983,209360,47
5PwnEJlR6bhGEzygyEHsLb,Echoes,WE ARE FURY;Micah Martin,EDM,dubstep,Dark,commute;driving,100.02,0.649,0.658,0.0494,0.0175,3.94e-05,0.0299,0.135,-6.524,240000,42
2XcL0EUugd9IyDy3ajxbRd,Meu Lugar - Ao Vivo,Arlindo Cruz,Latin,samba,Energetic,workout,89.076,0.376,0.755,0.454,0.719,5.67e-05,0.061,0.933,-9.471,406920,39
2Xq9KWHuNg0ppuoJjtkHkz,Pregadores de Rosas,Marcos Antônio,R&B,gospel,Chill,commute;cooking,103.813,0.383,0.465,0.553,0.00171,0.0,0.029,0.278,-8.705,232586,38
7pqcbFqXzHvsig9mog9cr5,Carinhoso,Elis Regina,Jazz,jazz,Calm;Romantic;Chill;Nostalgic,studying,90.939,0.464,0.312,0.435,0.798,4.02e-05,0.033,0.0953,-11.254,237266,38
2wzXhxWPX0aODraKNXoJYY,後來,Rene Liu,Pop,mandopop,Chill;Nostalgic,commute;driving,149.784,0.677,0.5,0.375,0.69,0.0,0.0265,0.174,-8.285,341400,58
1HsWdmLSDdDel2Dl6ctSO2,零分,JUDE,Pop,cantopop,Dark;Chill;Nostalgic,commute;driving,128.865,0.557,0.536,0.391,0.731,0.0,0.0313,0.0858,-7.661,254337,43
7txFKODDkOV5xv7AtAvbiN,Sonho - Ao Vivo,Cleber & Cauan,Latin,forro,Energetic;Dark,workout,82.261,0.49,0.756,0.386,0.55,0.0,0.0305,0.975,-3.498,232924,50
5M9jOReAKGZ2AttVefFjTY,Don't Look Down (feat. Usher),Martin Garrix;Usher,EDM,progressive-house,Energetic;Dark,workout;driving,127.991,0.575,0.831,0.377,0.00406,0.000449,0.0356,0.111,-5.972,223139,64
72n9VfCePhb88GN8gEeQJr,You Blister My Paint,Screeching Weasel,Pop,power-pop,Happy;Energetic;Motivated,workout,153.948,0.494,0.925,0.83,0.0161,3.02e-05,0.0404,0.292,-5.564,200133,24
1WEniiBdhc7lT3qEBWCtvM,Es kommt zum Duell,Dualizm;Grmmr.126,Jazz,jazz,Happy;Chill,studying;commute;cooking;driving,171.925,0.689,0.532,0.691,0.21,0.919,0.0607,0.0615,-10.492,80563,57
49BfJjMs40ki2rIRX4IbN3,Horário de Verão - Ao Vivo,Turma do Pagode,Latin,pagode,Energetic,driving,93.026,0.523,0.827,0.443,0.553,0.0,0.0406,0.798,-7.975,171560,45
2lFFiNm0XtgJ6wkdncTB4k,Drive - 2017 Remaster,The Cars,Rock,hard-rock,Dark,commute,83.495,0.261,0.703,0.405,0.115,0.00078,0.0414,0.102,-7.871,234332,70
1xUZ6CgfpXspcQuEIOhf2v,Do It All for You,Alan Walker;Trevor Guthrie,EDM,electro,Dark,commute;cooking,82.007,0.684,0.657,0.415,0.126,1.26e-06,0.0433,0.109,-5.483,174560,56
2cUzIBGMvx2BZ2Q1fzjdl1,NUNU NANA,Jessi,Pop,k-pop,Happy,commute;party;cooking;driving,104.936,0.743,0.689,0.504,0.0198,0.0,0.0289,0.708,-2.846,195836,68
3U4isOIWM3VvDubwSI3y7a,All of Me,John Legend,R&B,soul,Sad;Calm;Nostalgic,studying;sleep,119.93,0.422,0.264,0.331,0.922,0.0,0.0322,0.132,-7.064,269560,85
0Ty3wEwyel2QXCfgP3FojC,Sólo Quédate En Silencio,Moderatto;Danna Paola,Rock,alt-rock,Dark,commute;driving,175.875,0.337,0.643,0.167,0.467,1.86e-06,0.041,0.0857,-7.122,234973,0
5N1gP4H83wggcZ1nRU15wT,All I Want For Christmas (Is My Two Front Teeth),Nat King Cole Trio,Jazz,jazz,Calm;Nostalgic,studying;sleep,130.072,0.771,0.158,0.504,0.895,0.0,0.0621,0.144,-10.374,151333,0
0uBeSDV32mrqWuL8jLct8J,emo girl,Machine Gun Kelly;WILLOW,Hip-Hop,hip-hop,Energetic;Dark,workout,165.006,0.41,0.881,0.357,0.000406,4.26e-05,0.087,0.922,-3.502,159096,0
6dk8atHUykqu6LlIYynvnt,Bądź gotowy do drogi,Halina Frackowiak,Pop,synth-pop,Chill,commute;cooking,86.021,0.615,0.464,0.812,0.557,2.71e-06,0.035,0.138,-8.305,233719,26
7fm1Nbus8X19wI4oz6FFcb,Scapegoat,Sidhu Moose Wala,Hip-Hop,hip-hop,Happy,commute;cooking,85.058,0.752,0.518,0.548,0.0422,0.0,0.207,0.196,-8.798,237176,58
6yTE5lm0wJq3CcU8GeT0T9,Anjo - Ao Vivo,Roupa Nova,Latin,mpb,Chill,commute;cooking;driving,107.895,0.533,0.574,0.488,0.176,2.77e-05,0.0264,0.913,-8.145,194706,50
7MjRtWS2teufvOiMM0BARZ,Nearly Forgot My Broken Heart,Chris Cornell,Rock,grunge,Happy;Energetic;Motivated,workout;driving,119.522,0.593,0.781,0.657,0.0944,2.23e-06,0.0285,0.173,-5.472,234426,59
6mLHDDBbPFX0SU2KbVEBsv,Trapos e Farrapos,Pablo,Latin,forro,Happy,commute;cooking;driving,131.802,0.681,0.658,0.627,0.473,0.0,0.0363,0.459,-5.646,209880,41
4geFAtUdYY2IG35eLVr5CY,Surtada,Mc Davi,R&B,funk,Romantic;Chill;Nostalgic,commute;cooking,129.038,0.564,0.49,0.411,0.407,2.62e-06,0.045,0.263,-6.011,183000,47
4TwMjlyVd6FFqnJyGho73M,The Birds,Telefon Tel Aviv,EDM,idm,Energetic;Dark,workout;studying,119.943,0.423,0.881,0.178,0.0647,0.591,0.0522,0.0939,-8.357,398492,35
16qYAto5RMC3suM7ErXAKm,Judas de Oficio - Remasterizado,Malon,Rock,heavy-metal,Energetic,workout,101.487,0.544,0.917,0.468,4.07e-05,7.36e-05,0.065,0.247,-4.439,253271,22
52XpQt2fDLozI4qlhYvWl0,Fate,AP Dhillon;Gurinder Gill;Money Musik;Shinda Kahlon,Hip-Hop,hip-hop,Energetic;Dark,studying;driving,90.006,0.632,0.761,0.0679,0.173,0.579,0.0865,0.113,-5.958,170666,62
6qCfyMpiQzPf2AiJlTu5Fu,Lights On,Ranji,EDM,trance,Dark,commute;driving,140.023,0.894,0.67,0.353,0.00622,0.372,0.0986,0.097,-6.183,469714,42
3LuOboY25F2aRGF2yzsNol,Ángel de las Tinieblas,V8,Rock,heavy-metal,Energetic,workout,88.939,0.304,0.944,0.488,0.000702,0.0,0.0695,0.0379,-4.605,153653,27
0HWuQaqhb0CdLYTQm86Bd6,Prelude,ERA,Chill,new-age,Sad;Calm,studying;sleep,79.311,0.194,0.21,0.039,0.823,0.793,0.0383,0.106,-17.654,204986,23
4uKzc4cK3OOzVPluOAoBj2,Phase 09 - Sombrero,Solar Fields,Chill,ambient,Sad;Calm;Chill,studying;commute,89.89,0.459,0.35,0.037,0.0407,0.81,0.0356,0.137,-15.912,345170,48
56ghsgSC9Y0MJ1yKnLFixe,Arriba,Psyko Punkz;Coone;KELTEK,EDM,hardstyle,Energetic;Dark,workout;driving,152.772,0.521,0.832,0.337,0.0262,0.000499,0.166,0.121,-5.321,191372,47
675Akyln4LBrmze7Z0ydIO,Unakkulle Mirugam,Yuvan Shankar Raja;Ranjith Govind,Pop,k-pop,Energetic;Dark,workout,149.945,0.617,0.914,0.228,0.000301,2.52e-05,0.0533,0.0635,-6.173,258440,47
6UpO3bAhGxrsHzk41HyOJK,I Still Got It,Snoop Dogg;DJ Drama,R&B,funk,Happy,commute;cooking;driving,177.977,0.809,0.525,0.528,0.0522,2.31e-05,0.255,0.054,-11.032,185150,7
4BHOr0zMeC7aoJn61EAj4O,Moon River,Jim Brickman,Chill,new-age,Sad;Calm,studying;sleep,111.993,0.432,0.14,0.129,0.964,0.927,0.0414,0.108,-16.321,245360,20
3be3cYFQXmPnR326xkKoDU,Dream Machine - DownTempo Mix,Mark Farina,EDM,chicago-house,Happy,commute;party;cooking;driving,115.976,0.905,0.676,0.776,0.219,0.0774,0.0518,0.116,-4.349,325386,48
4sAgnJgFJjhG8wNfqc1tlj,you & me,Gunna;Chlöe,Hip-Hop,hip-hop,Sad;Dark,commute;driving,132.86,0.744,0.535,0.106,0.279,0.0,0.0736,0.143,-9.499,144373,0
7v6eyoWOf1hIsroTPV0PM6,Te Quiero Aqui,Siempre Me Dejas,Rock,emo,Dark,commute;driving,116.72,0.542,0.678,0.271,0.00435,0.000783,0.0328,0.0878,-7.413,245134,33
2VL5StiQKN8tNYSSDbjvIc,Ana's Song (Open Fire),Silverchair,Rock,grunge,Dark,commute,80.286,0.395,0.648,0.246,0.0407,8.25e-05,0.027,0.0868,-7.372,222266,54
0TzpHT6hJ5pb3P6CqIduh3,Bt Ho Gayi,Paradox,Hip-Hop,hip-hop,Happy;Motivated,commute;party;driving,93.97,0.805,0.703,0.771,0.113,0.0,0.399,0.165,-6.363,160851,62
7AqhKnXf2du0yKaXfKr7NJ,南瓜車,Fiona Sit,Pop,cantopop,Romantic;Nostalgic,studying;commute;cooking,125.947,0.706,0.439,0.492,0.728,0.0,0.0352,0.15,-8.72,217720,32
7mbd55vVvtqHOfxL2L5zRM,Bésame (I Need You),R3HAB;TINI;Reik,EDM,dance,Dark,commute;driving,99.984,0.839,0.701,0.273,0.0165,0.00365,0.0944,0.0513,-6.029,136200,0
7dsU5xLqVQn4nrqg1TtHWF,也罷,阿吉仔,Pop,mandopop,Dark;Chill;Nostalgic,commute,81.955,0.492,0.507,0.355,0.498,2.43e-05,0.0252,0.33,-6.662,233405,22
6mFkJmJqdDVQ1REhVfGgd1,Wish You Were Here,Pink Floyd,Rock,psych-rock,Calm;Nostalgic,studying;sleep,122.861,0.481,0.262,0.375,0.735,0.0114,0.0414,0.832,-15.73,334743,77
1sbnEatovWaQfxQyeAgSCs,Quem Não Quer Sou Eu (Ao Vivo),Seu Jorge,Latin,mpb,Happy,commute;cooking;driving,97.664,0.554,0.693,0.506,0.354,0.00092,0.0562,0.834,-6.85,324253,40
2RBjAe3HSStEAovN7nRFWl,"Verdi: Aida, Act 4, Scene 2: ""O terra, addio, valle di pianti"" (Aida, Radamès, Amneris, Coro)","Giuseppe Verdi;Riccardo Muti;Chorus of the Royal Opera House, Covent Garden;Fiorenza Cossotto;Montserrat Caballé;Plácido Domingo;New Philharmonia Orchestra",Classical,opera,Sad;Calm,studying;sleep,80.002,0.179,0.071,0.0464,0.989,1.5e-05,0.0459,0.168,-22.185,285440,20
3Z7v81KhZWSRrunCF4NzPs,Housedream,Ceephax Acid Crew,EDM,idm,Happy;Energetic;Motivated,workout;studying;party,123.993,0.782,0.86,0.697,0.00141,0.89,0.0451,0.199,-8.674,386094,16
0O2u3bDpazJ5rr7pVsuzzI,senna's joy (Solo Piano Version),Carlos Cipa,Chill,ambient,Sad;Calm,studying;sleep,144.796,0.3,0.00305,0.0502,0.992,0.928,0.0627,0.0805,-30.576,376198,51
0qZ0m8Gq4Ug5kBxKe9BVvj,Voices Of Babylon,The Outfield,Pop,power-pop,Happy;Energetic;Motivated,workout,121.049,0.63,0.862,0.675,0.0584,0.339,0.0344,0.327,-5.889,211133,22
7GfdU12uRL2xtSQcRXmqNN,Laare,Maninder Buttar,Hip-Hop,hip-hop,Happy,commute;cooking,82.43,0.384,0.658,0.67,0.201,0.0,0.05,0.245,-5.125,270545,60
1qUHD9oPIMFHKpR12NY2KC,War of Change,Thousand Foot Krutch,Rock,alt-rock,Energetic;Motivated,workout,104.055,0.531,0.887,0.626,0.00261,0.000512,0.0329,0.0657,-4.417,231665,67
0i3Qtje3trYYSuqtEvMdFr,Cranes Unfold,Deuter,Chill,new-age,Sad;Calm,studying;sleep,82.93,0.374,0.0263,0.0664,0.977,0.77,0.0539,0.0908,-26.165,329253,22
311q3StU6e78qyti2HhaS2,Lullaby,Sleeping At Last,Chill,ambient,Sad;Calm,studying;sleep,118.967,0.495,0.0647,0.249,0.967,7.75e-05,0.0467,0.135,-13.052,118833,50
7t687wOi10mr9Ag5kupt7N,Ganesha Pancharathnam,M. S. Subbulakshmi;Radha Viswanathan,Classical,classical,Chill,studying;commute;cooking,108.72,0.559,0.448,0.758,0.944,0.0,0.046,0.245,-8.374,279694,36
1y9QnFv6OBVO9f8kp5gC3R,Journey Within,George Skaroulis,Chill,new-age,Sad;Calm,studying;sleep,201.467,0.33,0.0515,0.258,0.993,0.902,0.0748,0.156,-19.967,157546,21
32e9v7D8zoRyWkwQFFQ70Z,Queremos Saber - Ao Vivo,Cássia Eller,Latin,mpb,Calm;Nostalgic,studying;sleep,78.503,0.556,0.275,0.384,0.686,0.0,0.0619,0.696,-12.969,192666,40
5zXMDrM0aJyODYhKchplRq,Higher - Steve Silk Hurley Journey To Heaven,"Steve ""Silk"" Hurley;Vernessa Mitchell;Ricky Dillard;New G.",EDM,chicago-house,Happy;Energetic;Motivated,workout;party;driving,123.99,0.908,0.821,0.701,0.00279,0.19,0.0413,0.104,-4.273,828693,15
4IUGuoJ41g5fLIqsO1MJoU,"Ilamai Thirumbudhe - From ""Petta""",Anirudh Ravichander,Hip-Hop,hip-hop,Romantic;Chill;Nostalgic,studying;commute;cooking,167.863,0.395,0.425,0.457,0.719,0.0,0.0625,0.175,-7.616,217000,58
5wtGB6ojq1aPyOaBkhnElz,Tipo Uzui Tengen,MHRAP,R&B,r-n-b,Dark,workout;commute;driving,130.039,0.655,0.731,0.344,0.468,0.0,0.0538,0.114,-7.561,225346,42
2wXSx9UxsNIYidGi5r0SZ4,Ending Credits,Opeth,Rock,death-metal,Sad;Dark;Chill,studying;commute;driving,168.214,0.498,0.544,0.326,0.121,0.912,0.0271,0.344,-9.114,216280,44
7IKkjLNri57Eamr6qdRYBu,Maldito Corazón,Alfredo De Angelis;Juan Carlos Godoy,Latin,tango,Calm;Romantic;Chill;Nostalgic,studying;commute,104.778,0.565,0.39,0.615,0.891,0.0367,0.0497,0.32,-10.167,130853,17
3B0vDiUXETnZDEHssi6D0e,Un Viejo Amor (feat. Edith Márquez),Los Baby's;Edith Márquez,Rock,rock-n-roll,Happy;Energetic;Motivated,workout,110.009,0.62,0.853,0.825,0.215,0.0,0.0407,0.177,-2.76,161960,38
2YaNWNnjvIi0DHpa1JX2vQ,Love Letter - Original Mix,Living Room,Jazz,jazz,Calm;Romantic;Nostalgic,studying,100.001,0.657,0.3,0.42,0.914,0.862,0.0357,0.166,-13.762,240000,0
4Z6PORkOT1A0ttMvnnYQzS,Ain't That A Kick In The Head,Dean Martin,Jazz,jazz,Calm,studying;sleep,131.793,0.647,0.252,0.72,0.6,0.0,0.0557,0.3,-11.93,147293,0
4TXtiyC9zYWLTmKIb6c5vg,Sing It Back,The Cooltrane Quartet,Jazz,jazz,Calm;Nostalgic,studying;sleep,125.088,0.693,0.287,0.368,0.669,2.03e-06,0.0453,0.138,-12.554,168451,0
298atiKYvG84VfbXNbZiX5,Adhoore,Vishal Dadlani;Alyssa Mendonsa,Hip-Hop,hip-hop,Happy,commute;cooking;driving,107.993,0.799,0.542,0.673,0.0858,1.5e-06,0.0308,0.126,-7.142,264210,60
7cVe3mYMIfhOlz1NXFWv70,0 to 100,Sidhu Moose Wala,Hip-Hop,hip-hop,Happy,commute;party;cooking;driving,145.989,0.742,0.675,0.679,0.139,0.0,0.0907,0.167,-6.551,108493,71
5gxakaZJUKXaPZPPzVZ5Tu,Moments Like This,The Afters,Rock,alt-rock,Energetic,workout,86.016,0.497,0.837,0.489,0.0155,0.0,0.046,0.0763,-3.672,239986,56
4yuojyGFULi2gMx3Ms5z9f,"Quizás, quizás, quizás",Ole Ole,Pop,synth-pop,Happy;Motivated,workout;commute;driving,123.944,0.629,0.701,0.753,0.00205,3.88e-05,0.0495,0.0692,-11.94,181000,23
5Xd9NVSspCkmCxa9gSAWu8,"It's Been a Long, Long Time",Harry James;Kitty Kallan,Jazz,jazz,Calm;Nostalgic,studying;sleep,77.147,0.328,0.221,0.369,0.94,0.00135,0.0299,0.301,-9.7,203773,54
065jweuhTfrGT3dic3ZIOG,For Giovanni,Will Ackerman;Charlie Bisharat;Noah Wilding;Tom Eaton,Chill,new-age,Sad;Calm;Chill,studying,124.159,0.361,0.337,0.0986,0.898,0.898,0.0363,0.115,-12.085,292133,21
2xN6A2Ru5r7gOL8ECeSExi,Mais Uma De Amor (Geme Geme),Blitz,R&B,r-n-b,Happy;Energetic;Motivated,workout;driving,170.481,0.391,0.792,0.759,0.388,1.19e-06,0.0567,0.895,-8.774,229715,44
1zYApollKzH9eEVNDouTJ4,N Say,Dinosaur Jr.,Pop,power-pop,Energetic;Motivated,workout,154.148,0.302,0.934,0.537,0.00435,0.0273,0.076,0.15,-6.267,195986,24
73JSlkMwGxPQr0rYylbIDi,Nocturnal,Eve 6,Rock,grunge,Happy;Energetic;Motivated,workout,121.922,0.597,0.955,0.671,0.000384,0.0,0.0579,0.283,-4.761,187773,26
2UzTljfQR9QLGgpVWBunko,Pobre Diabla,Don Omar,Hip-Hop,hip-hop,Happy;Energetic;Motivated,party;driving,91.993,0.741,0.787,0.771,0.217,0.0179,0.0525,0.0835,-6.228,255680,2
0zty4sz6wiLo3QUIxfKwHw,Jo Achyutananda,Priya Sisters,Classical,classical,Calm;Nostalgic,studying;sleep,148.401,0.493,0.262,0.532,0.727,1.12e-05,0.0329,0.0933,-11.252,461912,31
4UVH9hk11pLSDaOadmhaL1,Queen,HIRIE,Rock,j-rock,Happy,commute;party;cooking;driving,149.988,0.769,0.601,0.788,0.0413,0.000174,0.0855,0.0638,-6.996,196853,36
6T1t7fOMfVuVpWSe2Z4Pp9,"Piano Concerto No. 26 in D Major, K. 537 ""Coronation"": II. (Larghetto)",Wolfgang Amadeus Mozart;Ingrid Haebler;London Symphony Orchestra;Sir Colin Davis,Classical,classical,Sad;Calm,studying;sleep,70.075,0.302,0.019,0.194,0.992,0.915,0.0361,0.17,-26.351,410066,3
3OyFnnvG3QAXpkeviLxj4I,Eve-Evelyn,Los Prisioneros,Rock,hard-rock,Energetic;Motivated,workout,154.575,0.65,0.958,0.575,0.0294,0.00734,0.109,0.0733,-6.715,264151,35
2oEHcVe21whTKWQBqRAYPp,"Halamithi Habibo (From ""Beast"")",Anirudh Ravichander;Jonita Gandhi,Hip-Hop,hip-hop,Happy;Energetic;Motivated,workout;party,185.964,0.705,0.852,0.671,0.226,0.000626,0.252,0.14,-4.552,279677,61
2dr82HFwgIYxy8yZPKvgrD,只有你,Jody Chiang,Pop,mandopop,Calm;Romantic;Chill;Nostalgic,studying;commute,82.61,0.593,0.396,0.445,0.647,2.79e-06,0.0369,0.131,-8.632,225720,24
0y9wFTCRslDE7iEFUUdqI3,In The Mirror,Yanni,Chill,new-age,Sad;Calm,studying;sleep,165.604,0.178,0.21,0.199,0.953,0.95,0.0306,0.0868,-19.775,242133,42
7d7whQmni6ZvmfkWE5XEAX,Dua Lipa,Jack Harlow,Hip-Hop,hip-hop,Dark,commute;cooking;driving,158.022,0.833,0.652,0.405,0.00161,0.0985,0.0762,0.106,-6.942,135053,0
098tcbXtmI9O2zvgyvf5xy,No Termino,Morat,Latin,latin,Happy;Motivated,workout;commute;party;driving,138.004,0.702,0.749,0.818,0.0443,0.0,0.0327,0.0839,-3.743,239826,0
0RPOy0HWyY3bLm40pm3T8s,"Mozart: Piano Concerto No. 20 in D Minor, K. 466: III. Allegro assai",Wolfgang Amadeus Mozart;Daniel Barenboim;Berliner Philharmoniker,Classical,classical,Sad;Calm,studying;sleep,71.779,0.356,0.159,0.229,0.984,0.943,0.0379,0.151,-20.231,417666,24
04sx4DemzEp9Dzopqge2QX,I'm On Fire,Chromatics,Pop,synth-pop,Sad;Chill;Nostalgic,studying;commute,129.957,0.621,0.421,0.319,0.677,0.351,0.0286,0.0615,-11.834,245133,50
1avIiKDpAfOuDqEh1DrLCs,"Trumpet Concerto in E Flat, H.VIIe/1: 3. Finale. Allegro",Joseph Haydn;Manuel Blanco;Josep Pons;Orquesta Nacional De España,Classical,classical,Calm;Nostalgic,studying;sleep,136.278,0.528,0.143,0.423,0.964,0.897,0.0437,0.0623,-20.056,278760,0
3yfqSUWxFvZELEM4PmlwIR,The Real Slim Shady,Eminem,Hip-Hop,hip-hop,Happy,commute;party;cooking;driving,104.504,0.949,0.661,0.76,0.0302,0.0,0.0572,0.0454,-4.244,284200,87
07rWaFwTzLkyWg2zfQ30ni,Entre Nós Outra Vez,Sérgio Lopes,R&B,gospel,Sad;Chill,commute,76.021,0.474,0.499,0.161,0.499,3.74e-06,0.0286,0.656,-9.081,374400,40
5NkyqkU9LWEfZW73BGhjbh,Winter Snow,Booker T. & the M.G.'s,R&B,soul,Sad;Calm;Nostalgic,studying;sleep,62.808,0.664,0.05,0.304,0.88,0.943,0.0548,0.115,-19.405,202413,0
4Gh9JSLAUWXGEuO6IdbEvM,Worst Mistakes,Josh A;iamjakehill,Rock,emo,Nostalgic,commute,82.519,0.713,0.492,0.396,0.477,0.0,0.0784,0.104,-7.624,156265,57
7BDUp8HkPLNajJskjr4Rml,Sonha Menor,Mc Kako,R&B,funk,Calm;Chill,commute,180.098,0.687,0.343,0.38,0.277,0.000213,0.162,0.127,-6.481,181333,46
1hEjcrND10Utm4ZA7ji6ew,Menunggu Bintang Terang,Closehead,Rock,punk,Energetic,workout,107.503,0.533,0.923,0.474,0.000528,3.72e-05,0.0401,0.105,-4.808,227448,39
6E615RDRMHFQ586xKOobH7,Bota Pagodão Ponto Net,Rachel Reis,Latin,mpb,Happy;Motivated,workout;commute;party;driving,125.032,0.765,0.724,0.783,0.0805,0.323,0.0368,0.0819,-7.143,201600,42
10BvydZhf1TLTJyT2oeycV,Priestess of Death,1782,Rock,heavy-metal,Sad;Calm,studying;sleep,109.999,0.368,0.294,0.147,0.0667,0.845,0.0344,0.0826,-13.571,354038,19
5xWxnLpw8ooMW1nJwY2hui,時間がない,KIRINJI,Pop,j-pop,Happy,commute;party;cooking;driving,126.033,0.772,0.675,0.68,0.124,0.0121,0.0366,0.102,-9.154,284160,0
14909dF5EB4hvURmptzGSB,Basic,N i G H T S,R&B,soul,Dark,commute;driving,105.046,0.886,0.556,0.354,0.00924,1.29e-05,0.063,0.371,-8.318,210000,49
5BSflJ1ehYRK7cqn9hrYGd,"Cabô, Meu Pai",Toque De Prima,Latin,pagode,Happy;Motivated,commute;driving,97.098,0.613,0.711,0.853,0.599,0.0,0.193,0.655,-7.046,202626,43
0AjcdGri5vhJsmZnduCEqd,October Passed Me By,girl in red,Pop,indie-pop,Sad;Calm;Chill,studying;commute,155.675,0.445,0.367,0.202,0.761,0.075,0.0452,0.0987,-13.086,165746,74
75ciEd63kTfm65hQjPj1ot,Silent Night,Jim Brickman,Chill,new-age,Sad;Calm,studying;sleep,100.934,0.38,0.0747,0.116,0.968,0.91,0.0312,0.487,-17.94,274873,21
5Se9PXWc57LRT0zthjI5cG,Woh Kisna Hai,Sukhwinder Singh;Ayesha Darbar;S. P. Sailaja,Hip-Hop,hip-hop,Chill,commute;cooking;driving,101.987,0.649,0.525,0.494,0.245,1.2e-05,0.0665,0.17,-11.94,357186,58
0F7FA14euOIX8KcbEturGH,Old Town Road,Lil Nas X,Hip-Hop,hip-hop,Happy,commute;cooking;driving,135.998,0.907,0.53,0.507,0.0578,2.23e-06,0.127,0.101,-6.112,113000,77
1gfy2xxr7ETcaWEMijLSdH,出外人,詹雅雯,Pop,mandopop,Sad;Dark;Chill,commute;driving,103.954,0.641,0.545,0.337,0.0866,1.86e-06,0.027,0.308,-6.244,248266,25
6FhB5ZyT4JsIJ0ozDlXCIp,Save Yourself,My Darkest Days,Rock,grunge,Energetic;Dark,workout,121.983,0.503,0.921,0.359,0.00093,2.75e-06,0.106,0.26,-5.907,221160,63
2074PxLJhsulJcP0ivfUSj,Ella Es Tan Kubrick,Charly García,Rock,punk-rock,Happy;Energetic;Motivated,workout;party,121.985,0.765,0.924,0.918,0.121,0.0,0.0313,0.315,-5.579,181413,38
3uDnKje1CbdtzHgTe5qTbX,Admirável Chip Novo - 2022 Remix,Pitty;Lúcio Maia;Rica Amabis,Rock,hard-rock,Energetic;Motivated,workout;driving,135.787,0.61,0.833,0.624,0.00138,0.0,0.0355,0.606,-6.26,180413,39
27hMse6DWTePfwtnoUtsvr,Cliff - Einmusik Remix,Oliver Schories;Einmusik,EDM,minimal-techno,Energetic;Dark,workout;studying;driving,122.011,0.755,0.842,0.146,0.000292,0.885,0.0421,0.0832,-9.026,444816,42
3B4Wf3Fo11BXSuVPi1dtDO,Oh Oh - The First Love of Tamizh,Anirudh Ravichander;Dhanush;Nikhita Gandhi,Hip-Hop,hip-hop,Romantic;Chill;Nostalgic,commute;cooking,85.002,0.594,0.587,0.448,0.413,0.00013,0.0268,0.0904,-8.705,276705,60
3I6T5KLBs4qfj1l0Z2tQsd,Ven Devórame Otra Vez,Lalo Rodriguez,Latin,salsa,Happy;Motivated,commute;party,84.417,0.704,0.719,0.961,0.633,0.000147,0.0363,0.313,-5.353,314013,0
77HoDZBhyz9Rs37re8SDvw,Feel The Game,Stereoclip,EDM,electronic,Dark;Chill,commute;driving,126.935,0.649,0.566,0.281,0.597,0.00132,0.0889,0.104,-10.483,226937,54
0YMmKbsH25K6Mp7Ld8VT1c,Power Woman - Vengaboys Remix,Mark Van Dale;Enrico;Vengaboys,EDM,trance,Energetic;Motivated,workout;studying,140.023,0.686,0.983,0.612,6.53e-05,0.772,0.0524,0.0483,-6.532,259253,31
7sp9SYjIBBniAJ7xa1nkZh,Champagne Talk,King,Hip-Hop,hip-hop,Dark,commute;cooking;driving,189.954,0.677,0.68,0.473,0.0616,4.49e-05,0.103,0.0812,-5.19,163008,58
2RB3zzgxWc2RRBaJOkSEka,Senjitaley,Anirudh Ravichander,Hip-Hop,hip-hop,Energetic;Dark,workout,88.073,0.655,0.941,0.344,0.476,3.22e-06,0.14,0.215,-5.185,251333,61
1TpL0qUaPji2MMO1FEaxvf,Los Amigos No Se Besan,Diego Herrera,R&B,r-n-b,Romantic,commute;cooking,134.86,0.772,0.497,0.657,0.764,5.16e-06,0.0452,0.0771,-3.184,214573,43
5WgW9bG91h4zRUnBr97d6c,Muyè,Rampa;Adam Port;&ME,EDM,deep-house,Sad,studying;commute,120.01,0.775,0.474,0.0376,0.00963,0.943,0.0636,0.108,-15.341,469995,52
3jjsRKEsF42ccXf8kWR3nu,Washing Machine Heart,Mitski,Pop,indie-pop,Energetic;Motivated,studying;driving,105.997,0.613,0.822,0.567,0.0092,0.506,0.026,0.429,-4.087,128198,83
2rUPR83nD3UoSCEdjNsKfF,I Don't Want To Hurt You (Every SingleTime),Frank Black,Pop,power-pop,Energetic,workout;driving,118.37,0.526,0.834,0.473,0.00291,7.9e-05,0.0296,0.0981,-8.625,182746,23
28fz3mwbypiLwIOyLkOuvv,Maçã Verde - Ao Vivo,Grupo Presença;MC Hariel,Latin,pagode,Happy;Motivated,workout;commute;party;driving,130.027,0.76,0.706,0.687,0.336,0.0,0.1,0.717,-6.28,176307,52
7j7fS14vlwVk0Pfnr0hovC,"Marana Mass - From ""Petta""",Anirudh Ravichander;S. P. Balasubrahmanyam,Hip-Hop,hip-hop,Happy;Energetic;Motivated,workout,78.434,0.471,0.873,0.737,0.47,8.13e-05,0.373,0.146,-5.503,216000,57
0ApX0DRPyXJflR03xkN4JK,若者のすべて,Fujifabric,Pop,j-pop,Dark,commute;driving,123.936,0.589,0.672,0.246,0.00727,0.314,0.0275,0.255,-5.324,297693,36
5H9nnDuwE0UCEyQgN42XCs,Reminiscent,Yiruma,Chill,new-age,Sad;Calm,studying;sleep,150.269,0.287,0.245,0.0626,0.982,0.923,0.0381,0.0876,-17.241,192133,52
2WkuESwWyJ1txlbXnDIwPm,A Catalogue of Afternoons,Max Richter,Chill,ambient,Sad;Calm,studying;sleep,205.971,0.126,0.0805,0.124,0.996,0.852,0.0413,0.0976,-31.267,108773,56
3u0AMIxnYrhIAPZFSEXdbx,"Piano Concerto No. 19 in F Major, K. 459: I. Allegro vivace",Wolfgang Amadeus Mozart;Ingrid Haebler;London Symphony Orchestra;Witold Rowicki,Classical,classical,Sad;Calm,studying;sleep,72.292,0.448,0.115,0.25,0.993,0.862,0.0362,0.0976,-18.357,769826,3
27ZZdyTSQWI7Cug2d2PkqV,BILLIE EILISH.,Armani White,Hip-Hop,hip-hop,Happy,commute;cooking;driving,100.007,0.9,0.509,0.765,0.115,1.67e-06,0.257,0.0937,-6.647,99282,89
7MCjc99jSO0gIrVaiMpoKM,Crosstitution,Bathory,Rock,black-metal,Energetic;Dark,workout;studying;driving,115.104,0.547,0.809,0.206,1.22e-06,0.828,0.0404,0.228,-8.466,198000,17
3qGbxxjWkFxaFH4mmkyRq2,How Do You Like It? (Pt. 2) - Gangsta Mix,Keith Sweat;Fitzgerald Scott,R&B,soul,Calm,commute;cooking,94.708,0.807,0.494,0.6,0.0112,5.58e-05,0.162,0.0768,-9.055,253533,0
6WyvH1TlKV3cShyHrB8rmF,"Minuet in E Flat Major, K.122",Wolfgang Amadeus Mozart;Wiener Mozart Ensemble;Willi Boskovsky,Classical,classical,Calm,studying;sleep,119.065,0.556,0.143,0.708,0.975,0.852,0.0424,0.189,-18.677,79306,3
3F5CgOj3wFlRv51JsHbxhe,Jimmy Cooks (feat. 21 Savage),Drake;21 Savage,Hip-Hop,hip-hop,Dark,commute;driving,165.921,0.529,0.673,0.366,0.000307,2.41e-06,0.175,0.093,-4.711,218364,91
5x59U89ZnjZXuNAAlc8X1u,"Addio del passato - From ""La traviata""",Filippa Giordano,Classical,opera,Sad;Calm,studying;sleep,83.685,0.287,0.19,0.133,0.93,0.000356,0.037,0.0834,-12.03,196000,22
0HhDrzhTf9e4qpacpDEbiW,Oh what do you do in the Summertime,Paul Cardall,Chill,new-age,Sad;Calm,studying;sleep,111.134,0.301,0.199,0.156,0.985,0.924,0.0437,0.135,-17.741,172186,29
2lnsXLdolOmxcAul5BZR56,The Hunter And The Prey,Headhunterz;Sian Evans,EDM,hardstyle,Energetic;Dark,workout,150.07,0.463,0.968,0.121,0.000791,7.55e-05,0.428,0.337,-3.157,224000,52
7i2DJ88J7jQ8K7zqFX2fW8,Now Or Never,Halsey,Pop,indie-pop,Chill,commute;cooking;driving,110.03,0.67,0.585,0.447,0.107,1.11e-06,0.0354,0.131,-4.861,214801,67
47Rqh5ZSamtIOFi7G6VgFJ,Paani Paani,Badshah;Aastha Gill,Hip-Hop,hip-hop,Dark,commute;cooking;driving,105.028,0.886,0.579,0.427,0.236,4.23e-06,0.209,0.0586,-7.231,174002,66
1pW5BQT2ltq0NPSlbkev0v,Pablo,King,Hip-Hop,hip-hop,Motivated,commute;party,79.999,0.731,0.73,0.503,0.411,0.0,0.123,0.052,-6.302,279120,66
1mJPpRCeS0qBEm8T4NdhIz,Lullaby,Aevum,Classical,opera,Energetic;Dark,studying,74.214,0.283,0.92,0.399,5.57e-06,0.705,0.102,0.0586,-4.303,183812,20
5cmma0QVY6aG5IyJYJcmjK,Zon,Aril Brikha,EDM,detroit-techno,Energetic;Dark,workout;studying;driving,124.993,0.793,0.848,0.329,0.0603,0.926,0.0719,0.112,-10.42,519666,8
4dCLUBJwtZwc4HYXvfcpyP,Untitled,KR$NA,Hip-Hop,hip-hop,Happy;Energetic;Motivated,workout;party;driving,130.024,0.906,0.811,0.667,0.393,1.28e-05,0.278,0.0703,-5.862,151384,59
7gu4nfoJkzmRsATBRjNCWI,WE ARE CHAOS,Marilyn Manson,Rock,alt-rock,Energetic;Dark,workout,137.084,0.373,0.857,0.235,0.000999,0.00138,0.0528,0.408,-3.546,240213,0
493Rk3iS7rs8uPfpnfm95u,El Incomprendido,Farruko;Victor Cardenas;Dj Adoni,Latin,latino,Energetic;Motivated,workout;party;driving,128.019,0.754,0.841,0.541,0.113,0.0,0.135,0.466,-3.19,267546,71
2O252lbbCXfgM4xkhLrWD9,Warfare,Toxic Holocaust,Rock,black-metal,Energetic;Dark,workout,105.38,0.341,0.976,0.399,4.35e-06,0.0125,0.0716,0.141,-5.634,104493,19
7Mfuz57LJwejK3m4WomrP6,The Bass Queen (Dj Icey Remix),DJ Baby Anne,EDM,breakbeat,Dark,studying;commute;cooking;driving,132.997,0.786,0.646,0.42,0.000355,0.646,0.0557,0.108,-7.074,259986,15
6RXJKdpBp6AVL6H6sHyNp0,Yennai Maatrum Kadhale,Anirudh Ravichander;Sid Sriram,Hip-Hop,hip-hop,Energetic;Dark,workout;driving,112.457,0.515,0.766,0.346,0.46,3.27e-06,0.0936,0.136,-7.291,274678,60
2eZ7emue8wqYu3wslMWlcJ,Safadezinha,Gabriel Diniz,Latin,forro,Happy;Energetic;Motivated,workout;party,149.971,0.79,0.914,0.978,0.341,0.0,0.0492,0.0947,-3.21,130420,41
2mwBSO58y92EYmEFpDfmS7,Suit Suit,Guru Randhawa;Arjun,Hip-Hop,hip-hop,Happy;Energetic;Motivated,party,98.208,0.767,0.869,0.751,0.14,0.0,0.0908,0.221,-3.381,190131,63
4Yf9QLUM8EeHaCS7EnaHnX,Versailles (Hold) - Edit,Christian Löffler,Chill,ambient,Sad;Calm;Chill,studying;commute,116.99,0.425,0.375,0.179,0.467,0.525,0.0353,0.133,-13.693,218727,53
2enC5S40NpXjXDGwkSsqqC,Ballade Pour Adeline,Jacob's Piano,Chill,new-age,Sad;Calm,studying;sleep,134.652,0.322,0.203,0.134,0.949,0.945,0.0329,0.112,-16.609,173250,42
1935jwwJJGGEb3oBuCGSwA,Displicente / Eu Nunca Amei - Ao Vivo,Tá Na Mente,Latin,pagode,Romantic,commute;cooking;driving,156.424,0.452,0.644,0.625,0.576,0.0,0.0293,0.985,-6.953,292034,46
2ajQyTRxBRbPLaMmnO1SHj,Roll in Peace,Kodak Black;XXXTENTACION,Hip-Hop,hip-hop,Dark,commute;driving,140.051,0.746,0.522,0.361,0.0306,0.0,0.248,0.2,-6.807,213132,0
4XCjdGmSw6RqFB6W4uS764,Heritage,Regents;Cartridge;Strategy,EDM,dubstep,Energetic;Dark,workout;driving,139.91,0.622,0.773,0.25,0.000877,0.000236,0.0529,0.197,-6.224,253434,42
6XhnnT18lPYepY7pRdOkKo,Muerte Violenta,Transmetal,Rock,death-metal,Happy;Energetic;Motivated,workout,176.415,0.258,0.855,0.678,0.00489,0.0676,0.0436,0.0545,-10.094,193329,27
7l8mFTAzCM0dFiWIPNbzfr,O Tempo Passa,Maneva,R&B,r-n-b,Happy,commute;party;cooking,89.029,0.798,0.633,0.782,0.0795,0.000318,0.043,0.257,-7.259,191373,41
0sfdiwck2xr4PteGOdyOfz,Shot In The Dark,AC/DC,Rock,hard-rock,Happy;Energetic;Motivated,workout;driving,114.065,0.599,0.787,0.822,2.07e-05,5.27e-05,0.0338,0.064,-4.708,185133,63
7KptdVeZAg21MZv687ocyf,Carrowkeel,Michele McLaughlin,Chill,new-age,Sad;Calm,studying;sleep,88.523,0.217,0.23,0.081,0.986,0.888,0.0413,0.105,-13.728,207413,21
2gp0OtnltLdrcNhKHVL2qM,Nee Nenacha,Hiphop Tamizha;Sid Sriram,Hip-Hop,hip-hop,Romantic;Chill;Nostalgic,studying;commute;cooking,182.961,0.329,0.408,0.408,0.575,0.0,0.0629,0.115,-10.672,268683,56
0oE3Txaoz81bIsuiF1IPC9,PRIDE,Miki Imai,Pop,j-pop,Sad;Dark;Chill;Nostalgic,commute;driving,110.964,0.662,0.524,0.338,0.444,2.88e-06,0.0253,0.198,-6.707,363000,46
3uHisD8WxXOYLaxeOl098L,Teri Khair Mangdi,Bilal Saeed,Hip-Hop,hip-hop,Dark;Nostalgic,commute;driving,97.979,0.718,0.58,0.31,0.602,0.0,0.028,0.196,-5.149,225273,67
2tB9EXMGGzvRdxxwyzIJCC,don't cry,sadeyes,Rock,emo,Happy,commute;party;cooking;driving,160.04,0.789,0.685,0.533,0.635,0.0,0.914,0.0843,-10.596,138007,57
7sTRfWwsOVrwhP4yUEGyKb,Les Indes Galantes - Air pour les esclaves africains,Jean-Philippe Rameau;Jordi Savall;Le Concert Des Nations,Classical,opera,Calm,studying;sleep,85.528,0.574,0.277,0.735,0.777,0.787,0.0279,0.106,-18.014,99626,21
4fn9KNxfaHhvZ8QPImU6q7,Antes e depois (Participação especial de Dilsinho) - Ao vivo,Imaginasamba;Dilsinho,Latin,pagode,Energetic;Motivated,workout;driving,143.956,0.447,0.809,0.587,0.582,0.0,0.0425,0.917,-5.227,190296,46
1DmlpLfYaZNZMZZB2c1qnp,Root Tones,Dean Evenson;Dudley Evenson,Chill,new-age,Sad;Calm,studying;sleep,76.548,0.0705,0.0534,0.0288,0.852,0.978,0.0421,0.11,-20.957,222253,46
1LFTKTSfPQRM3a8mOvNtnE,Ethir Neechal,Anirudh Ravichander;Yo Yo Honey Singh;Hiphop Tamizha,Hip-Hop,hip-hop,Energetic;Motivated,workout;party,119.97,0.752,0.97,0.537,0.0556,1.21e-06,0.0943,0.0999,-4.167,270720,59
5WWplXimzIjlJiN2N7T9Q3,"Pathala Pathala (From ""Vikram"")",Anirudh Ravichander;Kamal Haasan,Hip-Hop,hip-hop,Happy;Energetic;Motivated,workout;party;driving,130.091,0.826,0.779,0.936,0.35,0.0,0.375,0.0657,-5.609,211384,74
1G2kfOwvR7XDCn5647ot9O,By Heart (feat. Laura Creamer),Jim Brickman;Laura Creamer,Chill,new-age,Sad;Calm,studying;sleep,117.969,0.39,0.0868,0.154,0.892,8.84e-05,0.0358,0.0827,-16.228,249066,24
2pzoaKZyoPkQIKmspn70rq,Выродок,PHARAOH,Rock,emo,Energetic;Dark,driving,104.969,0.76,0.753,0.249,0.0623,0.000361,0.0456,0.0621,-6.03,152999,50
3ihJMgAI2o2UT1INo8haC1,Let Me Love You - Sean Paul Remix,DJ Snake;Sean Paul;Justin Bieber,EDM,electronic,Dark,commute;driving,100.038,0.653,0.697,0.134,0.0197,4.72e-06,0.0609,0.188,-4.803,215560,47
7BgnX6A1JfFIGbmaFOmhBP,Pot-Pourri: o Fora / Ligação Urbana / Minha Estrela Perdida,Murilo Huff,Latin,sertanejo,Romantic,commute;cooking;driving,153.612,0.433,0.639,0.592,0.374,0.0,0.0681,0.308,-6.001,319008,53
5Ego6GL1vELZbdnD2wh3Lw,"Kama Sutra - Live At MGM Grand, Las Vegas/2004",Sarah Brightman,Classical,opera,Sad;Calm,studying;sleep,79.931,0.518,0.272,0.0643,0.686,0.945,0.0313,0.285,-14.38,121000,19
26RuDmS6MxjfY5AjDZvubX,Me Piden (feat. Yuri),Los Baby's;Yuri,Rock,rock-n-roll,Happy;Energetic;Motivated,workout;driving,110.063,0.602,0.817,0.765,0.122,0.0,0.0348,0.11,-3.096,181680,36
68RO16eZBKH9wfX4zs93lz,Balada para un Loco,Roberto Goyeneche;Astor Piazzolla,Latin,tango,Calm;Chill;Nostalgic,studying,72.184,0.423,0.301,0.389,0.928,4.89e-06,0.263,0.212,-11.091,266373,37
7EIk0Pk8QLW19dN6NViFI5,Sin Pelos En La Lengua,Fidel Rueda,R&B,r-n-b,Happy,commute;cooking;driving,129.935,0.658,0.607,0.882,0.406,5.57e-06,0.0351,0.263,-3.504,164861,42
7hiNlgvOZ2Lj8DN3R2NcMx,En el Siglo del Gran Reviente,Almafuerte,Rock,heavy-metal,Energetic;Motivated,workout,95.378,0.341,0.952,0.611,0.000908,0.0,0.0599,0.281,-4.592,180645,24
0zmrF4iO4zaaJKQ06Yb6GO,Não Mando Em Mim - Ao Vivo,Vou Zuar;Ferrugem,Latin,pagode,Romantic,commute;cooking;driving,146.005,0.56,0.635,0.535,0.509,0.0,0.0414,0.793,-6.863,174524,46
7kpQEBD4c4uHzGBAI5fqY6,Ending,Peter Sandberg,Chill,ambient,Sad;Calm,studying;sleep,143.999,0.567,0.207,0.151,0.963,0.925,0.037,0.105,-22.354,135041,45
45x7IKCBRhKUc3kSFilH2q,Vai Errar de Novo - Ao Vivo,Pixote,Latin,pagode,Happy;Energetic;Motivated,workout,170.008,0.61,0.856,0.938,0.606,0.0,0.039,0.71,-6.193,176103,57
3B94r0dwWtdZFxVU6URfOt,渚の泡沫,WANIMA,Rock,j-rock,Happy;Energetic;Motivated,workout,127.004,0.563,0.975,0.664,0.00903,0.0,0.101,0.0778,-2.729,234692,31
6OGprSlBEKH6PLZKYDhkGe,Critical Mass,Heaven Shall Burn,Rock,death-metal,Energetic;Dark,workout;studying,198.313,0.285,0.991,0.182,3.23e-06,0.829,0.256,0.0675,-4.248,215521,22
1kIe2StjD4CIusyYvhZmfM,Otra Vez,Usted Señalemelo,EDM,electronic,Happy;Chill,commute;cooking;driving,130.018,0.658,0.564,0.699,0.00137,0.00394,0.0364,0.0913,-7.884,233000,35
436kdRl5mPZkIjaBYwfgUN,Prelude / The Ballad of Sweeney Todd,Michael Ball;The 2012 London Cast of Sweeney Todd,Classical,opera,Sad;Chill,studying;commute,117.213,0.439,0.415,0.207,0.704,4.93e-05,0.05,0.225,-8.388,224106,23
7c4Q9yEJGRXva8KNSLRZkP,Cover Band,Redd Kross,Pop,power-pop,Energetic;Motivated,workout,97.353,0.516,0.858,0.618,5.32e-05,0.00105,0.0527,0.0677,-5.71,86600,20
3MJd5S8ZIUp19dVvKxgNoe,Lovesong from the Mountains,Deuter,Chill,new-age,Sad;Calm,studying;sleep,64.248,0.184,0.0878,0.0374,0.894,0.51,0.0461,0.103,-20.655,478520,53
57Bo5boCBDxkikcb3cJ0fd,24 Horas de Amor,Bruno & Marrone,Latin,sertanejo,Sad;Calm;Nostalgic,studying;sleep,97.145,0.66,0.284,0.318,0.799,0.0,0.0912,0.135,-11.062,174640,50
3kMTsApycVapS5vvWrVR3N,Milonga burrera,Jorge Vidal,Latin,tango,Calm;Romantic;Chill,studying;commute,100.894,0.611,0.391,0.725,0.93,0.000289,0.183,0.139,-15.617,200875,19
31EuYrmltdwn2sFFiYEe9K,Follow Your Heart,Inner City,EDM,detroit-techno,Energetic;Motivated,workout;studying;driving,125.959,0.624,0.773,0.646,0.000861,0.466,0.0368,0.331,-12.289,309418,9
7aS8e5XKVWDcbyn06mF9fz,Candles,Jon Hopkins,Chill,ambient,Sad;Calm,studying;sleep,108.658,0.298,0.148,0.0603,0.868,0.843,0.0438,0.11,-26.245,148546,54
0d4zbVMKsJos57u4S4Mdt1,Capricha Gaiteiro,Garotos de Ouro,Latin,sertanejo,Happy;Energetic;Motivated,party,91.254,0.798,0.87,0.961,0.304,0.109,0.0334,0.0549,-6.217,218320,49
0rUiL3L1lurq2lzcfUCSji,味道,Winnie Hsin,Pop,mandopop,Sad;Calm,studying;sleep,87.83,0.564,0.158,0.0784,0.669,3.42e-05,0.0322,0.119,-14.396,237333,53
2fytePz8UsbUr8n33QBEcm,I Just Can't Stop Loving You (feat. Siedah Garrett) - 2012 Remaster,Michael Jackson;Siedah Garrett,R&B,soul,Sad;Chill,commute,100.139,0.657,0.467,0.276,0.667,1.92e-06,0.0341,0.0295,-8.925,251760,67
7z8zdcW66DyZ931P6BjnX7,Angels Landing,ISOxo;FrostTop,EDM,electronic,Energetic;Dark,workout;driving,149.431,0.285,0.812,0.0388,0.127,0.0303,0.0596,0.0823,-2.572,233600,50
2p37dHdIy2EZTWspvqj5w6,Mega Funk De Passo em Passo,DJ FERRAZ,R&B,funk,Calm,commute;cooking,130.039,0.908,0.402,0.623,0.0806,0.00157,0.149,0.151,-10.883,386317,43
2bZQp5FZcLjgqTzoBF0SD5,Señora Corazón: Tema Festival Oti,Johnny Laboriel,Rock,rock-n-roll,Romantic;Chill;Nostalgic,studying;commute;cooking,78.305,0.374,0.449,0.512,0.605,0.028,0.029,0.0466,-9.837,218174,30
7LNm1oWd6PniO9wRYpNY5o,j's lullaby (darlin' i'd wait for you),Delaney Bailey,Pop,indie-pop,Sad;Calm,sleep,76.068,0.54,0.11,0.172,0.498,0.000614,0.0328,0.0781,-19.885,290132,71
4SVIMu13Nii6XS8Ph7IJjH,Ansage Nr. 1,Lukas Freudenberger;Unmensch,EDM,minimal-techno,Dark,studying;commute;driving,127.99,0.766,0.557,0.0575,0.0101,0.869,0.046,0.591,-13.706,495000,20
7ajpbW6tBpqUI9foCtwlLw,祝福,YOASOBI,Pop,j-pop,Energetic;Motivated,workout,170.045,0.553,0.958,0.541,0.0186,3.08e-05,0.073,0.297,-3.159,196235,76
6BEZw2d7m5ygLItc1HexzV,Microcosmos - Original Mix,Digicult,EDM,trance,Energetic;Dark,workout;studying,144.992,0.55,0.953,0.188,0.000417,0.767,0.0384,0.122,-5.126,438891,32
3uRPZy0nl1REaAtXUvtYQg,He's All I Need,Joe Smooth,EDM,chicago-house,Dark,workout;commute;driving,127.98,0.612,0.739,0.419,0.0116,7.53e-05,0.0261,0.0826,-3.698,241812,6
0plpKMaZ8QLxNQDuFRO37s,The Chills,Blue October,Rock,grunge,Energetic;Dark,workout;driving,140.028,0.478,0.827,0.313,0.00739,8.83e-06,0.0722,0.322,-6.023,214106,27
6CFNuNjLqTZhFhswIoPGdA,I Miss You,Andy Lau,Pop,cantopop,Romantic;Chill,commute;cooking;driving,172.028,0.51,0.517,0.624,0.359,0.0,0.064,0.243,-9.258,226000,19
4kZmhCX7JiF7r0rUdfyFl6,Dividido - Ao Vivo,Os Travessos,Latin,pagode,Happy;Energetic;Motivated,workout,78.006,0.481,0.912,0.69,0.392,0.0,0.31,0.927,-3.892,218893,53
4ATJgvvr6VLCkAMZ8MxfUt,Ostatnie tchnienie Nosferatu,Truchło Strzygi,Rock,black-metal,Energetic;Dark,workout,132.477,0.341,0.924,0.285,1.09e-05,0.00983,0.049,0.281,-4.794,250326,25
0RRPAATvIWbP1BsvCaOYsO,Dracula,King,Hip-Hop,hip-hop,Happy;Energetic;Motivated,party,74.994,0.727,0.791,0.711,0.444,0.0,0.13,0.131,-4.47,182400,56
4yUcjY3hGovL2dxdC56JGF,Tubby,Seth Troxler,EDM,detroit-techno,Energetic;Dark,workout;studying;driving,125.01,0.711,0.78,0.281,0.000159,0.81,0.0371,0.105,-8.579,442940,7
6fP7zEaXUaGmzTDyvA79Ng,Nee Paata Madhuram - The Touch of Love,Anirudh Ravichander;Roop Kumar Rathod;Shreya Ghoshal,Hip-Hop,hip-hop,Chill,commute;cooking;driving,110.061,0.649,0.57,0.506,0.174,1.01e-05,0.029,0.496,-6.17,263826,58
1jpMsR7pZ56267QsvCOhci,Saving Us a Riot,Phoria,Chill,ambient,Sad;Calm,studying;sleep,129.623,0.475,0.137,0.057,0.723,0.129,0.032,0.124,-16.239,257516,47
1phvGMk1C6xziijqXT6YAU,Excerpts From Suprabhatam - Mssubbulakshmi,M. S. Subbulakshmi;Radha Viswanathan,Classical,classical,Calm;Romantic,studying,96.695,0.72,0.309,0.669,0.936,0.0,0.333,0.132,-7.625,87760,38
75tO0b5fQQQ5m08KEsXwi3,Make You Feel My Love,Military Wives,Classical,opera,Sad;Calm,studying;sleep,77.005,0.464,0.17,0.0874,0.893,0.0769,0.0285,0.112,-14.902,187826,22
1iW2ktyrQHNKZwFTvgP0Ta,Burn - Remastered 2004,Deep Purple,Rock,psych-rock,Energetic;Motivated,workout,98.533,0.387,0.94,0.582,0.0155,0.023,0.0376,0.327,-6.192,364933,58
1COGvQEAtPxisowBQjZyZ1,It Will Rain,Bruno Mars,EDM,dance,Energetic,workout;driving,150.014,0.572,0.835,0.468,0.337,0.0,0.0516,0.082,-6.826,257720,0
6mpK1E4JUAoAuoEDoaenYL,Nothing's Perfect,NGHTMRE;Oliver Tree,EDM,electronic,Dark,workout;commute;driving,154.024,0.54,0.749,0.469,0.00672,2.3e-05,0.042,0.147,-7.896,186375,61
6EjzTRw8uNBfvNC1pY6VKZ,If You Believe,Jim Brickman,Chill,new-age,Sad;Calm,studying;sleep,145.498,0.357,0.273,0.196,0.945,0.758,0.0426,0.25,-16.756,183200,22
6YGDbl5MJmMSUP33UbGoAo,Unchain My Soul,Dark Funeral,Rock,black-metal,Energetic;Dark,workout,114.076,0.421,0.999,0.0271,2.91e-05,0.167,0.106,0.0877,-5.51,320435,41
5vdWj5rEzg9lg5qbE98PmX,Desi Dan Bilzerian,King,Hip-Hop,hip-hop,Calm,commute;cooking,173.915,0.718,0.489,0.582,0.0287,9.39e-06,0.413,0.058,-7.406,201379,56
1royJ1FfrCTV45v9boP8Lm,情人知己,Sally Yeh,Pop,cantopop,Sad;Chill,commute,120.999,0.443,0.462,0.239,0.662,0.0,0.0329,0.111,-5.205,272000,45
4B8RTAHSPfYpV222GsmEjq,Zumba,Don Omar,Hip-Hop,hip-hop,Happy;Energetic;Motivated,workout;party,124.981,0.718,0.891,0.828,0.00175,0.0146,0.0404,0.138,-3.494,263973,2
5SldOuztcMLkVUP4EUvULx,The Music Began To Play,Mark Knight;Armand Van Helden,EDM,deep-house,Energetic;Dark,workout;studying,127.022,0.738,0.936,0.27,0.00151,0.707,0.219,0.617,-3.451,145984,5
5zVFp6d4dCMfk5q0FPpdHz,Nella Fantasia,Russell Watson,Classical,opera,Sad;Calm,studying;sleep,87.247,0.162,0.269,0.0435,0.837,0.0587,0.0309,0.0918,-10.583,271053,18
1HvAZgj54C1mOR6Q1Fea3Q,"Sleep, Baby Sleep, Pt. 1",Gomer Edwin Evans,Chill,new-age,Sad;Calm,studying;sleep,115.819,0.465,0.128,0.17,0.966,0.833,0.0322,0.0872,-11.975,223502,21
651YiPRtkwDtIlatE28SFm,Kill You,Toini & The Tomcats,Rock,rockabilly,Energetic,workout,135.739,0.359,0.949,0.452,0.136,0.0,0.186,0.364,-5.479,159973,29
6CtNhAbI35jsI1BFlwhXwd,Cheiro bom do seu cabelo,LUDMILLA,R&B,funk,Happy,commute;cooking;driving,91.941,0.603,0.68,0.894,0.69,1.2e-05,0.031,0.402,-6.693,167806,46
2MCUHzFEXf39cyzcNyKw7B,All My Favorite Songs,Weezer;AJR,Rock,alt-rock,Happy,commute;cooking,84.962,0.605,0.7,0.588,0.00998,0.0,0.0277,0.116,-6.47,170720,0
4bjgBYVmro1mq29SCfOesW,Tie,Viikate,Rock,heavy-metal,Energetic;Motivated,driving,96.036,0.502,0.837,0.63,0.000501,9.76e-05,0.0454,0.0781,-5.699,238640,24
0MSAWjq5aWfTUNL9hv7Epd,In The Heat Of The Night,Sandra,Pop,synth-pop,Happy;Energetic;Motivated,workout,123.28,0.636,0.913,0.698,0.00257,0.106,0.0311,0.194,-8.838,301933,57
6FOpPA0a80RuBqqgDozvja,So Far Away,Staind,Rock,grunge,Energetic;Dark,workout,138.697,0.407,0.896,0.156,0.012,0.0,0.063,0.196,-2.935,243573,66
3U7VI6cI4XtJt3s2J5siqt,Tu Condena,Banda Autentica de Jerez,R&B,r-n-b,Happy,commute;cooking;driving,110.017,0.764,0.523,0.816,0.612,0.0,0.0293,0.0496,-4.512,175640,43
6h73Ph4hu3oFlPYbTRKyEK,"Sonata for Piano and Violin in F, K.46e: 1. Allegro",Wolfgang Amadeus Mozart;Isabelle van Keulen;Ronald Brautigam,Classical,classical,Calm,studying;sleep,149.33,0.505,0.236,0.905,0.795,0.0,0.0588,0.0538,-17.453,82813,8
3XhT2YLbnieryCbgtAfPoh,Fable of the Silent Son,Alter Bridge,Rock,grunge,Dark,workout;commute;driving,146.307,0.249,0.722,0.271,0.000219,7.43e-06,0.0819,0.101,-6.262,502018,52
7Dt5Efq8VB3BhmBWpu95f1,AEIOU,Justin Quiles;Robin Schulz,Hip-Hop,hip-hop,Happy;Energetic;Motivated,workout,126.108,0.689,0.856,0.706,0.0493,0.0,0.0813,0.232,-3.394,161880,3
19iOkI9HhUCXdMR26nRqVP,Bebe até Amanhecer,Japãozin,Latin,forro,Happy;Motivated,workout;commute;party;driving,160.084,0.736,0.73,0.96,0.0417,4.79e-06,0.0533,0.0637,-4.556,141721,45
5DVnSQ90r2M3gm6XbgTCLp,Takeover,AP Dhillon;Gurinder Gill;Money Musik;AR Paisley,Hip-Hop,hip-hop,Energetic;Dark,workout;driving,140.032,0.788,0.752,0.236,0.0711,0.0,0.0843,0.61,-3.823,209142,65
3lS99gJJAWuxKxQfXArvvx,Runaway,LeBrock,Pop,synth-pop,Energetic;Dark,workout,129.98,0.506,0.871,0.382,0.00499,9.15e-06,0.0313,0.127,-4.091,232846,44
07k1zeZtt3ECnaVV4qiyWc,獨醉街頭,Alan Tam,Pop,cantopop,Romantic;Chill;Nostalgic,commute;cooking;driving,142.59,0.563,0.522,0.535,0.706,0.0,0.0379,0.227,-9.365,235306,19
7fttjqzmvgvpRQoOzyYng3,Po Indru Neeyaga,Anirudh Ravichander;Dhanush,Hip-Hop,hip-hop,Chill,commute;cooking;driving,144.859,0.489,0.595,0.459,0.262,0.0,0.0273,0.0813,-3.788,223326,63
0tcNM9PPdMYv9S3tjuZSyV,Desire,Bob Moses;ZHU,EDM,electronic,Energetic;Dark,workout;studying;driving,119.992,0.649,0.845,0.294,0.202,0.749,0.056,0.201,-8.178,352000,56
5FzuDFYmUFcvjraadJXv28,I Feel It,Leftwing : Kody,EDM,deep-house,Happy;Energetic;Motivated,workout,125.967,0.566,0.954,0.887,0.00411,0.0257,0.0376,0.0943,-4.678,155250,56
3Y4rUyw7XBCK6hGHCOt6rp,"Call It Fate, Call It Karma",The Strokes,Rock,alt-rock,Calm;Nostalgic,studying;sleep,109.437,0.544,0.241,0.359,0.983,0.774,0.03,0.101,-14.779,204773,72
7ps0lU6VumdsH5JqAjzDRm,Long: Porcelain,Helen Jane Long,Chill,new-age,Sad;Calm,studying;sleep,93.53,0.301,0.0949,0.0589,0.986,0.957,0.0344,0.137,-22.734,220386,31
4tBMbRwLJa5BjwJ6FrBlks,Soni De Nakhre,Wajid;Labh Janjua;Sneha Pant,Hip-Hop,hip-hop,Happy;Energetic;Motivated,workout;party,131.989,0.829,0.852,0.912,0.00698,0.000278,0.0477,0.055,-5.4,261013,61
1GvNY88VvXKRNknbT4fAYm,Desert Solitude,Dan Gibson's Solitudes,Chill,new-age,Sad;Calm,studying;sleep,87.203,0.278,0.0565,0.095,0.989,0.592,0.0783,0.401,-30.699,105986,25
45skzwZt6b2YX5ap828goG,The Man With All The Toys - 1991 Remix,The Beach Boys,Rock,psych-rock,Romantic,commute;cooking,138.347,0.708,0.491,0.657,0.442,9.88e-06,0.0365,0.0624,-8.596,91186,0
7FcQRdlqMvAKmQH1SXCk1s,Ishqam,Mika Singh;Ali Quli Mirza,Hip-Hop,hip-hop,Energetic;Motivated,party;driving,100.017,0.735,0.839,0.609,0.129,0.0,0.0381,0.41,-4.263,194418,70
1nHExGXMHd9FAafLKBvrzo,Everyone Falls In Love,Tanto Metro & Devonte,EDM,j-dance,Happy,commute;cooking;driving,95.999,0.789,0.509,0.578,0.00149,0.0,0.0421,0.0436,-8.001,231826,20
4Xhh7S35G90S6qXREJihzi,Espírito Santo (feat. Weslei Santos & Marcus Salles) - Ao Vivo no Sintonize,Fernanda Brum;Fernandinho;Weslei Santos;Marcus Salles,R&B,gospel,Sad;Calm;Nostalgic,studying;sleep,161.586,0.382,0.178,0.304,0.838,0.000563,0.0315,0.349,-13.43,299008,43
3fERkaogWUgD0bEcbqs40u,(Fallin' Like) Dominoes - Live,Donald Byrd,Jazz,jazz,Happy;Energetic;Motivated,workout;driving,116.747,0.557,0.759,0.715,0.178,0.0012,0.0498,0.344,-9.94,330426,0
0iRFWnXN3PYWjlEocT44Ox,本草綱目,Jay Chou,Pop,mandopop,Happy;Motivated,commute;party;driving,101.18,0.729,0.701,0.682,0.0212,0.00768,0.0469,0.0861,-5.964,207933,47
35u84kz5FgFryD5XFfDXAE,Absurd,Fluke,EDM,breakbeat,Energetic,workout;studying,125.047,0.543,0.959,0.42,0.00119,0.464,0.0486,0.606,-8.665,348826,11
2O0vM6F7VMXf66Y5qUuWyE,I Wanna Dance With Somebody (Who Loves Me) - Summer Edit,Nora Van Elken,EDM,deep-house,Energetic;Dark,workout;driving,118.022,0.746,0.802,0.385,0.396,0.0814,0.0511,0.104,-6.248,150461,56
5vTPb1fK530dZ830s5whU8,Tá Complicado (Versão Grave),Os Barões Da Pisadinha,Latin,forro,Happy;Energetic;Motivated,workout;party;driving,171.966,0.71,0.778,0.73,0.0269,5.05e-06,0.0383,0.167,-8.346,154888,40
1qW5H7li77nVfoAoXW0rGj,薄情歌,C AllStar,Pop,cantopop,Romantic;Chill,commute;cooking;driving,127.998,0.64,0.583,0.499,0.305,0.0,0.0288,0.211,-7.404,229555,48
0lUSd7TCG8srh6HpIAEIWL,Power,Little Mix,EDM,dance,Energetic;Motivated,workout,172.966,0.566,0.855,0.517,0.0372,0.000157,0.211,0.181,-4.016,247840,78
7Gn4vU9RUHYV5aA1gMJSPV,Pran,Ritviz,EDM,edm,Chill,commute;cooking,90.916,0.619,0.484,0.61,0.116,0.000121,0.0572,0.19,-8.715,221538,48
6ddyizbXKAF46BDLahptk6,櫻花草,Sweety,Pop,mandopop,Dark;Chill;Nostalgic,commute;driving,148.118,0.541,0.583,0.39,0.733,0.000329,0.0329,0.0841,-4.913,283826,54
4saeFbTlCs7QBSNMXzt4D7,"柯德莉,關於風景",my little airport,Pop,cantopop,Calm;Romantic;Nostalgic,commute,124.644,0.716,0.329,0.434,0.402,0.00185,0.037,0.086,-12.584,98495,35
5R2ZDKN9EOQxg2ApKCfTYh,Vapor Barato (feat. Zeca Baleiro),Gal Costa;Zeca Baleiro,Latin,mpb,Sad;Chill,studying;commute,123.647,0.537,0.403,0.237,0.533,0.0,0.0356,0.966,-10.054,411733,40
333cChDcha5XQ931pu1LU6,Heartbreaker,Celtic Thunder;Ryan Kelly,Classical,opera,Romantic;Chill,studying;commute;cooking,118.945,0.682,0.402,0.697,0.566,0.0,0.0337,0.264,-9.709,209000,20
57wRFUIAiZfURSiep1assa,Apophis,Shemhamforash,Rock,black-metal,Energetic;Dark,workout;studying,120.087,0.265,0.983,0.106,5.64e-06,0.765,0.139,0.04,-7.109,428000,47
6sfZlpjzDuRtgHAGx8WlOT,Il Libro Dell'amore (The Book of Love),The Ten Tenors,Classical,opera,Sad;Calm,studying;sleep,95.968,0.509,0.123,0.289,0.891,1.06e-06,0.0302,0.111,-13.829,220440,20
694i3FSDRTbgaVpzFJNQBv,I Can Never Get Enough,Drumsound & Bassline Smith,EDM,drum-and-bass,Energetic;Dark,workout,87.006,0.624,0.938,0.129,0.00194,0.201,0.06,0.0916,-1.026,253793,16
2v2W6dosK9M4BQ5pkmoUey,慕容雪,Fiona Sit,Pop,cantopop,Calm;Chill;Nostalgic,studying;commute,118.634,0.471,0.355,0.361,0.806,0.0,0.0354,0.116,-8.781,240453,37
0dh1X0wdxSZoaFdDddVhPF,Dónde Estarás,J Balvin,Latin,latin,Happy;Energetic;Motivated,party;driving,90.004,0.828,0.763,0.861,0.0741,0.0103,0.095,0.0882,-7.613,191973,0
5zjFsuLrTM5sp6coribhCa,Taal Se Taal - Western Version,Sukhwinder Singh,Hip-Hop,hip-hop,Dark,commute;party;driving,94.968,0.771,0.72,0.492,0.203,0.0011,0.0867,0.335,-11.742,154200,62
7BJJeYemxKUPKICj8xcQfo,"Christmas Medley: Jingle Bells Rock / Let It Snow, Let It Snow, Let It Snow / It's The Most Wonderful Time Of The Year",Il Volo,Classical,opera,Romantic;Chill;Nostalgic,commute;cooking;driving,130.144,0.427,0.587,0.579,0.642,0.0,0.033,0.315,-5.527,219160,0
1Xne8wpYQ1h0GUuUGVEc52,Nelore valente,João Paulo & Daniel,Latin,sertanejo,Calm;Nostalgic,studying;sleep,199.149,0.489,0.256,0.425,0.792,0.0,0.174,0.0495,-10.147,250706,46
4RNLZEWEekwQuttSPONJHB,Breathe Hardstyle,Sephyx;Syren,EDM,hardstyle,Energetic;Dark,workout;driving,149.93,0.47,0.805,0.135,0.168,3.9e-06,0.0337,0.156,-4.677,201000,21
7mQjVfocpzkKd3PN1TtwKR,Nenjangootil Neeye,Vijay Antony;Jayadev;Rajalakshmi,Pop,k-pop,Happy;Motivated,workout;commute;driving,180.037,0.672,0.711,0.791,0.198,0.0,0.206,0.102,-8.798,275626,49
7ahmCErPWAT4D1LDdqByBF,Reis dos Reis,MC Paulin da Capital,R&B,funk,Dark,commute;driving,99.817,0.78,0.693,0.303,0.0998,0.0,0.265,0.102,-2.241,216000,44
4QS8TlClFxlaGvS8cUFykW,Desagradecida,Alfredo De Angelis;Juan Carlos Godoy,Latin,tango,Happy;Chill,commute;cooking;driving,97.979,0.551,0.524,0.96,0.761,7.31e-05,0.0465,0.151,-7.759,130840,16
1CqOEa4NIRBaWR6sNHTDTo,Как тебя покорить,Перемотка,Rock,punk,Happy;Energetic;Motivated,workout,91.025,0.514,0.966,0.802,0.00677,0.0422,0.0502,0.382,-4.854,218764,54
1FDthLE4j0WhCPHSOZRnuM,發誓,Vivian Lai,Pop,cantopop,Happy,commute;cooking;driving,106.903,0.569,0.67,0.515,0.189,1.2e-06,0.0307,0.17,-8.558,240600,22
6hExOufDzTbiwGosc3kIGW,"Mrs Darcy - From ""Pride & Prejudice"" Soundtrack",Dario Marianelli;English Chamber Orchestra;Benjamin Wallfisch,Chill,ambient,Sad;Calm,studying;sleep,137.764,0.214,0.0733,0.039,0.944,0.885,0.0408,0.0691,-21.302,223653,53
2Msg6jQVczsxdK5z7JS3S8,Decreto de Deus,Amanda Ferrari,R&B,gospel,Happy,commute;cooking;driving,143.865,0.578,0.696,0.602,0.394,0.0,0.0277,0.247,-5.053,273066,37
3laJfM0e86kZrZYO0ZrZYJ,Coração Aberto (Do Nosso Jeito 2) - Ao Vivo,João Pedro e Cristiano,Latin,sertanejo,Happy,commute;cooking;driving,91.818,0.44,0.666,0.69,0.303,0.0,0.0506,0.381,-5.975,279424,52
0r9bSJ71Rzr7YJuEUjaP3C,"12 Variations on a Minuet by J.C. Fischer in C, K.179: 11. Variation X",Wolfgang Amadeus Mozart;Danielle Laval,Classical,classical,Calm,studying;sleep,140.763,0.404,0.223,0.976,0.995,0.91,0.0433,0.127,-18.477,68916,8
0pPMSxTHDxROblb7yID8Ar,Иса,Andro,Hip-Hop,hip-hop,Romantic,commute;cooking,85.018,0.617,0.649,0.487,0.422,1.3e-06,0.0428,0.244,-3.796,159529,61
0rFninROHX6IYqVSp3LPpU,Cargamento Colombiano,Alberto Barros,Latin,salsa,Happy;Energetic;Motivated,party;driving,100.058,0.765,0.785,0.85,0.104,0.0,0.0363,0.0355,-5.986,256920,26
2K2NeVnP853rkR5ese8ZLP,The Attack of the Dead Men,Sabaton,Rock,metal,Energetic;Dark,workout,115.998,0.522,0.975,0.242,0.00649,3.62e-05,0.0917,0.189,-5.895,235720,64
5oRF3J9rBRWCNMTi0odITe,Voidwalker,iamjakehill,Rock,emo,Happy;Energetic;Motivated,workout;party,149.961,0.731,0.939,0.749,0.249,0.0,0.0623,0.231,-3.581,148500,58
4bSsLYbyCEisguAfwVlph7,Corale,Ludovico Einaudi,Chill,ambient,Sad;Calm,studying;sleep,83.87,0.201,0.0332,0.0315,0.863,0.986,0.0516,0.11,-29.063,125400,52
5Bbfzqvb818wOUH5skkCr9,Skynet,The Acacia Strain,Rock,death-metal,Energetic;Dark,workout,179.982,0.194,0.94,0.0996,0.00245,0.0055,0.168,0.18,-5.111,262200,28
3oA3YVgCx1ppl4WL5abCiB,Wir schreiben Geschichte - Bonus Track,Böhse Onkelz,Rock,hard-rock,Happy,commute;cooking;driving,132.019,0.594,0.676,0.703,0.00137,3.21e-05,0.0557,0.0743,-12.519,241893,34
5K88CzTP6pJIb0tni9oQiG,Silenced - Argy Remix,CamelPhat;Jem Cooke;Argy,EDM,deep-house,Dark,workout;studying;commute;party;driving,124.988,0.749,0.711,0.48,0.0279,0.71,0.0584,0.0979,-11.171,329400,44
4PPwkLq2ld1k09Bl5NkyZB,Uncle Remus,Frank Zappa,Rock,psych-rock,Happy,commute;cooking,78.591,0.484,0.66,0.742,0.034,0.0812,0.0358,0.0893,-11.163,169600,58
1ycNgydCKB8WJfRRuro8Jc,"Suite in E Minor, RCT 2: V. Le rappel des oiseaux (Live in Japan, 2022)",Jean-Philippe Rameau;Pavel Nersessian,Classical,classical,Calm;Nostalgic,studying;sleep,80.306,0.307,0.0532,0.514,0.995,0.898,0.0403,0.11,-31.453,174600,0
4sbR19WEgjJUfRsU1z2DY2,Suco de Fruta,Mikezin;Greezy,R&B,funk,Happy;Motivated,workout;commute;party;driving,123.038,0.852,0.745,0.779,0.772,1.73e-05,0.221,0.116,-6.821,140487,43
42lpuSQmnLUM1ZXJVzIVOi,KESI,Camilo,Latin,reggaeton,Happy;Energetic;Motivated,workout;party;driving,122.905,0.889,0.756,0.918,0.132,0.0,0.056,0.0996,-4.23,177255,70
5BVwZQXdzWvit2FqwJ0RNz,Don't Forget,Phlocalyst;Mr. Käfer,Jazz,jazz,Sad;Calm;Nostalgic,studying;sleep,170.028,0.65,0.252,0.332,0.522,0.879,0.046,0.106,-10.939,148000,56
0ht7BrhjJHyxIc88BFO42I,Eres Imposible De Olvidar,Banda Cuisillos,R&B,r-n-b,Romantic;Chill;Nostalgic,commute;cooking,72.59,0.508,0.573,0.409,0.784,2.4e-05,0.0565,0.0854,-8.229,214935,47
29SjtKzBoJDgyIBusHylIS,War of Hormone,BTS,Pop,k-pop,Energetic,workout,98.004,0.612,0.993,0.488,0.116,0.0,0.24,0.307,-1.895,265602,65
1gCP90gwbynaN4zaaMQU7L,Knocks Me Off My Feet,Stevie Wonder,R&B,funk,Chill,commute,181.038,0.496,0.488,0.396,0.295,7.36e-06,0.0305,0.132,-14.195,216426,0
5ZqNz8GXWpkb95f7aVxTA0,It Ends Tonight,The All-American Rejects,Rock,punk-rock,Dark,commute,87.888,0.454,0.631,0.313,0.00233,0.0,0.0268,0.177,-4.733,244826,58
0PkBTqRtN25z3oKasWoKlj,Only the Lonely,Roy Orbison,Rock,rock-n-roll,Happy;Chill,commute;cooking;driving,123.273,0.57,0.529,0.934,0.377,0.00509,0.028,0.203,-10.769,145533,61
4xkOaSrkexMciUUogZKVTS,Till I Collapse,Eminem;Nate Dogg,Hip-Hop,hip-hop,Energetic;Dark,workout;driving,171.447,0.548,0.847,0.1,0.0622,0.0,0.186,0.0816,-3.237,297786,86
16fZFSlV2VIDcY77mVtUMI,Do While ⌘X,Oval,EDM,idm,Calm;Nostalgic,studying;sleep,77.476,0.308,0.251,0.39,0.947,0.924,0.0599,0.0707,-21.984,290893,37
1ChHVkojBYJvDT4k3lnQx5,Águas Profundas - Ao Vivo,David Quinlan,R&B,gospel,Energetic;Motivated,workout,163.91,0.289,0.921,0.549,0.00162,6.71e-06,0.0916,0.782,-6.119,421253,40
2RInAfucpwkL7daWgkkDak,Dark & Stormy,Rameses B,EDM,dubstep,Dark,workout;commute;driving,128.033,0.825,0.724,0.373,0.6,0.229,0.143,0.6,-6.923,182000,40
1JeOqZp8qVJQbrRzLoAB8c,Meu Anjo Azul,Forró Anjo Azul,Latin,forro,Energetic;Motivated,workout,172.13,0.332,0.863,0.603,0.407,0.0,0.0985,0.705,-4.324,220720,41
2BEcap3xJtmiPaHKyfQi4e,Nostálgico,Rvssian;Rauw Alejandro;Chris Brown,Latin,latin,Energetic;Motivated,party;driving,98.026,0.734,0.846,0.604,0.166,1.74e-06,0.0489,0.235,-3.425,209883,80
5Ccruqi9mqAiFjMMnAmZI9,Onde Você Está? - Ao vivo,Bruno & Marrone,Latin,sertanejo,Motivated,workout;commute;driving,146.911,0.654,0.718,0.548,0.629,0.0,0.0432,0.767,-7.353,160760,45
2K22nUTdyr48JDwI5t906t,Relax,Frankie Goes To Hollywood,Pop,synth-pop,Happy,commute;cooking;driving,114.93,0.676,0.695,0.691,0.326,1.09e-05,0.0392,0.0462,-13.395,236800,72
7evgoLXIXUpN7cMNuINIvX,Tu Astis Tar,Sanjeev Abhyankar,Classical,classical,Calm;Nostalgic,studying;sleep,75.02,0.598,0.187,0.519,0.503,0.0,0.0346,0.231,-15.965,113946,32
0Gyi3V39qLWRkleVrDQHXw,Sollozo de bandoneon,Ricardo Tanturi;Enrique Campos,Latin,tango,Calm;Romantic;Chill;Nostalgic,studying;commute,123.391,0.617,0.352,0.602,0.926,0.00455,0.0463,0.187,-8.643,157880,18
34gMU2izFmC3QtxKgoE3v2,有什麼不敢面對,Della,Pop,mandopop,Sad;Calm;Chill;Nostalgic,studying,127.919,0.552,0.307,0.303,0.845,0.0,0.0332,0.128,-11.794,229588,21
37RDfrKKxwSM4Pgw5MVaxj,"Il Trovatore / Act 3: ""Di quella pira""",Giuseppe Verdi;Luciano Pavarotti;Wiener Opernorchester;Nicola Rescigno,Classical,opera,Sad;Chill,studying;commute,81.969,0.369,0.4,0.197,0.96,0.00825,0.114,0.0806,-9.135,133160,21
6IeYKdrh2KqmVW8w6ZvFZj,The Mermaid,Yanni,Chill,new-age,Sad;Calm,sleep,86.906,0.535,0.256,0.118,0.462,0.0347,0.0318,0.364,-13.477,229266,35
0PhU6i6Kei6x0CH3jocvA3,Freedom,Wham!,Pop,synth-pop,Happy,commute;cooking;driving,132.538,0.591,0.651,0.824,0.42,1.94e-06,0.0424,0.129,-12.882,302200,60
3kQ2qNhXuFyqcmpn7Hibyc,Doppler,Kenny Larkin,EDM,detroit-techno,Dark,workout;commute;party;driving,138.024,0.803,0.733,0.498,0.000537,0.00336,0.236,0.0638,-11.102,187066,6
3pDbuPcDZZQ1QOoAQLkjiI,Any Dream Will Do,Michael Crawford,Classical,opera,Sad;Calm;Chill,studying;commute,117.974,0.528,0.355,0.222,0.685,0.0017,0.034,0.091,-13.865,218906,22
1uWxXVpl4ZXFT7d6CH7LBS,I'll Never Not Love You,Michael Bublé,Pop,j-pop,Energetic;Motivated,workout;driving,144.363,0.492,0.791,0.585,0.00816,1.87e-05,0.0703,0.11,-5.045,218390,0
1gPl1vIBXFwInMXHJ5Ug7Y,A Ele,Oficina G3,R&B,gospel,Energetic;Dark,workout;driving,173.385,0.159,0.79,0.149,0.173,0.0,0.0593,0.0986,-4.829,280589,40
1U1NkDoPpCSEX1T6ZMWX04,Scarborough Fair,Celtic Woman,Classical,opera,Sad;Calm,studying;sleep,123.097,0.247,0.233,0.102,0.914,2.49e-05,0.0366,0.379,-13.611,192973,52
39RxqHzUYnpuv7AZppxTUW,Water Ballet,Peter Kater,Chill,new-age,Sad;Calm,studying;sleep,69.715,0.0879,0.157,0.0386,0.968,0.928,0.0439,0.107,-14.818,400640,20
7dRRZcjDdwO1LPzn3otNJF,Peaceful Childhood,Bernward Koch,Chill,new-age,Sad;Calm,studying;sleep,72.31,0.145,0.132,0.0958,0.967,0.946,0.0367,0.145,-14.184,241146,22
1oFbI9r8532T5rhDPTYe52,『果てのない道』,19,Pop,j-pop,Happy;Energetic;Motivated,workout;driving,120.089,0.639,0.796,0.857,0.038,0.107,0.0284,0.287,-5.91,247935,39
3fNPcoOk6SerKlfzcSligz,The Book Is On The Table,Claude VonStroke;Bruno Furlan,EDM,minimal-techno,Calm,commute;cooking,124.018,0.878,0.465,0.894,0.0109,0.376,0.0568,0.222,-7.485,210557,19
4tHCCgJnppCGZrMLysd6nO,Virtue,Delete,EDM,hardstyle,Energetic;Dark,workout,155.038,0.523,0.975,0.185,0.0439,0.0101,0.447,0.103,-3.385,182008,22
4ImYwDlqjqxCRxnRe66rBa,Gone Too Soon,Daughtry,Rock,grunge,Dark;Chill,commute;driving,95.967,0.515,0.593,0.265,0.178,1.63e-05,0.0253,0.155,-6.885,216120,51
2NPWthQC6HGkCUPXEk3bFN,Vai Que Cola / Faz Falta / Me Diz (Por Favor) (feat. Vitinho) - Ao Vivo,Di Propósito;Gamadinho;Vitinho,Latin,pagode,Happy,commute;cooking;driving,159.974,0.379,0.693,0.746,0.855,0.0,0.0999,0.347,-7.052,300845,53
7GBQOLaOLRDQNdHcIWRnL5,Forró do Xenhenhem,Alcione,Latin,samba,Happy;Energetic;Motivated,workout,105.727,0.533,0.887,0.964,0.138,0.0,0.0672,0.208,-6.554,185173,39
2PxZSFOv7RebkeSEwQTjr7,Tera Mera Rishta,Mustafa Zahid,Hip-Hop,hip-hop,Energetic;Motivated,workout,102.02,0.575,0.895,0.648,0.0521,0.00142,0.0541,0.104,-3.417,347040,60
2WnrNA0YgU06xhMcvjlaxD,"The London Sketchbook, K. 15a-ss - Divertimento in G minor: 2. (Andante), K.15q",Wolfgang Amadeus Mozart;Thomas Trotter,Classical,classical,Sad;Calm,studying;sleep,55.783,0.233,0.0283,0.195,0.989,0.452,0.0325,0.178,-36.023,94333,6
1wU4jdw3NOFDTmFhcVSsoc,Pobre Flor,Alfredo De Angelis;Carlos Dante;Julio Martel;Orquesta de Alfredo De Angelis,Latin,tango,Chill,studying;commute;cooking,110.78,0.686,0.437,0.895,0.909,0.262,0.0475,0.0733,-10.764,165373,23
5OMBzeUf0tBfjzoCskU75d,Esconderijo do Altíssimo,Cassiane,R&B,gospel,Dark,commute;cooking;driving,146.005,0.461,0.645,0.427,0.227,0.0,0.0583,0.133,-6.717,289552,39
14coUnNtseR1i4qRQMtuoP,劃火柴,Daniel Chan,Pop,cantopop,Romantic;Chill;Nostalgic,commute;cooking;driving,136.023,0.545,0.53,0.426,0.464,0.0,0.0264,0.311,-8.063,214533,52
12cG3BUpk6PzLAzWK0mryO,By the Way,Red Hot Chili Peppers,Rock,alt-rock,Energetic;Dark,workout,123.974,0.441,0.986,0.184,0.038,0.000781,0.116,0.0998,-2.466,215666,2
2TnfIvH4ywjwcJiS049sdh,No Days Off,Julianno Sosa,Latin,latino,Dark,commute;driving,106.054,0.835,0.681,0.195,0.139,1.31e-06,0.0727,0.392,-7.07,124528,42
01Bjn3lj74LedUImE5ceFe,天地ガエシ,NICO Touches the Walls,Rock,j-rock,Happy;Energetic;Motivated,workout,120.057,0.307,0.949,0.682,0.00327,0.0,0.0708,0.0846,-3.212,286626,44
3YtFuw7b4fUo9CtETeKPHR,"4 Impromptus, Op. 90, D.899: No. 3 in G Flat Major: Andante",Franz Schubert;Radu Lupu,Classical,classical,Sad;Calm,studying;sleep,67.109,0.167,0.0138,0.0483,0.99,0.887,0.0355,0.1,-26.922,392400,0
0TsaZiBZQrnRv7evhnSNd5,Pirata,Joan Sebastian,R&B,r-n-b,Romantic;Nostalgic,studying;commute;cooking,97.3,0.765,0.428,0.638,0.709,3.46e-05,0.0273,0.0949,-8.008,188917,45
3Tjw0X8g3QGOTiDsCIeWQs,越難越愛你,湯寶如,Pop,cantopop,Sad;Chill,commute,86.342,0.367,0.414,0.183,0.34,0.0,0.0266,0.105,-9.661,274213,19
0RXVCKWWaIyN3DOsRyYbKL,La Última Curda,Roberto Goyeneche,Latin,tango,Calm;Chill;Nostalgic,studying,50.96,0.486,0.331,0.392,0.863,0.0,0.125,0.922,-10.295,198235,29
42SZBL6gysJeLdrj8rWVyk,Se Eu Te Botar Faz Barulho?,Mc Gw;DJ Biel Beats;Mc Topre,R&B,funk,Happy;Energetic;Motivated,workout;party;driving,131.977,0.787,0.804,0.728,0.0364,0.0553,0.102,0.646,-3.007,168504,42
5926YKOhfQkJur0VxjeZBf,Ragtopskodacarchase,Bentley Rhythm Ace,EDM,breakbeat,Energetic;Dark,workout;studying;driving,171.988,0.633,0.785,0.316,0.0476,0.917,0.179,0.376,-13.996,501973,10
2Lpy3EwCxTCDnpSoraugYc,Half The Perfect World,Madeleine Peyroux,Jazz,jazz,Calm;Nostalgic,studying;sleep,109.163,0.611,0.222,0.355,0.954,0.184,0.0287,0.119,-14.259,261453,36
54X78diSLoUDI3joC2bjMz,Purple Rain,Prince,R&B,funk,Sad;Chill,commute,113.066,0.367,0.452,0.189,0.0353,0.00228,0.0307,0.689,-10.422,520786,75
7kEQvD0bqdiDh28wvQ33ZH,A Burden,Portrayal of Guilt,Rock,black-metal,Energetic;Dark,workout,91.042,0.227,0.991,0.117,2.3e-05,0.00458,0.154,0.058,-4.537,109293,17
4OUAXw3SXI7bUiNtKC7ErW,Voodoo (with J Balvin & Tainy),Badshah;J Balvin;Tainy,Hip-Hop,hip-hop,Energetic;Motivated,party;driving,99.999,0.797,0.782,0.503,0.00335,0.0,0.0504,0.138,-4.658,198130,68
75u8RkM5CGoMn5E3vJOdPt,In A Sentimental Mood,Duke Ellington;John Coltrane,Classical,classical,Sad;Calm,studying;sleep,99.058,0.445,0.278,0.262,0.914,0.00577,0.0313,0.101,-11.882,256293,0
2MViucn04mANEpbKRh5p4D,Ponle Que Sí,Banda Los Recoditos,R&B,r-n-b,Chill,commute;cooking,144.36,0.562,0.42,0.687,0.234,0.0,0.0406,0.0415,-5.697,247920,41
2wqiV4aIMOosmQMqnLxXbA,Invoke the Machine,Avantasia,Classical,opera,Energetic;Dark,workout,109.992,0.543,0.983,0.27,0.00124,0.00149,0.066,0.332,-4.27,332893,25
7McExzjmhDI5NQ6l4D9XR9,Remove The Complexities,Peter Sandberg,Chill,ambient,Sad;Calm,studying;sleep,167.941,0.235,0.116,0.109,0.988,0.951,0.0328,0.122,-21.701,135668,54
2fSf8FUeOWVxKiIWbr1qPR,Vai Que Bebereis - Ao Vivo,Henrique & Juliano,Latin,sertanejo,Happy;Motivated,workout;commute;party;driving,121.965,0.744,0.706,0.79,0.638,0.0,0.054,0.437,-4.54,160553,55
6f706m5UoJcFhVjaumGKeg,Evil Boy,Stiv Bators,Pop,power-pop,Energetic;Dark,workout,148.944,0.364,0.977,0.385,0.313,0.0,0.0908,0.413,-7.351,197373,22
4QtiVmuA88tPQiCOHZuQ5b,"1, 2, 3 (feat. Jason Derulo & De La Ghetto)",Sofía Reyes;Jason Derulo;De La Ghetto,EDM,dance,Happy;Energetic;Motivated,party,94.968,0.792,0.895,0.794,0.165,0.0,0.0589,0.0501,-3.112,201526,79
5LPy7NtfFifsoc41Updffv,"The Nutcracker (Suite), Op. 71a, TH. 35: IIb. Dance of the Sugar-Plum Fairy",Pyotr Ilyich Tchaikovsky;Berliner Philharmoniker;Mstislav Rostropovich,Classical,classical,Sad;Calm,studying;sleep,102.532,0.277,0.0113,0.0725,0.769,0.00268,0.0285,0.321,-38.384,126000,0
3d750iimandgf8fW3Xl6Lj,El Adios,Sexteto Cristal;Guillermo Rozenthuler,Latin,tango,Calm,studying;commute,119.686,0.707,0.357,0.802,0.741,0.0738,0.046,0.223,-7.582,196284,19
0U5Zq7fyxNUdTG731F4Vzw,Stay The Night,Zedd;Hayley Williams,EDM,edm,Dark,workout;commute;driving,127.954,0.595,0.738,0.461,0.107,0.0,0.041,0.0947,-3.109,217346,0
4v3JQA0eIHqDSMQHa4JMn0,Tango de Ayer,Adriana Varela,Latin,tango,Calm;Nostalgic,studying;sleep,120.7,0.586,0.264,0.552,0.738,0.0,0.0727,0.171,-12.504,145879,16
22NJuIC2JVHSOmT6c6IKaO,That's How It Is - Skit,Coolio;L.V.,R&B,funk,Dark;Chill;Nostalgic,commute;driving,173.202,0.51,0.539,0.375,0.466,0.0,0.891,0.379,-14.628,60306,52
207BAOr3SwEm2f2fGWda0w,春空,鈴木鈴木,Pop,j-pop,Romantic;Chill;Nostalgic,commute;cooking,79.974,0.539,0.57,0.459,0.628,0.0,0.0453,0.339,-4.876,254297,1
1Fu9o08qEKVEwzU8siVcig,Situations,Escape the Fate,Rock,metalcore,Energetic;Motivated,workout,101.038,0.503,0.881,0.597,0.0261,0.0,0.0827,0.482,-4.502,187880,64
4EYc4UZ4GeuGzpUmTapq6L,WORKIN ME,Quavo,Hip-Hop,hip-hop,Dark,commute;driving,170.023,0.79,0.628,0.267,0.182,7.06e-06,0.142,0.338,-4.055,169620,4
7B5kvvWZQ4kVEPIaluqa4A,La Historia de Mi Amor,Alberto Vazquez,Rock,rock-n-roll,Romantic;Chill;Nostalgic,commute;cooking,126.862,0.608,0.45,0.628,0.846,0.0,0.034,0.207,-8.091,159105,38
2LFLDDLXl5F6V153KitZmJ,Boys Don't Cry,The Baseballs,Rock,rockabilly,Happy;Energetic;Motivated,workout,95.878,0.497,0.906,0.821,0.233,0.0,0.0558,0.245,-5.033,147573,23
127uq83uGFapbddqiMUKky,Sexy Bitch (feat. Akon),David Guetta;Akon,EDM,edm,Happy,commute;party;cooking;driving,130.011,0.813,0.627,0.801,0.0771,0.000616,0.0486,0.131,-5.018,195853,77
2H5SdQSo1oSQGegGESJzFa,Ojos Negros - Instrumental,Osvaldo Pugliese,Latin,tango,Sad;Calm,studying;sleep,110.978,0.482,0.293,0.275,0.79,0.71,0.0379,0.19,-13.456,182853,16
6eF87LNT8JEB1WL7QBSRPN,Dedicated To You,John Coltrane;Johnny Hartman,Jazz,jazz,Sad;Calm,studying;sleep,61.64,0.435,0.0533,0.139,0.96,0.000227,0.0324,0.121,-17.549,332120,0
63dJQPB7IWzpLCadgdhvCs,Sonho Meu - Ao Vivo,Maria Bethânia;Zeca Pagodinho,Latin,mpb,Happy;Motivated,commute,81.031,0.598,0.702,0.838,0.796,0.000125,0.0483,0.913,-8.074,251266,39
4vEVZTyJ1MfSvXXU59ncY6,Prolong,HXE,EDM,electronic,Calm,commute,160.043,0.788,0.375,0.35,0.02,0.00459,0.424,0.161,-9.933,129000,41
4PhChVDR9RxlUgeobhNsko,麥記最後一夜 - Live,my little airport,Pop,cantopop,Sad;Calm;Chill,studying,136.118,0.429,0.314,0.278,0.766,0.000177,0.045,0.704,-14.744,220733,32
47mlmMUesrgqCzSdTz6DXF,Sagiyae,Stephen Zechariah,Hip-Hop,hip-hop,Dark;Chill,commute,80.03,0.496,0.549,0.372,0.128,0.00226,0.0286,0.237,-8.067,184500,58
7Ki0hse0IfXEcXUlpyECbJ,Blue & Grey,BTS,Pop,k-pop,Dark,commute;driving,121.953,0.547,0.605,0.364,0.42,0.0,0.0415,0.125,-6.755,254950,71
4piMfKVoPcY06x4hTLf9Pl,Dil Ki Tapish,Rahul Deshpande,Classical,classical,Dark,commute;cooking;driving,116.122,0.576,0.671,0.474,0.537,0.0,0.0623,0.158,-7.691,157238,38
2OBrDXJa7Y0XLGyuMvETE9,Vitorioso És - ao vivo,Gabi Sampaio,R&B,gospel,Dark,commute;driving,139.904,0.465,0.624,0.127,0.0525,3.62e-05,0.031,0.0945,-7.679,366857,38
3GfA5ZTg6rXQneHQnmzYZw,車匙,Jason Chan,Pop,cantopop,Dark,commute;driving,136.053,0.505,0.691,0.322,0.347,0.0,0.028,0.166,-6.055,204040,26
1f7rOxHBGgpRZFvWptFZCz,Yira-Yira,Carlos Gardel,Latin,tango,Calm;Nostalgic,studying;sleep,122.587,0.712,0.155,0.478,0.994,0.63,0.115,0.116,-16.215,166533,16
4ofmSKnAYj295dE0klRGQx,浪漫手機,Jay Chou,Pop,mandopop,Dark;Chill;Nostalgic,commute;driving,170.025,0.565,0.504,0.378,0.656,0.000189,0.0325,0.117,-8.324,238400,50
7hgxdDJAyaQKsGl9ZquRsh,RAP DEVIL,Machine Gun Kelly,Hip-Hop,hip-hop,Happy;Energetic;Motivated,workout;party;driving,149.952,0.895,0.839,0.754,0.217,2.89e-06,0.227,0.239,-4.51,286117,0
7iOSeHfKU2EhSKcX7TbjKG,Blind and Frozen,Beast In Black,Rock,heavy-metal,Energetic,workout,146.007,0.491,0.95,0.497,3.24e-05,1.75e-05,0.059,0.0698,-6.719,304596,61
7p51Rj1pKhCkCDHcXAIfdI,"Ouch, My Childhood",The Hextalls,Pop,power-pop,Energetic;Motivated,workout,99.984,0.526,0.947,0.576,0.00139,1.15e-05,0.0946,0.253,-3.19,154362,22
60trJsQeg9AddBAfTLXOu6,Tape Loop - Ronan Remix,Ituana;Ronan,Jazz,jazz,Dark,commute;driving,93.001,0.745,0.561,0.302,0.289,0.172,0.0457,0.1,-11.107,169032,0
10QrvNgjOFsOhlbJJ1xoD8,"Miroirs, M. 43: V. La vallée des cloches",Maurice Ravel;Yukie Nagai,Classical,classical,Sad;Calm,studying;sleep,50.681,0.263,0.000756,0.0394,0.995,0.935,0.0543,0.0936,-36.964,496506,0
40eCxw6ykNjcc0Pr6SV4Q7,Mannequin on the Run,Datassette,EDM,idm,Happy;Energetic;Motivated,workout;studying;party,121.975,0.753,0.864,0.781,0.000466,0.947,0.0475,0.171,-9.087,281281,16
4tHgXBPGdMRjXDSSpzrgEx,Dias de Elias,Lauriete,R&B,gospel,Happy;Energetic;Motivated,driving,99.147,0.468,0.839,0.659,0.487,0.0,0.0757,0.104,-4.442,484093,38
0gnXIwujywQuC49rsA3db2,今天沒大麻在身,my little airport,Pop,cantopop,Happy,commute;cooking;driving,192.968,0.501,0.655,0.942,0.293,0.101,0.0936,0.107,-8.164,145045,37
5Q943XYZo0Xvq4qUQebmWC,Ojo De La Tormenta - Remasterizado 2007,Soda Stereo,Rock,punk-rock,Energetic;Motivated,driving,95.009,0.539,0.833,0.522,0.000419,0.307,0.0262,0.319,-6.527,273160,41
5dAr3xOmteIHgN9zAcFFyi,Pra Onde Irei,Isaias Saad,R&B,gospel,Sad;Chill,commute,139.803,0.427,0.4,0.12,0.0994,0.000255,0.0278,0.0708,-8.363,405133,40
0Ju5QCysk4TZ3PNsv0LePj,Ave Verum Corpus (Theme From Brideshead Revisited),All Angels,Classical,opera,Sad;Calm,studying;sleep,95.298,0.347,0.273,0.0855,0.893,0.000406,0.0312,0.0654,-8.691,211000,22
0k2Vn0AZSYmTm08EIQJjCT,Nobleza de Arrabal,Carlos Di Sarli,Latin,tango,Calm;Nostalgic,studying;sleep,136.46,0.746,0.253,0.537,0.982,0.851,0.19,0.0648,-10.689,134506,16
3m1Vgii1dPwavyxkbRe2fE,Mi Alma Espanol,B-Tribe,Chill,new-age,Sad;Chill,studying;commute,93.006,0.608,0.4,0.166,0.489,0.902,0.0252,0.111,-13.312,252133,46
2Z3mCkdgvmcOeyj2rwVEB2,"Le Carnaval des Animaux, R.125: 3. Hémiones (Animaux véloces)",Camille Saint-Saëns;Pascal Rogé;Cristina Ortiz;London Sinfonietta;Charles Dutoit,Classical,classical,Sad;Calm,studying;sleep,88.565,0.321,0.26,0.275,0.977,0.938,0.0422,0.148,-22.783,31106,0
5ZpoxUzB2ARcXGMmGJRvKi,INSANE,Kronos,EDM,hardstyle,Energetic;Dark,workout,155.094,0.469,0.984,0.237,0.00672,0.000836,0.255,0.337,-2.954,225338,0
2Vwh924vV4voSKHDt6cL3m,Ne Vupiri Ne Sonthama,Ramakrishnan Murthy,Classical,classical,Sad;Calm;Chill,studying,82.955,0.498,0.319,0.211,0.672,0.000106,0.0262,0.0952,-9.576,263700,34
2qPNdVlqZl1cYqsNc3MXnA,Sher Aaya Sher,DIVINE;Major C,Hip-Hop,hip-hop,Happy,commute;party;cooking;driving,104.005,0.832,0.657,0.756,0.0433,2.93e-05,0.209,0.0752,-7.755,134351,58
0DMgXXS27oK9z8clKWU0Ok,Time After Time - Live At Abbey Road Studios,Sam Smith,EDM,dance,Sad;Chill,commute,129.661,0.595,0.459,0.272,0.571,0.000165,0.0461,0.101,-9.413,232128,1
602KNSLGxYdhkA16NCr3Vz,Estrela da Paz,Coral Vozes Guerreiras,Latin,pagode,Happy;Energetic;Motivated,workout;party,116.744,0.747,0.934,0.961,0.612,0.0,0.109,0.0924,-4.473,136626,42
35VfLKymw2iZKWnLTvm8Xv,Alien Observer,Grouper,Chill,ambient,Sad;Calm,studying;sleep,76.03,0.219,0.0825,0.168,0.994,0.602,0.0421,0.278,-22.604,236480,53
4NmrKzS26IiOpPyPZ1EHqv,"Popoli di Tessaglia... Io non chiedo, eterni dei, K. 316",Wolfgang Amadeus Mozart;Raphael Pichon;Sabine Devieilhe;Ensemble Pygmalion,Classical,classical,Sad;Calm,studying;sleep,91.048,0.302,0.147,0.0578,0.964,0.00314,0.0492,0.0677,-15.791,610320,13
5KNh5YQgfduzV4028Cfh3J,黑夜問白天,JJ Lin,Pop,mandopop,Sad;Dark;Chill,commute;driving,134.553,0.452,0.54,0.194,0.402,0.0,0.0351,0.106,-7.004,292146,53
3WDIhWoRWVcaHdRwMEHkkS,Mama (feat. Ellie Goulding),Clean Bandit;Ellie Goulding,R&B,funk,Motivated,commute;party;driving,102.046,0.737,0.714,0.608,0.225,3.79e-06,0.0367,0.267,-6.138,189973,56
1zVzRVqonDIRvISsl6STFD,Vitthala Shappath,Rahul Deshpande,Classical,classical,Sad;Calm;Chill,studying;commute,122.587,0.306,0.387,0.295,0.561,0.0,0.0357,0.107,-12.526,288510,34
4FEcEOyyGbPR1cnYMBTRfO,Our Distance,Helios,Chill,ambient,Sad;Calm,studying;sleep,119.592,0.302,0.0288,0.069,0.956,0.805,0.0491,0.101,-26.078,323573,42
4qo4iXXXOBzGEozUQ6CAfQ,Volvió Una Noche,Jorge Falcón,Latin,tango,Chill;Nostalgic,studying;commute,112.16,0.421,0.445,0.356,0.758,0.0,0.0432,0.0894,-9.341,210933,19
7EougyUYWZdE1zCzsCA1Sx,思念即地獄,Jay Fung,Pop,cantopop,Chill,commute,71.659,0.405,0.413,0.397,0.398,0.0,0.0662,0.1,-9.66,240955,48
2e8MxBgVWMSQmxb2zcuCoq,"Die Walkure, Act III: Ride of the Valkyries",Richard Wagner;Budapest Symphony Orchestra;György Lehel,Classical,opera,Sad;Calm,studying;sleep,89.997,0.251,0.219,0.0965,0.929,0.933,0.0323,0.0824,-16.781,325000,53
2E7W1X4maFFcjHrVrFA7Vs,Bark at the Moon,Ozzy Osbourne,Rock,hard-rock,Energetic;Dark,workout,146.591,0.303,0.961,0.305,0.00253,6.2e-05,0.243,0.132,-5.333,257120,67
2JR8NubWbZW1vj671mtWaV,Un Pacto - Live In Buenos Aires / 2001,Bersuit Vergarabat,Rock,alt-rock,Sad;Dark;Chill,commute,73.397,0.364,0.549,0.208,0.425,3.81e-06,0.0328,0.961,-7.18,295160,0
0ww38cWFekEKR9gq5iIuAQ,Albricias,Los Tukas,Rock,rock-n-roll,Romantic;Chill;Nostalgic,commute;cooking,91.883,0.589,0.461,0.582,0.803,0.0,0.0245,0.124,-6.494,172160,34
4qwTXLLSzb9ODOWdvJBS7D,Romanza - Live,Andrea Bocelli,Classical,opera,Sad;Calm,studying;sleep,68.547,0.236,0.207,0.158,0.935,9.63e-06,0.0449,0.962,-13.442,233240,23
2NXQxdNx1CpsvhmpiGNftZ,The Rose,Sol3 Mio,Classical,opera,Sad;Calm,studying;sleep,109.857,0.403,0.217,0.125,0.921,9.05e-06,0.0309,0.0999,-10.364,232040,24
4qC78OGZyxvgX8tJELu6jU,Bird,Mary Lattimore,Chill,ambient,Sad;Calm,studying;sleep,111.486,0.614,0.188,0.18,0.967,0.926,0.0401,0.119,-13.477,374290,3
2guXQPy9ZxM9jNfu5meTnW,Blue Line,Let's Active,Pop,power-pop,Happy;Energetic;Motivated,workout;driving,128.241,0.49,0.76,0.772,0.0213,2.2e-05,0.0398,0.051,-9.074,180400,20
1QpwvWMQGdOgA8MXXfgs4H,DICE,NMIXX,Pop,k-pop,Energetic;Motivated,workout;driving,131.096,0.556,0.798,0.628,0.0848,0.0,0.254,0.33,-3.331,165746,82
7xTLXbF0nACwXPPC5VHviB,Detalles,Oscar D'León,Latin,salsa,Happy;Energetic;Motivated,workout;party;driving,176.249,0.724,0.769,0.935,0.182,3.56e-05,0.0533,0.243,-4.024,278871,31
5RubKOuDoPn5Kj5TLVxSxY,TE MUDASTE,Bad Bunny,Latin,latino,Dark,commute;party;cooking;driving,92.025,0.811,0.637,0.471,0.234,0.000572,0.0591,0.118,-4.835,130013,81
2u1NjJFN4emN0o6AJHogGU,River Deep - Mountain High,Ike & Tina Turner,R&B,r-n-b,Energetic;Dark,workout,83.267,0.377,0.763,0.302,0.777,0.00125,0.0387,0.157,-6.866,215720,0
08j9wzt7Q9Ucq1IrpD4GVq,Machayenge,Emiway Bantai,Hip-Hop,hip-hop,Happy,commute;party;cooking;driving,104.978,0.807,0.628,0.718,0.0146,0.0,0.204,0.0598,-8.988,153077,60
4akQrF0QTQAVnkercCMhnE,Expand - Tale of Us Remix,Plastikman,EDM,detroit-techno,Dark,studying;commute;driving,122.003,0.738,0.601,0.108,0.126,0.897,0.0455,0.0727,-12.439,471457,25
683Zokh8DyHi8UJCI6pz3k,wonder if she loves me,JVKE,Pop,indie-pop,Romantic;Chill;Nostalgic,commute;cooking,83.995,0.463,0.58,0.454,0.598,0.0,0.128,0.622,-3.664,160676,46
2cObbmBaiGJ644zuWoUypu,Kotnambula Dhanchare,Vedavathi Prabhakar;CHAYA DEVI,Classical,classical,Romantic;Chill,commute;cooking,164.972,0.416,0.477,0.704,0.631,0.0,0.04,0.344,-1.383,74562,35
3TPl1naewrD2S74fmdi3nu,Medley: Cuanto Me Gusta Este Rancho / Besos Y Cerezas - En Vivo,Chuy Lizarraga y Su Banda Tierra Sinaloense,R&B,r-n-b,Happy;Chill,commute;cooking;driving,147.081,0.447,0.566,0.962,0.551,0.000269,0.0716,0.429,-6.718,273893,41
5LUb4KVbWIJXIaLmQ07K1V,Maloca É Maré,Sabotage;Funk Buia;Rappin' Hood;Instituto;Ganjaman;Duani,R&B,r-n-b,Happy;Energetic;Motivated,party,90.627,0.727,0.854,0.941,0.406,1.37e-06,0.138,0.0754,-5.147,243759,43
4xHXqIwdjXRYJvwT8HNByt,Lucky Lips,Cliff Richard & The Shadows,Rock,rockabilly,Chill,commute;cooking,144.862,0.686,0.481,0.902,0.793,0.0,0.045,0.216,-12.25,163840,36
232gT5IspcqSA7PwAqCCQh,Le temps des cathédrales,Alessandro Safina,Classical,opera,Sad;Chill,commute,75.155,0.196,0.453,0.202,0.885,0.000794,0.0416,0.248,-8.227,231513,19
5pZEThCuY84PiajfmeOJ3i,First Class,Jack Harlow,Hip-Hop,hip-hop,Dark,commute;driving,106.998,0.905,0.563,0.324,0.0254,9.71e-06,0.102,0.113,-6.135,173947,1
1M9n7XnWDThtGZoD4hseVu,Mimar Você,Timbalada,Latin,pagode,Happy,commute;party;cooking;driving,109.081,0.715,0.65,0.889,0.445,1.88e-06,0.0514,0.269,-9.931,240760,44
3kLqJ09xramYW9I9gAXTWl,Hurricane - Radio Edit,Ran-D,EDM,hardstyle,Energetic;Dark,workout,155.229,0.578,0.978,0.357,0.0325,0.0,0.414,0.34,-1.554,295646,57
1KJoKWG468pbPlcmwGE5ZL,Solo Con Amore,José Cura;Ewa Malas Godlewska,Classical,opera,Sad;Chill,commute;driving,134.62,0.385,0.5,0.15,0.697,0.000227,0.0318,0.336,-6.809,251880,19
7MzqrmEKgCOvW2EnKBENLn,Ojalá Que Llueva Café - Live - Estadio Olímpico De República Dominicana/2012,Juan Luis Guerra 4.40,Latin,latin,Dark;Chill;Nostalgic,commute,87.739,0.51,0.556,0.321,0.68,0.0,0.0323,0.954,-5.937,323546,1
2VYrwYcakfQSDgXEbQqaDq,End It,End It,Rock,black-metal,Energetic;Dark,workout,169.884,0.208,0.917,0.391,5.09e-05,0.37,0.0827,0.179,-5.217,97685,23
63XglBo9fwIyQeqCoRrnV7,Toma os Pedaços,Marcos Antônio,R&B,gospel,Sad;Dark;Chill,commute,79.815,0.519,0.514,0.317,0.372,0.0,0.027,0.0744,-5.706,315090,38
648TTtYB0bH0P8Hfy0FmkL,Unforgettable,Nat King Cole,Jazz,jazz,Sad;Calm,studying;sleep,136.094,0.349,0.182,0.178,0.92,0.0152,0.031,0.143,-13.507,191973,67
7jiujctcXaruvv1cq1Pwky,Is You Wet Yet?,Level,Rock,metalcore,Happy,commute;party;cooking;driving,143.522,0.855,0.655,0.556,0.115,0.0,0.214,0.967,-5.457,230906,24
6kbpMfsWlfpB2zFTDUH92f,Eiti-Leda (Remasterizado 2021),Serú Girán,Rock,alt-rock,Sad;Chill,studying;commute,107.983,0.368,0.449,0.286,0.874,0.0869,0.0347,0.178,-9.764,418442,46
3UzLfzNCoc9CV7jAkCUxDS,Te Propongo,Víctor Manuelle,Latin,salsa,Happy;Energetic;Motivated,workout,91.897,0.598,0.869,0.825,0.36,5.23e-05,0.0519,0.479,-4.395,285426,34
7MSehijy3QmQLtv0S14uDn,Cristal Silence Section 5,Robert Haig Coxon,Chill,new-age,Sad;Calm,studying;sleep,65.576,0.237,0.0453,0.0795,0.913,0.917,0.0375,0.102,-25.535,394866,21
6Ti8UKCJWqFeLsTvZ0THu6,Quem Tem Dó É Violão,Beleza e Maravilha,Latin,sertanejo,Happy;Energetic;Motivated,party,92.02,0.701,0.884,0.939,0.462,0.0,0.0399,0.226,-3.209,158374,47
0fGclndst25Qqy8j4u5De5,"Chellamma (From ""Doctor"")",Anirudh Ravichander;Jonita Gandhi,Hip-Hop,hip-hop,Happy,commute;cooking;driving,99.702,0.498,0.679,0.743,0.256,0.000325,0.214,0.0589,-7.252,236500,64
5VfZuYPz9Ux87e6rDE4GqO,Acroyali / Standing In Motion - Live,Yanni,Chill,new-age,Dark,commute;driving,104.879,0.527,0.613,0.0803,0.361,0.125,0.0446,0.945,-11.208,530906,45
5ZitFX8lY0SUlM17GUiKO4,Vai Acontecer,Agepê,Latin,samba,Happy,commute;cooking;driving,139.928,0.631,0.661,0.838,0.607,1.16e-06,0.0428,0.587,-10.565,206400,38
1oFnf7O5pRtgTt1U6cBxHl,22,Gece,Rock,alt-rock,Energetic;Dark,workout,67.469,0.351,0.794,0.338,0.0022,2.06e-06,0.0355,0.0846,-4.417,219986,43
6aOm6drqZGw4IWBf5qs9gw,少年與海,G.E.M.,Pop,mandopop,Dark;Chill,commute;driving,126.143,0.555,0.59,0.142,0.451,0.166,0.0552,0.372,-9.134,223767,46
4GdCiwOXIpmQGUWl5XBqyr,"6 Variations in G minor for Piano & Violin on ""Hélas, j'ai perdu mon amant"" K.360: Var. I",Wolfgang Amadeus Mozart;Arthur Grumiaux;Walter Klien,Classical,classical,Calm,studying;sleep,179.916,0.308,0.0647,0.769,0.994,0.971,0.0446,0.178,-24.599,55613,6
1VYEWrogS0x8Jy7OW1TpnF,Pajarillo,La Adictiva,R&B,r-n-b,Happy,commute;cooking;driving,125.004,0.785,0.574,0.914,0.176,0.0,0.0343,0.0789,-5.191,228426,42
7jHzpUfCD9N92ao3z8UFap,Got My Snacks,Mark Farina,EDM,chicago-house,Sad;Dark,studying;commute;driving,127.7,0.799,0.548,0.32,0.00583,0.793,0.0639,0.0699,-9.992,392829,7
0FPHT9OwZP9i4GqfcXtQ0g,Sorte,Desejo de Menina,Latin,forro,Energetic;Motivated,workout;driving,172.055,0.546,0.798,0.568,0.509,8.58e-06,0.034,0.506,-4.79,263613,42
6Byh2m5om63yZL35VrP0CF,Valse,Olivia Belli,Chill,ambient,Sad;Calm,studying;sleep,136.201,0.23,0.0335,0.149,0.98,0.94,0.039,0.1,-29.436,142024,58
7Fr7Ag2bQyJl86BtsFmdOW,隔離 - Studio Live Duet,Jace Chan;Terence Lam,Pop,cantopop,Calm;Romantic;Chill;Nostalgic,studying;commute,123.007,0.692,0.355,0.467,0.846,0.0,0.0584,0.135,-10.658,250000,52
68Dni7IE4VyPkTOH9mRWHr,No Role Modelz,J. Cole,Hip-Hop,hip-hop,Romantic;Chill,commute;cooking;driving,100.028,0.69,0.521,0.494,0.324,0.0,0.339,0.0534,-8.492,292799,88
59kkETYRczNrB6VOasIpxC,Que Se Sienta,Oscar D'León,Latin,salsa,Happy;Energetic;Motivated,workout;driving,171.491,0.597,0.829,0.921,0.378,2.35e-05,0.0369,0.0649,-7.463,285663,0
2sNmYSvlnGqBUNc2QNlH4L,Ángel de Mi Vida - Angel of the Morning,Enrique Guzman,Rock,rock-n-roll,Romantic;Chill;Nostalgic,commute;cooking,95.766,0.263,0.453,0.496,0.513,2.19e-05,0.0276,0.399,-8.19,168333,28
6TuiSfDGYyVZ7C5fxKOszw,Vá Viver - Acústico / Ao Vivo,Maneva,R&B,r-n-b,Calm;Romantic;Nostalgic,studying;commute,74.0,0.769,0.382,0.582,0.708,0.336,0.0577,0.582,-9.594,205107,42
1FIfsfbOqC4zCf6uwwAxrx,Dicen Que Soy,LA INDIA,Latin,salsa,Happy;Motivated,workout;commute;driving,168.24,0.664,0.748,0.679,0.765,0.00013,0.0469,0.118,-8.842,283800,32
2qgXrzJsry4KgYoJCpuaul,Choo Lo,The Local Train,Hip-Hop,hip-hop,Dark,commute;driving,145.957,0.512,0.695,0.351,0.0265,0.00815,0.0271,0.146,-6.349,233630,67
20uRKbaqAVJRGyGE6mr6Oi,"Suite No. 3 in D Major, BWV 1068: II. Air",Johann Sebastian Bach;Daniel Hope;Lorenza Borrani;Lucy Gould;Stewart Eaton;William Conway;Enno Senft;Stefan Maass;Stefan Rath,Classical,classical,Sad;Calm,studying;sleep,136.065,0.169,0.049,0.0799,0.956,0.017,0.0385,0.15,-23.409,301333,0
71VXewVKFs0HcwEom489zH,Machayenge 4,KR$NA,Hip-Hop,hip-hop,Happy;Energetic;Motivated,workout;party;driving,124.982,0.833,0.8,0.685,0.262,0.0,0.298,0.435,-4.56,398750,61
5MbszOoRyTOwOIJEOIZn6v,Sirikkalam Parakkalam,Benny Dayal;Madurai Soulijos,Hip-Hop,hip-hop,Energetic;Motivated,workout;party;driving,127.944,0.703,0.834,0.537,0.0396,1.32e-06,0.0508,0.178,-5.491,196025,57
0FqUMEzL1NKcjzalZauz1u,Ruqia,James Heather,Chill,ambient,Sad;Calm,studying;sleep,113.903,0.404,0.141,0.037,0.987,0.758,0.0542,0.118,-23.148,74690,53
1A42o35sy8P3UQgm6ArWGD,君のパレード,the shes gone,Pop,j-pop,Happy;Energetic;Motivated,workout;driving,133.071,0.536,0.836,0.664,0.0225,0.0,0.0388,0.115,-4.491,212560,36
1V7V9ekndGc7vqE3hVUKmA,時光倒流一句話,Terence Lam,Pop,cantopop,Chill;Nostalgic,studying;commute,133.886,0.518,0.449,0.382,0.626,0.00178,0.032,0.207,-9.659,254008,48
6gE6svxgPpdWtwnY3nEZUI,Si me dejas de amar,Los Baby's,Rock,rock-n-roll,Romantic;Chill,commute;cooking;driving,105.141,0.469,0.5,0.619,0.355,2.69e-06,0.0294,0.306,-8.767,196853,28
1f2AyplMMO29MHBkjfFRmc,Papi Chulo,El Chombo,Latin,reggaeton,Happy;Energetic;Motivated,workout;party,110.005,0.893,0.851,0.837,0.0809,0.00143,0.112,0.0246,-6.42,175856,56
0P8b1QdfjdPL3VShB8VtNL,Durga Kavach,Gundecha Brothers,Classical,classical,Sad;Chill,commute,147.977,0.596,0.489,0.276,0.403,0.0,0.053,0.219,-7.876,832444,32
3UIZQZjOU6I2ru33kRvcV7,It's Christmas Time Again,Peggy Lee,Jazz,jazz,Sad;Calm,studying;sleep,105.587,0.393,0.173,0.223,0.868,0.0,0.0304,0.146,-10.536,180960,0
6T10XPeC9X5xEaD6tMcK6M,All I Need (feat. Beth Hirsch),Air;Beth Hirsch,Chill,ambient,Sad;Chill,studying;commute,93.946,0.327,0.425,0.165,0.878,0.000873,0.027,0.18,-11.577,268306,63
5RDlgzKoflASU4AC0C3Sv0,Before I Die,Scott Rill;Dayana,EDM,house,Energetic;Dark,driving,105.018,0.673,0.764,0.0959,0.0667,0.19,0.296,0.12,-7.878,168750,56
19L4q6RZGQBAM4MGnqQx7R,"Carnaval, Op. 9: No. 12, Chopin (Live in Japan, 2022)",Robert Schumann;Pavel Nersessian,Classical,classical,Sad;Calm,studying;sleep,66.09,0.345,0.024,0.12,0.994,0.912,0.0346,0.112,-31.974,70653,0
2OZ9hl4dY5WmIEZmtroogz,don't fall,44phantom,Rock,emo,Chill,commute;cooking;driving,159.988,0.568,0.519,0.451,0.0484,0.0,0.0268,0.108,-5.227,205240,45
4wtMszKH5m9wA1c9DriTnu,Hanuman Chalisa,M. S. Subbulakshmi;Radha Viswanathan,Classical,classical,Romantic;Chill;Nostalgic,studying;commute;cooking,102.769,0.553,0.413,0.597,0.949,0.0,0.0425,0.846,-8.172,598570,38
7DD4VX7uMlDYDapfyujrTI,Eleven Heroes,Beside,Rock,death-metal,Energetic;Dark,workout;studying,119.983,0.528,0.993,0.0688,0.000606,0.454,0.138,0.186,-3.958,257125,27
2UcUL4jytfVpW0jSXi3Ggi,"To the Stars - From ""Ad Astra"" Soundtrack",Max Richter,Chill,ambient,Sad;Calm,studying;sleep,132.606,0.157,0.184,0.0304,0.539,0.922,0.0442,0.107,-19.854,210052,50
1MsvUHdve8OkMWmI8J5NXh,バッド・ガールズ,M.I.A.,Pop,indie-pop,Energetic;Dark,workout,143.441,0.638,0.912,0.343,0.00104,0.0,0.0616,0.097,-2.621,227520,0
4MiI887yKiYYJmGB9hnO21,Admirável Gado Novo (Ao Vivo),Zé Ramalho,Latin,mpb,Energetic;Motivated,workout,87.281,0.459,0.84,0.536,0.0536,1.72e-05,0.0402,0.863,-7.695,356213,41
2LfOEzKSGCx2n82LbPfzJV,"La bohème, SC 67 / Act 3: ""Mimì! - Speravo di trovarvi qui""",Giacomo Puccini;Rolando Panerai;Mirella Freni;Berliner Philharmoniker;Herbert von Karajan,Classical,opera,Sad;Calm,studying;sleep,77.707,0.242,0.192,0.08,0.97,0.000713,0.0583,0.214,-14.451,305000,25
45qayb7SwMYkXyadejDTz9,Oração / Atrasadinha,Turma do Pagode,Latin,pagode,Romantic;Chill;Nostalgic,commute;cooking,87.066,0.392,0.527,0.549,0.76,0.0,0.054,0.207,-7.371,242506,41
3XhuGBxYID6w1KBNqHw81v,I Hold Myself in Contempt,Four Year Strong,Rock,emo,Energetic;Dark,workout,101.504,0.545,0.988,0.0786,0.000119,0.00966,0.252,0.197,-4.59,256123,31
0cwdoL7B7fplkIltOt92Jj,"6 Kinderstücke Op. 72: I. Allegro non troppo, MWV U 171",Felix Mendelssohn;Daniel Barenboim,Classical,classical,Sad;Calm;Nostalgic,studying;sleep,152.04,0.373,0.102,0.325,0.995,0.867,0.0525,0.196,-24.802,58946,0
4lGTgT3KQ6poty3glR5iS7,Seu after sou eu - Ao Vivo,Biu do Piseiro,Latin,forro,Happy;Energetic;Motivated,workout,164.985,0.638,0.961,0.962,0.386,0.0,0.0475,0.697,-2.228,139634,49
4d3tiblcaqGdji7XvPGHiq,Malwa Block,Sidhu Moose Wala,Hip-Hop,hip-hop,Energetic;Motivated,workout,81.175,0.494,0.786,0.594,0.165,0.0,0.284,0.783,-4.289,239294,63
2iUFSTafPaK4IETG3FbUcw,India,Fungus Funk,EDM,trance,Energetic;Dark,workout;studying,145.999,0.66,0.966,0.132,4.74e-05,0.678,0.0479,0.308,-5.369,356000,40
2sSzhlTz0N1HlSuoLLxv8z,The Open,Lambert,Chill,ambient,Sad;Calm,studying;sleep,132.424,0.418,0.051,0.236,0.992,0.936,0.0353,0.107,-25.754,214862,45
1vFGwteJk3i24kHw7vtaXL,睫毛彎彎,Cyndi Wang,Pop,mandopop,Happy;Energetic;Motivated,party,90.006,0.777,0.869,0.778,0.285,0.0,0.048,0.0516,-2.785,244933,44
3yPQrLnNIthn4I5wQ51X26,Distortion Sleep,Soilwork,Rock,death-metal,Energetic;Dark,workout,160.27,0.368,0.949,0.347,7.76e-05,0.00429,0.141,0.0341,-6.178,225933,55
075znpak3aAnxS9Klwl0Ne,"Le tombeau de Couperin, M. 68: III. Forlane. Allegretto",Maurice Ravel;Yukie Nagai,Classical,classical,Sad;Calm,studying;sleep,71.935,0.383,0.0155,0.0641,0.994,0.901,0.0463,0.0956,-29.576,368600,0
6akVETVeqqPVvuBS5e0EB1,孤勇者 - 《英雄聯盟:雙城之戰》動畫劇集中文主題曲,Eason Chan,Pop,cantopop,Sad;Dark;Chill,commute;driving,130.025,0.615,0.535,0.293,0.63,0.0,0.032,0.0907,-6.847,256000,67
34k6CVL2I0f9pTMwgzV8cH,遇到了,Mr.,Pop,cantopop,Chill;Nostalgic,commute,184.011,0.385,0.456,0.381,0.746,0.0,0.031,0.102,-9.695,261733,46
3zLTPuucd3e6TxZnu2dlVS,"Bagatelle No. 25 in A Minor, WoO 59 ""Für Elise""",Ludwig van Beethoven;Igor Levit,Classical,classical,Sad;Calm,studying;sleep,125.61,0.289,0.0306,0.118,0.987,0.911,0.0446,0.102,-30.79,212066,64
7yUukIX492jvLR85xYQkvc,Run,Ludovico Einaudi;I Virtuosi Italiani,Chill,ambient,Sad;Calm,studying;sleep,118.564,0.336,0.173,0.0374,0.99,0.927,0.0477,0.076,-14.492,332360,55
0lpDlWrV0Cw3eGGvPU6d3R,"Gazab Ka Hai Din (From ""Dil Juunglee"")",Jubin Nautiyal;Prakriti Kakar;Tanishk Bagchi;Anand-Milind,Pop,k-pop,Sad;Chill,studying;commute,170.363,0.325,0.421,0.204,0.659,4.46e-06,0.0561,0.0825,-8.636,236325,57
79TkTga9GOs6VUkXqK6vSp,Barraco Vira Mansão,Loubet,Latin,sertanejo,Happy,commute;party;cooking;driving,125.963,0.858,0.605,0.82,0.765,1.42e-05,0.064,0.124,-6.813,176975,49
48f9zJZNKuFwC2wfTGwmfJ,Adagio,Lara Fabian,Classical,opera,Sad;Calm;Chill,commute,128.508,0.329,0.388,0.0683,0.284,6.39e-05,0.0302,0.106,-9.854,266866,50
2HlVqCHFlLln2Ar4z0lKmR,Beauty Of Your Smile,Alejandro Escovedo,Pop,power-pop,Happy;Energetic;Motivated,workout;driving,121.459,0.572,0.787,0.706,0.0689,0.0297,0.0351,0.213,-6.137,186666,23
1DTT5r0ImuzOXi1iNZ5o9C,My Favorite Part,Mac Miller;Ariana Grande,Hip-Hop,hip-hop,Calm;Romantic,studying,95.016,0.861,0.329,0.717,0.629,1.88e-06,0.0527,0.14,-7.194,216000,5
1515XhAUg6OhMp9rQzdiTx,"La traviata / Act I: ""Ebben? che diavol fate?""",Giuseppe Verdi;Salvatore Cordella;Anna Netrebko;Rolando Villazón;Wiener Philharmoniker;Carlo Rizzi,Classical,opera,Calm;Nostalgic,studying;sleep,168.406,0.432,0.183,0.48,0.962,0.0,0.537,0.672,-21.279,72106,25
24SfDD792AiYLGrHAlJg3i,甜蜜十六歲,David Lui,Pop,cantopop,Happy,commute;cooking;driving,120.095,0.754,0.519,0.802,0.417,0.0,0.0376,0.253,-9.808,204120,20
61AntWTmkmJQtsAmvikHRl,chibi,BARBEE BOYS,Rock,j-rock,Happy;Energetic;Motivated,workout;driving,125.9,0.651,0.762,0.765,0.0163,0.0,0.0282,0.292,-8.6,249466,37
5NzVGIho0voVNwcWv1jh1Z,"Faschingsschwank aus Wien, Op. 26: II. Romanze (Live in Japan, 2022)",Robert Schumann;Pavel Nersessian,Classical,classical,Sad;Calm,studying;sleep,84.197,0.454,0.0107,0.156,0.995,0.881,0.0449,0.104,-33.316,147960,0
42Jkqzhm5Y7ab7f1d22GTq,Paloma,Andrés Calamaro;Sebastian Yatra;Leiva;Ivan Ferreiro,Rock,alt-rock,Calm,studying;commute,115.003,0.727,0.382,0.828,0.809,0.0,0.0314,0.0998,-9.145,285024,2
0A37XY67wSdGqkGjtfW6aV,Fantasias - Remix,Rauw Alejandro;Anuel AA;Natti Natasha;Farruko;Lunay,Latin,latino,Happy;Motivated,commute;party;driving,94.004,0.816,0.72,0.78,0.206,0.0,0.0684,0.277,-4.454,267241,67
7hpCXzUdgp4I1aX45W7514,Desencuentro,Chino Laborde,Latin,tango,Sad;Chill,studying;commute,79.376,0.486,0.403,0.269,0.958,0.0,0.107,0.103,-9.602,158487,19
2ilMGd1JXL1xBXz0IgZL6J,She Cries The Quiete Lake,Absu,Rock,black-metal,Energetic;Dark,studying,89.235,0.212,0.994,0.35,5.59e-05,0.879,0.125,0.304,-6.043,250973,17
6MiVIH3fQlmz44jGx2DXn4,Love Is a Bitch,Two Feet,Pop,indie-pop,Sad;Calm,studying;sleep,149.879,0.532,0.178,0.103,0.614,0.14,0.0541,0.0985,-9.754,181466,76
78iVPIyFgGjQ0g0TmDWYtQ,Tongue,Maribou State;Holly Walker,EDM,electro,Sad;Dark;Chill,commute;driving,115.055,0.569,0.521,0.143,0.514,0.00469,0.0839,0.0962,-10.183,304825,64
2igHB9cBhjRrmDDRRnAQbo,Sober,Brooks;Vluarr;Jay Mason,EDM,progressive-house,Happy;Motivated,workout;commute;party;driving,128.022,0.826,0.714,0.695,0.0455,3.09e-06,0.0937,0.233,-3.093,178212,46
0QXQ7dVkQXt73TYcsaH3kK,"On Our Own - From ""Ghostbusters II"" Soundtrack",Bobby Brown,R&B,funk,Energetic;Motivated,workout,101.801,0.66,0.9,0.565,0.00352,0.0,0.0422,0.0629,-6.206,294413,0
5VBeV2QWi3zsr7t5nRvNWQ,Lost in the Silverbox,Hardfloor,EDM,minimal-techno,Energetic;Dark,workout;studying,132.996,0.664,0.956,0.332,0.00315,0.876,0.0501,0.101,-9.599,494515,19
47y8hRlWLEJ4VafE6LMjEZ,A Little Less Conversation,Elvis Presley,Rock,rock-n-roll,Happy;Energetic;Motivated,workout;driving,114.172,0.584,0.802,0.835,0.149,0.0,0.0784,0.0683,-8.03,132013,59
3cIG78oBauowzEbkBwWADN,They Move on Tracks of Never-Ending Light,This Will Destroy You,Chill,ambient,Sad;Calm,studying;sleep,119.999,0.645,0.188,0.0748,0.546,0.836,0.0377,0.0952,-19.37,416333,52
2zlPODWNfA81BUtBzdggA9,Qué Pasa Con Nuestro Amor,Banda Cuisillos,R&B,r-n-b,Happy;Energetic;Motivated,workout;driving,114.469,0.63,0.759,0.725,0.206,0.000119,0.0362,0.113,-7.991,189683,44
5TauOOWDO0EkuOiHpFuqPq,"Verdi: Aida, Act 1: ""Quale insolita gioia nel tuo sguardo!"" (Amneris, Radamès)",Giuseppe Verdi;Riccardo Muti;New Philharmonia Orchestra,Classical,opera,Sad;Calm,studying;sleep,64.179,0.327,0.153,0.0997,0.985,9.71e-06,0.0519,0.606,-20.964,198693,25
2wAaYoVqpDY4drj1J65PU2,Manifestação dos Filhos de Deus (feat. Brunão Morada) - Ao Vivo,Theo Rubia;Brunão Morada,R&B,gospel,Dark,commute;driving,139.914,0.417,0.672,0.144,0.0967,3.74e-06,0.0422,0.665,-8.565,389142,39
4qNWg7lqTsGdtuWJYlKmIR,Playground,Hi-Rez;KXNG Crooked;KR$NA,Pop,indie-pop,Motivated,workout;commute;party;driving,149.952,0.815,0.729,0.525,0.167,7.67e-06,0.186,0.115,-6.152,288000,41
4dUpm0QuR6MCIG5rN7XTI9,Me Usa,Banda Magníficos,Latin,forro,Happy;Motivated,commute;driving,97.482,0.648,0.743,0.88,0.52,1.23e-06,0.0337,0.581,-9.028,209493,54
3oIKT8CKqao4bulVol6Pf7,O Espírito Do Senhor - Ao Vivo,Eli Soares,R&B,gospel,Sad;Chill,commute,119.639,0.529,0.403,0.206,0.237,1.54e-06,0.0308,0.348,-10.665,319408,39
6pENUmGEfCNLwd5QY3j60T,The Laws of Scourge,Sarcófago,Rock,black-metal,Energetic,workout;studying,132.454,0.288,0.95,0.442,1.64e-05,0.878,0.061,0.304,-7.497,198360,20
5xAYqEHINZ6PXkLJlP0yk5,Chamego ou Xaveco,Banda Magníficos,Latin,forro,Energetic;Motivated,party,100.077,0.761,0.881,0.596,0.446,0.0,0.0416,0.237,-4.1,214466,40
0vp47IigZ7JVQ89jDetO7H,Limbo,Daddy Yankee,Hip-Hop,hip-hop,Happy;Energetic;Motivated,workout;party,124.994,0.805,0.878,0.922,0.0754,0.00329,0.0864,0.0656,-3.826,224800,4
7oY7CNk9rtJShki9P25ohi,Before I Go,Yanni,Chill,new-age,Sad;Calm,studying;sleep,94.762,0.303,0.135,0.078,0.947,0.944,0.0308,0.0907,-19.767,273640,41
17zYYHdsOE7Z9XVQJEiaHd,A Pureza da Flor - Ao Vivo,Arlindo Cruz,Latin,pagode,Happy;Motivated,commute;driving,91.556,0.333,0.744,0.703,0.653,0.0,0.0418,0.787,-5.643,311613,43
7pJH3YXNRUvq0ctKirL13A,人非草木,Kary Ng,Pop,cantopop,Romantic;Chill;Nostalgic,commute;cooking,118.018,0.549,0.468,0.415,0.596,0.0,0.0289,0.127,-7.895,267586,48
03fImIJ7r7he62QmwI1Tyv,The Drowned Girl - Edit,Yann Tiersen,Chill,ambient,Calm,studying;sleep,138.702,0.525,0.209,0.944,0.828,0.927,0.0442,0.0712,-9.403,123000,51
6jLH07K28JVUenzLYTxAp5,Janelas da Alma,Gisele Nascimento,R&B,gospel,Happy,commute;cooking;driving,143.503,0.465,0.691,0.59,0.596,0.0,0.0438,0.12,-4.072,262896,40
3aMKVw1oXkAdeAVXO2TucF,No Bombardeen Buenos Aires,Charly García,Rock,punk-rock,Happy,commute;party;cooking;driving,99.792,0.757,0.662,0.851,0.0643,0.014,0.0967,0.293,-10.468,243680,38
0VBqYlRaO5OGtJChCeOYwi,Own Cloud,Kyson,EDM,idm,Sad;Calm,studying;sleep,139.326,0.384,0.192,0.0932,0.903,0.088,0.0766,0.117,-17.456,141688,0
4IhKLu7Vk3j2TLmnFPl6To,Water Fountain,Alec Benjamin,EDM,electro,Romantic,commute;cooking;driving,133.975,0.723,0.504,0.551,0.388,7.4e-05,0.0392,0.087,-5.572,218893,79
0L9qblPD3ueZlQ9lQkX5Kh,Turandot / Act 2: Ho una casa nell'Honan,Giacomo Puccini;Tom Krause;Pier Francesco Poli;Piero de Palma;London Philharmonic Orchestra;Zubin Mehta,Classical,opera,Sad;Calm,studying;sleep,83.582,0.173,0.116,0.0697,0.984,0.000397,0.0428,0.292,-22.276,221933,22
4jRoXx97M0sSZBfwMkBEDV,Roll Deep,Tegi Pannu;Manni Sandhu,Hip-Hop,hip-hop,Happy,commute;party;cooking;driving,90.621,0.753,0.687,0.754,0.52,2.32e-06,0.149,0.0663,-6.375,182378,61
7AO8jwZqGfKckV14CuQMLC,Set DJay W 6,Djay W;MC Marks;MC Ryan SP;MC Joãozinho VT;Mc Vitão Do Savoy,R&B,funk,Chill,commute;cooking;driving,119.668,0.688,0.582,0.513,0.154,0.0,0.239,0.132,-6.416,256000,52
55rG9wHuUie0jH00vpjvfX,my ex's best friend,Machine Gun Kelly;blackbear,Hip-Hop,hip-hop,Dark,commute;driving,124.957,0.732,0.671,0.328,0.00323,0.0,0.0415,0.108,-5.037,138970,0
5QDLhrAOJJdNAmCTJ8xMyW,Dynamite,BTS,Pop,k-pop,Happy;Energetic;Motivated,workout;party;driving,114.044,0.746,0.765,0.737,0.0112,0.0,0.0993,0.0936,-4.41,199053,85
1KBfjGjPKMgbxKxFFzJtDw,DRAMATIC? DRASTIC!,BOØWY,Rock,rockabilly,Happy;Motivated,workout;commute;driving,130.83,0.676,0.725,0.853,0.0234,0.000192,0.044,0.109,-7.358,257773,27
69pnjAws2uzNZJEK64p9JI,Moyoni,Vini Vici;Jean Marie;Hilight Tribe,EDM,trance,Energetic;Dark,workout,103.485,0.614,0.989,0.0921,0.0132,0.0176,0.194,0.112,-4.724,217391,44
3vgcVnO40B63dtKBJ54RLJ,"Rudolph, The Red-Nosed Reindeer - Remastered",Dean Martin,Jazz,jazz,Calm,studying;sleep,136.263,0.494,0.18,0.87,0.908,0.0,0.0332,0.0868,-17.928,138400,0
7q7eYVerltlW2sYBuga6Mj,High Heels,Jaz Dhami;Yo Yo Honey Singh,Hip-Hop,hip-hop,Happy;Energetic;Motivated,workout;party,130.045,0.891,0.913,0.772,0.394,0.000173,0.149,0.373,-4.453,297770,59
11BUFxLtMAVUtJaTnNK8Ey,golden hour - ILLENIUM & NURKO Remix,JVKE;ILLENIUM;NURKO,Pop,indie-pop,Energetic;Dark,workout;driving,126.003,0.453,0.771,0.0754,0.046,0.0,0.0341,0.159,-4.382,201904,57
6S6HSSk9HzWe3pqvUJn6Vq,Let 'em Play,Karan Aujla,Hip-Hop,hip-hop,Happy,commute;party;cooking;driving,92.015,0.776,0.651,0.747,0.0136,2.72e-06,0.151,0.0771,-7.41,195652,59
3xWvJFBaEMVZPwIzkO6nBo,Eu Me Alegrarei - Ao Vivo,Nívea Soares,R&B,gospel,Energetic,workout;driving,128.02,0.579,0.826,0.4,0.00194,1.24e-05,0.0367,0.707,-8.951,278913,38
6SGvSUD6LOZgSt1MhbQak0,大雄,Leo Ku,Pop,cantopop,Sad;Calm;Chill;Nostalgic,studying,204.931,0.469,0.309,0.347,0.818,1.99e-06,0.0319,0.104,-10.688,197853,22
4tR3ibjr301p10ektMbt9G,Yine Yol Göründü,Barış Manço,Rock,psych-rock,Calm;Romantic,studying;commute,89.75,0.717,0.384,0.657,0.825,0.0299,0.0366,0.146,-11.948,197638,30
7IUzlg0H39s2WMWPNNAgqe,Quase Morri,Marcos Antônio,R&B,gospel,Sad,commute,105.895,0.732,0.442,0.393,0.278,0.0,0.03,0.364,-12.217,223791,41
5vwpOLQh2PpIbuJSjHhFwZ,Sin,Sidhu Moose Wala,Hip-Hop,hip-hop,Energetic;Dark,workout,84.981,0.769,0.832,0.34,0.111,0.0,0.182,0.574,-5.038,187764,60
0FyGl6PYFfojqfpqIybYv9,A Favela Venceu,Mc Tikão;Djonga;JR ON;MC Cabelinho,R&B,funk,Energetic;Motivated,workout;driving,112.764,0.699,0.819,0.555,0.347,0.0,0.172,0.123,-3.786,278761,47
1YxGxw82Jn4jmwh2uhOhfC,Take You On,James Mercy;PhiloSofie,EDM,edm,Dark,workout;commute;driving,149.966,0.65,0.733,0.358,0.0761,0.00027,0.0443,0.238,-4.626,179617,60
05Rd3zj0ZdyYD0fIq2aT4i,"Carmen, Act III, No.19 bis Récit: Reposons nous une heure ici mes camarades (Le Dancaïro)",Georges Bizet;Nicolas Cavallier;Michel Plasson;Wolff;Orchestre National Du Capitole De Toulouse,Classical,opera,Sad;Calm,studying;sleep,98.576,0.459,0.033,0.217,0.964,0.00434,0.0499,0.164,-24.062,54773,20
7uqmKlDXkAoVJDM9grjCNz,Toys Not Ties,Nightnoise,Chill,new-age,Sad;Calm,studying;sleep,74.0,0.26,0.126,0.13,0.959,0.419,0.041,0.125,-20.451,237106,22
272IT2AATmMoihb4ABdb9U,Good Year For The Roses,Elvis Costello & The Attractions,Pop,power-pop,Chill,commute,97.218,0.502,0.412,0.388,0.251,0.000321,0.037,0.135,-10.373,187226,23
0Gdc7WEm7QbmFzqDfQCs2M,Tanjiro Kamado,Rodrigo Zin,R&B,r-n-b,Dark;Chill,commute;driving,107.059,0.677,0.573,0.282,0.317,0.0,0.047,0.291,-7.982,291283,41
7FIWs0pqAYbP91WWM0vlTQ,Godzilla (feat. Juice WRLD),Eminem;Juice WRLD,Hip-Hop,hip-hop,Happy;Motivated,workout;commute;party;driving,165.995,0.808,0.745,0.829,0.145,0.0,0.342,0.292,-5.26,210800,83
1j1tTelvaHbmRsxsApzVM6,Sky Train - Vocal Mix,Omar S;Nite Jewel,EDM,detroit-techno,Calm,studying;sleep,113.973,0.825,0.204,0.71,0.337,0.717,0.0468,0.12,-18.566,346546,39
5t1XCqqd7HxVd5Aa2T4nIY,Entre a Serpente e a Estrela - Ao Vivo,Zé Ramalho,Latin,mpb,Motivated,workout;commute;driving,128.522,0.539,0.721,0.596,0.656,1.87e-06,0.0499,0.234,-5.552,213093,42
2sLvYnCS3S8klPvZGXGic2,Tiro Ao Álvaro,Elis Regina;Adoniran Barbosa,Jazz,jazz,Happy,commute;cooking;driving,93.781,0.603,0.649,0.957,0.463,0.0,0.104,0.101,-7.006,162400,39
6esWpLeWER7pR9XLFmAE8Q,Truth Hurts - DaBaby Remix,Lizzo;DaBaby,Hip-Hop,hip-hop,Dark,commute;driving,158.041,0.706,0.627,0.38,0.193,0.0,0.202,0.126,-2.94,197610,0
2f1LwoDgtqVMV7Lu5sT6tG,Desde Lejos,Nigga;Flex,Latin,reggaeton,Happy;Motivated,commute,84.689,0.651,0.746,0.754,0.0299,3.95e-06,0.101,0.337,-4.931,191573,40
4m4fIb5so8C1ifn6AVufBV,A Place in My Heart,Nicholas Gunn,Chill,new-age,Dark,studying;commute;cooking;driving,92.554,0.667,0.652,0.492,0.28,0.692,0.0589,0.108,-12.216,220266,47
1cQQk3EyZsWrbIzRBz68P9,Me and My Girlfriend,Sidhu Moose Wala,Hip-Hop,hip-hop,Happy;Energetic;Motivated,workout,79.204,0.698,0.799,0.746,0.0322,0.0,0.282,0.334,-4.774,203544,57
2PcGqmKToUz0s65q1Acg7d,SPACESHIP,AP Dhillon;Shinda Kahlon;Gminxr,Hip-Hop,hip-hop,Happy,commute;cooking;driving,160.088,0.69,0.683,0.549,0.076,0.000113,0.0968,0.134,-7.186,124498,73
5ERy3qFaMBMoupgnvKhD8y,Novos Tempos,Grupo Revelação,Latin,pagode,Happy;Romantic,commute;cooking;driving,91.037,0.641,0.645,0.688,0.55,2.74e-05,0.0403,0.292,-7.519,266213,44
4ZzjI0LyQzGCjyKyc4aXZV,あー夏休み,TUBE,Pop,j-pop,Happy;Energetic;Motivated,workout,132.044,0.602,0.902,0.826,0.46,0.0,0.0626,0.221,-3.717,283853,41
2SoSGYQtl4lYPGT4uq175G,Melody of the Wind,Gomer Edwin Evans,Chill,new-age,Sad;Calm;Nostalgic,studying;sleep,130.182,0.371,0.134,0.329,0.933,0.34,0.0374,0.0936,-17.076,573173,22
5uaIbU3oHHcSOK6WFNK5nj,Apna Time Aayega,Ranveer Singh;Dub Sharma;DIVINE,Hip-Hop,hip-hop,Happy,commute;party;cooking;driving,95.054,0.766,0.618,0.513,0.0187,0.000115,0.124,0.181,-8.552,140463,63
0C8xrXQ9Qgot9u6C15CRFG,Tandava (Psilocybian Remix),Shanti People;PsiloCybian,EDM,electronic,Energetic;Dark,workout;studying,147.029,0.496,0.884,0.0394,0.000119,0.458,0.0523,0.186,-4.641,387346,27
7H0pzEkQNBR8s3hgPbchal,Precisava Ver - Ao Vivo,Douglas & Vinicius,Latin,forro,Energetic;Motivated,workout,150.043,0.569,0.897,0.506,0.318,0.0,0.155,0.658,-3.208,182832,42
2Fq0LGhAcptqK2XYFOIIlB,Sigma,Chloe Agnew,Classical,opera,Sad;Calm,studying;sleep,71.78,0.0821,0.232,0.0617,0.956,0.792,0.0341,0.0893,-15.086,238586,19
7w4kFO2slzHCu1qEOMaPkl,Maari Thara Local - Here Comes Maari,Anirudh Ravichander;Dhanush,Hip-Hop,hip-hop,Happy;Energetic;Motivated,party,94.945,0.709,0.956,0.664,0.622,1.1e-06,0.255,0.0982,-4.695,230252,57
4UPdaOCGpTnxnLR8YpoFU3,Vou Partir Pro Piseiro,Márcia Fellipe,Latin,forro,Happy;Energetic;Motivated,workout;party;driving,179.982,0.753,0.82,0.852,0.424,0.0,0.0821,0.131,-2.665,177234,44
4pwcwsHlO2DEh5Eefo6Iie,問,Fish Leong,Pop,mandopop,Sad;Chill,studying;commute,139.943,0.493,0.441,0.243,0.698,0.0,0.0291,0.695,-8.413,207600,45
4oVdhvxZrKQTM9ZsUIZa3S,December,Neck Deep,Rock,punk,Romantic;Chill;Nostalgic,studying;commute;cooking,144.949,0.542,0.439,0.466,0.626,0.0,0.0272,0.109,-7.728,218954,68
5kJZqXWdKt8gVnu8dqmiye,Nude Photo,Rhythim Is Rhythim;Derrick May;Mayday,EDM,detroit-techno,Happy;Energetic;Motivated,workout;studying;party;driving,123.418,0.751,0.769,0.804,0.00381,0.934,0.058,0.0451,-8.119,281244,7
10hMM5nsZQf66ldBlgWBfG,All For Us - from the HBO Original Series Euphoria,Labrinth;Zendaya,Pop,indie-pop,Dark,commute,70.956,0.348,0.652,0.172,0.0165,0.000264,0.0931,0.33,-7.145,192986,76
4dkIf23hC3iJaQjcg1tEGF,This Time,Il Volo,Classical,opera,Sad;Dark;Chill,commute;driving,152.116,0.343,0.527,0.22,0.815,0.0,0.0298,0.104,-6.548,187000,21
15CV3iTmDzxw2NBN1FJeRE,Quatro Vezes Você - Ao Vivo,Capital Inicial,R&B,r-n-b,Energetic;Motivated,workout,77.515,0.434,0.887,0.602,0.00113,0.000345,0.0477,0.941,-6.702,232920,41
2wHTMZwkLbpM6LNkUBs2Xt,Calaboose,Sidhu Moose Wala,Hip-Hop,hip-hop,Energetic;Motivated,workout;party;driving,149.776,0.747,0.758,0.56,0.0568,0.0,0.0742,0.331,-6.289,245200,60
6i8GiLfa1PAwKl4SBfpFVt,Silvery,Novo Amor;Ed Tullett;Lowswimmer,Chill,ambient,Sad;Calm;Chill,studying;commute,120.033,0.535,0.364,0.0956,0.948,0.082,0.0328,0.334,-11.349,232613,47
6aI0ILvU32mY1L2u4sFzNU,No Fundo dos Meus Olhos - Ao Vivo,Péricles;Thiaguinho,Latin,pagode,Happy,commute;cooking;driving,144.177,0.53,0.67,0.704,0.709,0.0,0.0504,0.972,-5.788,211471,43
5eFFsShr8vchESCk8HGxvn,"Goodbye, Old Girl",Art Farmer,Jazz,jazz,Calm;Nostalgic,studying;sleep,130.838,0.45,0.0288,0.358,0.994,0.895,0.0467,0.118,-17.388,274333,51
1EiXHKMWX8Tx6jzeoTeCYy,Tu Condena,Los Freddy's,Rock,rock-n-roll,Calm,commute,107.066,0.717,0.372,0.727,0.059,3.42e-06,0.0282,0.0576,-16.721,228013,39
4j63MsY1JhofTuai9FwWb3,"2 Pieces for Piano, Op. 10, TH 132: No. 2, Humoresque. Allegretto scherzando",Pyotr Ilyich Tchaikovsky;Una Bourne,Classical,classical,Sad;Calm,studying;sleep,93.599,0.372,0.252,0.194,0.995,0.851,0.0508,0.104,-21.368,140573,0
6XtsMEFQ0M0X2yzMcqLSF6,Blue Red And Grey,The Who,Rock,psych-rock,Calm;Nostalgic,studying;sleep,107.999,0.621,0.213,0.409,0.984,8.01e-05,0.0369,0.104,-12.666,166906,46
3OLM1nHABTctXiDs0S8UOh,A Través de los Años,Los Juniors,Rock,rock-n-roll,Calm;Romantic;Chill;Nostalgic,studying;commute,139.148,0.408,0.387,0.539,0.754,1.69e-05,0.0386,0.109,-10.935,161826,29
0ZqMKuijHpWBKcBIQSdAX0,無人駕駛,Cass Phang,Pop,cantopop,Sad;Chill,commute,136.009,0.676,0.487,0.288,0.292,0.000104,0.0377,0.193,-10.862,251640,32
70FfytITXJOz0s2xY3rOzz,Weightless Part 3,Marconi Union,Chill,ambient,Sad;Calm,studying;sleep,80.494,0.0746,0.156,0.0463,0.863,0.919,0.0393,0.105,-24.007,458906,56
3vBojOn8Nz8gMQmIBeN00M,"Gehraiyaan Title Track (From ""Gehraiyaan"")",OAFF;Savera;Lothika;Ankur Tewari,Pop,indie-pop,Sad;Calm,studying;sleep,126.424,0.309,0.299,0.193,0.554,3.1e-05,0.0334,0.0899,-9.039,179032,61
038oBXqL9ttCHHZmNrYxQk,All In,Lil Baby,Hip-Hop,hip-hop,Dark,commute;driving,95.084,0.836,0.649,0.294,0.0716,0.0,0.332,0.0943,-6.442,156032,0
040SS97cdQhszuY9MNNSkQ,Os Mió,Mayck & Lyan,Latin,sertanejo,Happy;Energetic;Motivated,workout;party,130.205,0.728,0.925,0.766,0.424,0.0,0.116,0.345,-2.486,168106,46
7mNZUnDWUDidWBFaUpVtOC,Chidiya,Vilen,Hip-Hop,hip-hop,Romantic;Chill;Nostalgic,commute;cooking,179.975,0.486,0.494,0.414,0.715,0.0,0.0324,0.109,-8.56,253333,74
3S3g29kgH2xjh3YlLY4Vbi,失落沮喪歌 - Live,my little airport,Pop,cantopop,Energetic;Dark,workout,110.05,0.363,0.862,0.371,0.00154,0.0115,0.0666,0.979,-9.373,180731,29
7IDaLz6aKLJBDiI2SGyU69,"Variations on ""Là ci darem la mano"" from Mozart's Don Giovanni, Op. 2: Coda. Alla Polacca - Live",Frédéric Chopin;Bruce Liu,Classical,classical,Sad;Calm,studying;sleep,110.262,0.323,0.204,0.292,0.985,0.891,0.0322,0.693,-23.955,235253,0
4VsPj1Kmj1z5PoAzCXkxlO,Howlin,The Delta Bombers,Rock,rockabilly,Happy;Energetic;Motivated,party,103.991,0.714,0.958,0.773,0.334,0.223,0.0767,0.285,-3.923,124598,22
3i6xeml3q8eD0LT3dOy3VQ,Juanita (Flor De Walamo) - En Vivo,Joan Sebastian;José Manuel Figueroa II,R&B,r-n-b,Calm,commute;cooking,101.403,0.704,0.465,0.903,0.48,1.07e-06,0.113,0.871,-8.926,227826,45
3D0pmiK3zyF9PudyJ8mkor,Ma Belle,AP Dhillon;Amari,Hip-Hop,hip-hop,Sad;Calm,commute,97.011,0.908,0.314,0.244,0.0424,4.15e-05,0.116,0.0727,-9.614,160824,70
2VkBQoC1hWOECFN9goNHk6,"Carnaval, Op. 9: No. 18, Aveu (Live in Japan, 2022)",Robert Schumann;Pavel Nersessian,Classical,classical,Sad;Calm;Nostalgic,studying;sleep,59.504,0.545,0.0258,0.321,0.989,0.901,0.0348,0.143,-35.331,67506,0
6NvIIosKqhiT9JVgQWBvWV,Perfume de Carnaval,Sandra Luna;Franco Luciani;Peteco Carabajal,Latin,tango,Sad;Calm;Chill;Nostalgic,studying,151.48,0.398,0.338,0.339,0.823,0.0,0.0473,0.164,-11.001,237882,21
66cBlqEs1viJJCE74CDfGB,追,Leslie Cheung,Pop,cantopop,Sad;Calm,studying;sleep,179.695,0.311,0.209,0.231,0.734,0.000175,0.0302,0.0791,-14.662,323760,52
426EJ9frpHtFQFGFQvtBKg,Tô Colocando - Ao Vivo,Leo Santana,R&B,funk,Energetic;Motivated,workout;party,115.071,0.829,0.885,0.568,0.803,9.87e-06,0.093,0.472,-2.469,177412,44
5GeIa7kAYaTaWPVBmlbyiH,Spirits - Drum Version,Sebo K;Max Moya,EDM,minimal-techno,Energetic;Dark,workout;studying,122.005,0.805,0.859,0.349,0.00359,0.886,0.057,0.084,-9.177,476106,21
0kkYM3cLSfPZT4MMmx9cwr,新地球,JJ Lin,Pop,mandopop,Dark,commute;driving,120.008,0.639,0.664,0.204,0.0596,5.18e-05,0.0394,0.119,-5.923,277413,48
1ZvwQdhgtgLkfvs9OszuDJ,Piloto da Nasa,Mc Kevin;Vulgo FK;Gaab,R&B,funk,Romantic;Chill;Nostalgic,commute;cooking;driving,110.825,0.644,0.517,0.532,0.411,0.0,0.49,0.0933,-7.105,310636,53
10RBWTpKyCPybi15zqB1eS,Spirit Levels,Robert Hood,EDM,detroit-techno,Dark,workout;studying;commute;driving,147.903,0.746,0.714,0.256,0.000789,0.805,0.0686,0.339,-15.564,304746,5
1vxw6aYJls2oq3gW0DujAo,Crazy,Gnarls Barkley,R&B,soul,Happy,commute;cooking;driving,111.97,0.855,0.587,0.64,0.0505,0.00714,0.0336,0.105,-4.589,177466,76
0VgkVdmE4gld66l8iyGjgx,Mask Off,Future,Hip-Hop,hip-hop,Sad,commute,150.062,0.833,0.434,0.281,0.0102,0.0219,0.431,0.165,-8.795,204600,83
6yFDc6i76pBLV6vQGIFVyP,Angels We Have Heard On High,Kierra Sheard;Chrisette Michele,R&B,gospel,Sad;Dark;Chill,commute;driving,102.756,0.488,0.511,0.195,0.219,0.0,0.0292,0.113,-6.423,267666,0
6FSOibqLCbhFrmGdqMbwiZ,Letting Go,Tanya Chua,Pop,mandopop,Dark,workout;commute;driving,136.095,0.536,0.702,0.408,0.154,1.61e-06,0.0285,0.0938,-6.327,263453,63
2poIygCWkfNxPaINmpFGPw,Tudo com você - Remasterizado em 2001,Lulu Santos,Latin,mpb,Happy;Energetic;Motivated,workout;party;driving,120.363,0.813,0.762,0.772,0.432,0.000124,0.0482,0.0918,-6.712,181080,40
3U8w5QCgWW7XTl19LIsHb9,Espírito de Adorador,Nani Azevedo,R&B,gospel,Sad;Chill,commute,78.285,0.433,0.464,0.24,0.715,6.84e-05,0.0331,0.103,-9.279,393813,38
1ULfoJYmTKkIPFfikw8A6Y,Please Return It,The Posies,Pop,power-pop,Energetic;Dark,workout,132.376,0.303,0.899,0.223,0.00209,0.0,0.0697,0.102,-8.365,209906,22
5ZKG94fnjiuMH5yrC5S9lS,One Dance,Drake;Wizkid;Kyla,Hip-Hop,hip-hop,Dark,commute;cooking;driving,103.94,0.788,0.605,0.427,0.00899,0.00275,0.0578,0.318,-5.586,173973,66
5yfKTGR3oE4ENZij6u74xF,Caledonia,Celtic Thunder,Classical,opera,Romantic;Chill;Nostalgic,commute;cooking,184.119,0.265,0.481,0.418,0.509,0.000357,0.0295,0.106,-8.704,227240,24
6AYhInfkWT8sOUKqS2quCF,Love Never,Jimmy Eat World,Pop,power-pop,Energetic;Motivated,workout;driving,136.079,0.513,0.776,0.573,0.00056,0.00387,0.0501,0.61,-11.023,171724,21
37ggwqTDiNfFIZaxUsLAjh,Teus Altares,João Alexandre,R&B,gospel,Calm;Nostalgic,studying;sleep,104.834,0.759,0.134,0.381,0.933,0.000389,0.0373,0.107,-14.648,226720,38
57ECsM5I8Y4Jyyy3AEYW9U,A Vos,Los Caligaris,Rock,alt-rock,Happy;Energetic;Motivated,workout,166.983,0.628,0.869,0.868,0.125,1.19e-06,0.0426,0.0235,-5.821,235058,44
01i7rL44A6W3YhiY9dcSMd,A Shot In The Dark - Live In Switzerland,A Day To Remember,Rock,metalcore,Energetic;Dark,workout,100.498,0.309,0.967,0.0836,0.000511,0.0,0.404,0.316,-4.8,263546,24
3cK0Dgd5sxAVzUGHwMHc4p,Gabriellas sång,Malena Ernman;Så som i Himmelen Ensemblen,Classical,opera,Sad;Calm;Chill,studying,82.928,0.306,0.308,0.189,0.87,0.0,0.0308,0.15,-7.94,215808,29
7eDCoOxaczn7Uwoqtogu70,Warrior - Extended Version,Mark With a K;Robert Falcon,EDM,hardstyle,Energetic;Dark,workout,155.021,0.473,0.912,0.328,0.00706,6.48e-05,0.0292,0.157,-3.235,218322,51
3d8rLM1aKX3R61NDZDN0Mh,Caboclo Sonhador,Maciel Melo,Latin,forro,Happy;Energetic;Motivated,workout;driving,168.012,0.677,0.765,0.899,0.102,0.0,0.0523,0.242,-4.895,219337,43
71MpOohAyCbN7aqTCI0YVO,MEGA FUNK - SIMPLESMENTE ELA,DJ Bratti SC,R&B,funk,Motivated,workout;commute;party;driving,123.956,0.838,0.722,0.566,0.177,1.69e-06,0.0915,0.118,-4.36,287312,43
64Xr3AJldVt67FuaQBzCyM,Mmmm,TroyBoi,EDM,electronic,Happy;Energetic;Motivated,workout;studying;party;driving,147.941,0.787,0.829,0.864,0.021,0.693,0.0851,0.115,-5.911,192972,45
2MhUCX1KE1JgUg3MzGpdnl,Deck The Halls - Remastered 1999,Nat King Cole,Jazz,jazz,Chill,studying;commute;cooking,107.607,0.684,0.437,0.964,0.742,1.63e-05,0.0491,0.224,-10.522,68760,0
31a2yZFwIeDYIP1ulpTGRa,The Warlock in the Woods,Shannon & The Clams,Pop,power-pop,Happy,commute;cooking;driving,149.695,0.285,0.685,0.71,0.00787,0.362,0.0424,0.227,-5.541,182973,21
7Kj2LjwzJFygTn24TFulwK,Chamkeela Chehra,Badshah,Hip-Hop,hip-hop,Happy;Energetic;Motivated,workout,129.97,0.696,0.854,0.921,0.268,0.0,0.0318,0.219,-5.123,179076,58
36am0maI3mzNqlZKCP4bX4,System,Nu:Tone;Natalie Williams,EDM,drum-and-bass,Energetic;Dark,workout,173.975,0.525,0.894,0.147,0.025,0.00856,0.0863,0.354,-5.013,293893,18
7gpGDGRcUtAmZhFdZm7NJt,Like Something for Porno,Felix Da Housecat,EDM,chicago-house,Happy;Energetic;Motivated,workout;party;driving,128.995,0.812,0.821,0.968,0.000703,0.0214,0.0354,0.0898,-7.701,202973,19
3GOrdhP1guIoRzxAxz2itn,Tu És Bom,Soraya Moraes,R&B,gospel,Dark,commute;driving,149.314,0.297,0.634,0.394,0.532,0.0,0.0919,0.984,-12.031,323906,39
4DqNBM2oUr5R87cUd2E3P6,PTSD,Josh A,Rock,emo,Dark,commute,81.479,0.644,0.637,0.216,0.382,0.0,0.0898,0.141,-7.922,121867,42
4P3DWSjj4sgj7FEOQGeaZv,Com a Bundinha Você Aquece,MC BN;MC Guto VGS;DJ K2;DJ FUMINHO,R&B,funk,Happy;Energetic;Motivated,workout;party;driving,129.876,0.922,0.788,0.684,0.289,0.0,0.073,0.244,-4.289,207769,4
1zmlYxENm8EkFbTnetcuEz,Você,Os Paralamas Do Sucesso,Latin,mpb,Calm,commute,144.438,0.823,0.382,0.749,0.0926,0.00495,0.0736,0.108,-10.552,196506,41
6T4V7p7PtNKRpQTDRbscrs,ランデヴー,YUKI,Pop,j-pop,Happy;Energetic;Motivated,workout,124.96,0.652,0.862,0.723,0.0951,1.77e-05,0.0344,0.195,-3.607,245240,35
6V33wPRihMcGdwIP6sUytL,Untitled,Abfahrt Hinwil,EDM,idm,Sad;Calm,studying;sleep,68.984,0.292,0.0951,0.0352,0.971,0.963,0.0677,0.104,-29.989,180186,9
55CoMnQ1b9o0uk6CjkxO03,Nosso Lance - Ao Vivo,RDN,Latin,pagode,Happy;Energetic;Motivated,workout;driving,174.064,0.562,0.777,0.861,0.33,0.0,0.0543,0.759,-7.929,93194,47
3WbtamPQS9wdB784HVTeAN,Se Você Se Entregar,Zé Vaqueiro,Latin,forro,Happy;Energetic;Motivated,workout;driving,155.991,0.672,0.787,0.963,0.215,0.0,0.0331,0.114,-5.78,200986,50
0OfQVzxnO17sGMzPOaOJrK,Labelled With Love,Squeeze,Pop,power-pop,Calm,sleep,93.696,0.573,0.264,0.742,0.057,0.0,0.0323,0.17,-15.345,272933,24
4hJbPNtAKE6wHUbFas3LzH,無別 (動畫《天官賜福》片頭曲),Jeff Chang,Pop,mandopop,Calm;Chill;Nostalgic,studying;commute,143.468,0.365,0.394,0.354,0.799,0.0,0.0468,0.197,-10.865,257235,47
6TxaIPtuGZoVnHhCxKX1ij,Good as Hell,Lizzo,Hip-Hop,hip-hop,Energetic;Motivated,workout,95.983,0.682,0.919,0.535,0.256,0.0,0.0874,0.443,-3.18,159735,0
2R8XiBtNYYcvd5NNKtqyVt,"Lyric Pieces III, Op. 43 (Excerpts): No. 4, Liden fugl",Edvard Grieg;Una Bourne,Classical,classical,Sad;Calm,studying;sleep,47.78,0.49,0.159,0.294,0.905,0.000296,0.111,0.119,-24.625,91426,0
6wb6eqZVfvmj2FVg9jCV1K,Before Tomorrow Comes,Alter Bridge,Rock,grunge,Energetic;Dark,workout,160.069,0.35,0.975,0.267,8.65e-05,1.36e-05,0.129,0.216,-3.242,246786,45
2yZtYCbALjzSYpLTrxtpJt,What They Call Us,Fever Ray,Pop,synth-pop,Happy,commute;cooking;driving,137.988,0.438,0.671,0.65,0.449,0.0117,0.0674,0.0959,-11.236,267763,50
455OjhLhU9JCNYKKoUOFwr,Into You,Tegi Pannu;Manni Sandhu,Hip-Hop,hip-hop,Happy;Motivated,workout;commute;party;driving,148.223,0.72,0.711,0.713,0.309,0.0,0.0457,0.492,-6.926,174508,64
6N6mJlsjYRV0yoMSPS5JiQ,The Wakhra Song,Navv Inder;Lisa Mishra;Raja Kumari,Hip-Hop,hip-hop,Energetic;Motivated,party,89.945,0.788,0.894,0.588,0.339,0.000253,0.198,0.0649,-2.661,196000,60
5D14Kvd3GbWhZqKF2tp8MK,Under Ruins,Nervosa,Rock,death-metal,Energetic;Dark,workout,125.018,0.54,0.91,0.104,3.37e-05,0.000125,0.0516,0.104,-8.081,237941,26
6c64u472Cg7WP9vK3tkw8f,Libertà,Andrea Bocelli,Classical,opera,Dark,commute;driving,144.021,0.443,0.618,0.32,0.489,1.52e-05,0.0473,0.187,-6.319,237555,21
0mAPRz8lp5UsaPL00JN8zZ,El Día Que Me Quieras,Carlos Gardel,Latin,tango,Calm;Nostalgic,studying;sleep,87.07,0.313,0.242,0.406,0.964,0.00788,0.0383,0.107,-12.028,201932,28
46y3EqXjmAMUDx3XNhi0Dk,Un regalo que te dio la vida,Il Divo,Classical,opera,Sad;Chill,commute,144.889,0.383,0.463,0.217,0.793,2.42e-05,0.0467,0.088,-8.751,278506,25
6x28kFROuqt1wHfNL0pYlb,Make Some Noise - Julian Jumpin Perez Mix,Fast Eddie;Julian 'Jumpin' Perez,EDM,chicago-house,Energetic;Motivated,workout;party;driving,123.385,0.788,0.85,0.567,0.000296,0.000983,0.0538,0.14,-6.502,346341,12
0jo0auZLLZL4PK9ybxkWeH,Resting Upon Jacobs Pillow,John Doan,Chill,new-age,Sad;Calm,studying;sleep,135.894,0.338,0.193,0.066,0.775,0.857,0.0314,0.109,-14.908,255080,21
0iGDA9e2XMpDjvPbDnGYA8,De Doden Hebben Het Goed III,Wiegedood,Rock,black-metal,Energetic;Dark,studying,75.817,0.115,0.999,0.0177,0.000155,0.872,0.362,0.219,-7.163,734098,18
0bkFlJnXoxSU7xBURGEqVL,"9 Variations on a Minuet by J.P. Duport in D, K.573: 8. Variation VII",Wolfgang Amadeus Mozart;Danielle Laval,Classical,classical,Calm,studying;sleep,145.106,0.354,0.194,0.67,0.989,0.961,0.034,0.251,-20.373,62325,14
7wGgrUT28jd4ZFLAnhBXSI,Perdition,Bloodred Hourglass,Rock,death-metal,Energetic;Dark,workout,91.95,0.429,0.981,0.211,0.000176,1.32e-05,0.0929,0.337,-3.249,168280,23
3gCUObQrCFxUGAgEOHfDLl,London Bridge,Jim Brickman,Chill,new-age,Sad;Calm,studying;sleep,115.953,0.379,0.0616,0.137,0.983,0.92,0.0409,0.0852,-21.127,181169,25
5epH8xMDeJ4edJjIkKzEdM,행복하길 바래,Lim Hyung Joo,Classical,opera,Sad;Dark;Chill;Nostalgic,commute;driving,94.713,0.361,0.517,0.308,0.711,7.53e-05,0.031,0.115,-6.955,185666,39
2bCsFEdKi0EXK8GWSkNClD,Las Güilotas,Chuy Lizarraga y Su Banda Tierra Sinaloense,R&B,r-n-b,Happy;Energetic;Motivated,workout;party,145.095,0.729,0.899,0.974,0.423,8.44e-05,0.0468,0.106,-1.492,181440,42
7neOVgdSQhXued7BXvbEWS,Al compras del corazon,Domingo Federico,Latin,tango,Calm;Romantic;Chill,studying,120.579,0.596,0.349,0.724,0.86,0.0217,0.036,0.0817,-10.732,174106,23
7fUsp5n5w1qno9EfeTXKpP,Freefall,The Breakfastaz,EDM,breakbeat,Energetic;Motivated,workout;studying,138.01,0.655,0.899,0.588,0.00013,0.83,0.0369,0.0694,-7.95,394000,16
4ipnJyDU3Lq15qBAYNqlqK,Mi Gente,J Balvin;Willy William,Latin,latin,Dark,commute;driving,104.959,0.774,0.687,0.308,0.0179,1.17e-05,0.0584,0.128,-4.818,189440,70
3Biy5PM3x0sTJ4t43iJcRv,Pede A Ela,Tim Maia,Latin,mpb,Chill,commute,128.496,0.673,0.441,0.369,0.0793,1.64e-06,0.0281,0.309,-10.728,292600,41
7ycz6sgZWp4wvF53BZVTjE,Scene Eight: The Spirit Carries On,Dream Theater,Classical,classical,Sad;Dark;Chill,commute;driving,127.284,0.321,0.544,0.283,0.293,1.11e-05,0.0364,0.11,-7.179,398266,54
0GdOHIJIwL4m1enSLuaW8d,Rear View,LANKS,R&B,soul,Sad;Chill,commute,139.915,0.668,0.465,0.0686,0.374,0.00958,0.0552,0.109,-10.147,235064,50
7q8kSbo6psdpdfiS2Achzh,Ausência / Bijuteria - Ao Vivo,Ícaro e Gilmar,Latin,sertanejo,Dark;Chill;Nostalgic,commute;driving,142.011,0.56,0.528,0.385,0.738,0.0,0.0393,0.284,-5.044,348586,46
6orPCwBWW9Li0CBseEcDHJ,Possession,Portrayal of Guilt,Rock,black-metal,Energetic;Dark,workout;studying,129.905,0.283,0.873,0.256,0.000396,0.663,0.103,0.151,-7.383,242055,20
1ztf4sRocsJ9PrdzGGYonb,Only Thing I Ever Get For Christmas,Justin Bieber,Pop,pop,Dark,commute,85.648,0.54,0.63,0.321,0.217,0.0,0.0494,0.111,-8.032,192160,1
5X0o92ihmXE7KP5fcmNSFv,Pull From The Ghost,ERRA,Rock,metalcore,Energetic,workout,111.989,0.519,0.985,0.437,0.000785,5.95e-06,0.107,0.107,-3.058,251191,53
4ptnnWStUAzaXLJcJCMG5R,Embraced,Paul Cardall,Chill,new-age,Sad;Calm,studying;sleep,119.793,0.231,0.0378,0.0398,0.973,0.869,0.0394,0.0908,-20.849,191320,22
6Noj1s3Ld4BsiKPe8sQOKc,Cool,White Reaper,Pop,power-pop,Energetic,workout;studying,170.673,0.136,0.983,0.431,2.39e-05,0.724,0.0583,0.214,-4.194,161266,23
3DUhMeXZcg6Ahtxt61GYUd,Winter Wonderland,Tony Bennett;Lady Gaga,Jazz,jazz,Romantic;Chill,commute;cooking,126.014,0.605,0.497,0.72,0.727,3.95e-05,0.0319,0.102,-6.676,149306,0
1bAX5F8mAbyD7Jauj3tm2b,Foco & Marcha,Mc Kanhoto;DJ Faveliano,R&B,funk,Romantic;Chill,commute;cooking;driving,156.856,0.57,0.52,0.64,0.361,0.0,0.366,0.13,-4.885,273417,52
0rUNZQuYQvOz6A6zwyT6tM,This Is How I Disappear,My Chemical Romance,Rock,emo,Energetic;Dark,workout,163.366,0.242,0.983,0.301,5.08e-05,4.43e-05,0.106,0.303,-2.679,239053,64
0CqCpm4LLQbHUX5ysizWJS,The Final Episode (Let's Change Channel),Asking Alexandria,Rock,metalcore,Energetic;Dark,workout,196.118,0.213,0.957,0.157,0.00156,0.0,0.235,0.394,-2.967,242080,61
1SaGxLpWQGBNrdm0IbNfGa,Green Mountain Trail,Sean Harkness,Chill,new-age,Calm;Nostalgic,studying;sleep,136.948,0.677,0.283,0.373,0.97,0.92,0.0368,0.106,-15.893,225933,23
3nmsJ2zI6AiXtuDXlQnZpb,As Time Goes By (Sitting Under A Tree),Carl Craig,EDM,detroit-techno,Calm;Romantic;Chill,studying,115.925,0.623,0.308,0.52,0.31,0.904,0.0335,0.0803,-15.697,313146,10
5alsQFFPVtw42DY6UoHAfP,Muñeco de Papel,La Misma Gente,Latin,salsa,Happy;Chill,commute;cooking,89.226,0.578,0.573,0.939,0.752,0.00111,0.0374,0.0526,-10.854,336274,30
5tIr2cGQsj0oeqLk2tAU0L,Built Different,Sidhu Moose Wala,Hip-Hop,hip-hop,Happy;Motivated,commute;party;driving,94.965,0.739,0.706,0.784,0.141,0.0,0.0487,0.299,-3.461,247578,63
2uXh5dETVZcgT9oklXA8Yv,Palmira Señorial,Billo's,Latin,salsa,Happy,commute;party;cooking;driving,97.781,0.713,0.605,0.951,0.17,0.0,0.0397,0.0284,-7.583,169737,0
357tJIrwP4qdIoIPG2sp6h,By the Grace of the Sea,Dan Gibson's Solitudes,Chill,new-age,Sad;Calm,studying;sleep,72.642,0.124,0.126,0.156,0.974,0.93,0.0356,0.745,-23.587,259551,23
6pzLXs0Nd5gmfkXIFEOnpw,Falador,MC Cebezinho,R&B,funk,Romantic;Nostalgic,commute;cooking,79.845,0.761,0.559,0.568,0.627,0.0,0.536,0.0947,-6.534,168000,42
5eN1nmOe9R29OBL6soTJov,MAJHE AALE,AP Dhillon;Shinda Kahlon;Gurinder Gill;Gminxr,Hip-Hop,hip-hop,Sad,commute,93.033,0.871,0.496,0.287,0.035,2.83e-05,0.0721,0.0742,-9.29,170322,66
2KsD4oe5Dj7EPPwkVfiaL3,Crói Cróga - Remastered in 2004,Clannad,Chill,new-age,Chill;Nostalgic,studying;commute,138.923,0.567,0.424,0.389,0.779,8.34e-05,0.0289,0.366,-11.726,298960,22
43A5GyVePXCmjehPiQK4oY,"Behold, The Great Redeemer Died",Paul Cardall,Chill,new-age,Sad;Calm;Nostalgic,studying;sleep,73.143,0.347,0.0183,0.317,0.993,0.86,0.0686,0.103,-23.541,241386,20
10TBENZSwzP5S1GzNnoBNX,Não Uso Sapato - Ao Vivo,Charlie Brown Jr.,Rock,hard-rock,Happy;Energetic;Motivated,workout,98.348,0.397,0.968,0.746,0.00152,0.00027,0.0553,0.63,-6.355,174010,38
5ySvAKzhoGkXm4WioV6MDS,Envolver,Anitta,R&B,funk,Dark,commute;driving,91.988,0.813,0.733,0.397,0.15,0.00186,0.0847,0.0909,-5.417,193805,0
1eMCfzrgOLeZEyu4PDD6Nq,La Cura,Frankie Ruiz,Latin,salsa,Happy,commute;party;cooking;driving,92.528,0.801,0.631,0.885,0.697,0.000103,0.0399,0.0481,-6.958,297026,0
5hzhOmllQuqZjiZs3YzdYl,"8 Variations on ‘Come un agnello’ by Sarti in A, K.460: 5. Variation IV",Wolfgang Amadeus Mozart;Danielle Laval,Classical,classical,Calm,studying;sleep,94.078,0.46,0.0195,0.772,0.995,0.895,0.045,0.0991,-26.835,66427,4
4GaTyDp4257sMSNbNXIlMW,Mamta Se Bhari,Bombay Jayashri,Classical,classical,Chill;Nostalgic,studying;commute,100.946,0.63,0.414,0.394,0.615,0.000329,0.0291,0.162,-9.888,228985,44
3XpelMYD3uO5DsKwGTPPQF,Mariage D'Amour,George Davidson,Chill,new-age,Sad;Calm,studying;sleep,159.572,0.252,0.199,0.243,0.984,0.846,0.0431,0.12,-19.536,266960,48
1QT8jsU78e4A3gytCQX6Pm,O Holy Night,Josh Groban,Classical,opera,Sad;Calm;Chill,studying,84.855,0.162,0.342,0.0755,0.836,0.000788,0.031,0.0934,-8.051,288680,26
1sKf4CI2KV4EtgtDJHYk7U,I Wana See Your Body Move,Roy Davis Jr.,EDM,chicago-house,Calm,studying;commute;cooking,124.986,0.813,0.489,0.962,0.000407,0.89,0.0389,0.12,-16.126,504000,6
1wlAJE1E8Dom0LwgAImVg9,João Viu,Lauriete,R&B,gospel,Energetic;Motivated,workout;driving,141.874,0.52,0.811,0.501,0.127,0.0,0.0536,0.17,-4.437,288783,41
1aC1IBAETh2XYGOE8kCC6t,Loser,3 Doors Down,Rock,grunge,Energetic;Dark,workout,147.913,0.493,0.88,0.389,0.0108,2.66e-05,0.0693,0.226,-6.424,264800,60
7xceseyyaE9PY2A0VbYxuZ,"Salaam Soldier (From ""James - Kannada"")",Charan Raj;Sanjith Hegde,Pop,k-pop,Romantic,commute;cooking;driving,101.003,0.712,0.587,0.629,0.366,0.0,0.0773,0.153,-10.096,196700,43
2al5JHXAmtldfEQ3iIIUMH,The Monks of Lindisfarne,Achillea,Chill,new-age,Sad;Chill,studying;commute,95.0,0.698,0.46,0.205,0.839,0.884,0.0448,0.136,-15.919,192786,45
0KnE7l9dq3OnCZU6YNjk0j,"Sonata for Piano and Violin in G, K.379: 2a. Tema con variazioni: Tema",Wolfgang Amadeus Mozart;Arthur Grumiaux;Walter Klien,Classical,classical,Calm;Nostalgic,studying;sleep,113.486,0.338,0.0321,0.487,0.995,0.461,0.0406,0.103,-26.559,68666,9
6qCNaRRr5xJALfNJvh0NAw,Bom Diggy Diggy,Zack Knight;Jasmin Walia,Hip-Hop,hip-hop,Energetic,party;driving,104.032,0.782,0.827,0.498,0.159,0.0,0.0627,0.226,-4.219,238530,69
2xql0pid3EUwW38AsywxhV,Reflections,The Neighbourhood,Rock,alt-rock,Chill,commute;cooking;driving,113.983,0.648,0.594,0.544,0.114,0.0462,0.0293,0.116,-7.027,244013,80
0oWbUe1JHXULEq6FLkg8OW,Little April Showers,Michael Allen Harrison,Chill,new-age,Sad;Calm,studying;sleep,93.296,0.454,0.234,0.152,0.993,0.925,0.0358,0.101,-17.867,149236,20
1bW2JNdrpTOUew8G7UeUhP,Supernovacane,Marshmello,EDM,progressive-house,Energetic;Motivated,workout,151.921,0.514,0.926,0.556,0.000845,0.0345,0.0317,0.0891,-3.188,179955,47
0JQne285cXYdaffdR7W5Ok,Gaza Thing a Ling,Vybz Kartel,EDM,j-dance,Happy,commute;cooking;driving,125.831,0.625,0.631,0.81,0.0238,0.0,0.408,0.0907,-7.732,152800,23
6rVjToYxm3G5DkGCEOJg7S,Festa de Maloka,Gabb MC;Caio Passos;Igão;Love Funk;Mc Kadu;MC GP;Mc Kelvinho;Mc Dena,R&B,funk,Chill,commute;cooking;driving,119.518,0.641,0.565,0.544,0.139,0.0,0.308,0.249,-7.072,376000,55
1jSiCrX3a7ie9Okck6lL1R,Por Una Cabeza,Carlos Gardel,Latin,tango,Sad;Calm,studying;sleep,62.432,0.387,0.258,0.294,0.939,0.0231,0.0395,0.553,-12.544,325640,46
3zcnbGrdyx3iJe7x5WjWc5,載我走,Kay Tse,Pop,cantopop,Romantic;Chill;Nostalgic,commute;cooking;driving,139.922,0.55,0.51,0.438,0.803,0.0,0.0332,0.0951,-7.488,246760,45
5wIe2YrF6reUmKu1paRNp7,"Verdi: Aida, Act 2: ""Ebben, qual nuovo fremito t'assal, gentil Aida?"" (Amneris, Aida)",Giuseppe Verdi;Riccardo Muti;New Philharmonia Orchestra,Classical,opera,Sad;Calm,studying;sleep,79.638,0.356,0.128,0.103,0.989,0.0,0.0473,0.128,-15.501,175066,21
44TzvSZLIkM7Y7MEnrvkIl,Stuck In The Middle,Tai Verdes,Pop,indie-pop,Happy,commute;cooking;driving,119.952,0.862,0.564,0.836,0.278,0.0,0.0425,0.0935,-6.566,196133,66
6LpEuNjEwahUg1R2tYcuzw,Baguncinha Chique,MC PH;MC Menor da VG;Mc IG;MC Lugu;Mc lukinhas zkm;Mc Kelvinho;Mc Brisola;Mc Pedrinho,R&B,funk,Happy,commute;cooking;driving,114.18,0.777,0.516,0.67,0.0893,1.59e-05,0.377,0.329,-6.785,468837,46
0z7IeekUiNaQvmGQhsfJdl,After the Rain - Piano Solo,Kyson,EDM,idm,Sad;Calm,studying;sleep,107.003,0.601,0.0971,0.15,0.984,0.91,0.0373,0.0931,-20.043,179439,44
4Znd47cztY1DEmoWWVcP74,Sinner,King,Hip-Hop,hip-hop,Happy,commute;party;cooking,62.995,0.731,0.694,0.656,0.721,0.0,0.0896,0.154,-4.314,229104,63
5Hmldq1s1Ap8cSZBXpZquV,一格格,Janice Vidal,Pop,cantopop,Romantic;Chill;Nostalgic,commute;cooking,133.889,0.649,0.459,0.408,0.84,3.14e-05,0.0774,0.122,-7.747,248347,39
6YyqULhTNU7AKaKJKChluQ,Principles Of Lust: Sadeness / Find Love / Sadeness (Reprise),Enigma,Chill,new-age,Chill,studying;commute;cooking,95.008,0.611,0.429,0.469,0.128,0.468,0.0365,0.031,-15.362,703133,62
5abYgNnFHZpsSOBHaQPsln,A Veces Lloro,Banda Cuisillos,R&B,r-n-b,Energetic;Motivated,driving,99.269,0.562,0.822,0.539,0.487,8.94e-05,0.0298,0.358,-6.774,257120,47
2AlgKk82uOLl2gKFZWpVjJ,Petite messe solennelle: I. Kyrie. Kyrie eleison,Gioachino Rossini;Giulio Prandi;Coro Ghislieri;Francesco Corti;Cristiano Gaudio;Deniel Perer,Classical,opera,Sad;Calm,studying;sleep,116.191,0.216,0.0415,0.138,0.991,0.872,0.0436,0.0641,-28.976,152862,20
38ruI30eZ3yE5RKCNVC3eX,Vivendo por Viver,Zezé Di Camargo & Luciano,Latin,sertanejo,Romantic;Chill,commute;cooking,99.808,0.584,0.437,0.506,0.361,0.0,0.0254,0.186,-9.391,285000,43
5nFjGMZucdlzOIbGYFWNcL,What We Do,Aexcit,EDM,deep-house,Energetic;Dark,workout,103.048,0.565,0.92,0.153,0.194,8.61e-05,0.0438,0.0822,-5.635,170097,43
5ljWxnZZDIgnLwM6QVtZ6L,ii.pre esc,Autechre,EDM,idm,Sad;Calm;Chill,commute,95.996,0.198,0.32,0.0947,0.143,0.201,0.0406,0.124,-16.912,287453,13
5TL6dxDpmHJRr302Q6Qaup,A Estrada,Cidade Negra,Latin,mpb,Happy;Energetic;Motivated,workout,96.12,0.692,0.886,0.853,0.277,4.86e-05,0.0417,0.184,-5.799,282093,41
77Y6wpQYkl4JnxotLfBNqU,Sangrando,Gonzaguinha;Ivete Sangalo,Latin,mpb,Sad;Chill,studying;commute,91.489,0.485,0.412,0.221,0.597,0.0,0.037,0.117,-8.516,233733,52
1r8ZCjfrQxoy2wVaBUbpwg,Thousand Miles,The Kid LAROI,Hip-Hop,hip-hop,Dark,commute,80.565,0.376,0.657,0.203,0.0858,0.0,0.0768,0.0884,-4.658,164781,81
4SjEdGI6Otmo5DRxAXKS9o,Hentai,Cigarettes After Sex,Chill,ambient,Sad;Calm,studying;sleep,125.984,0.453,0.227,0.161,0.712,0.468,0.0285,0.108,-12.418,285146,57
7xt1AuUbQBZC4yvxxm4nAI,Sohnea,Miss Pooja;Millind Gaba,Hip-Hop,hip-hop,Motivated,workout;commute;party;driving,119.8,0.757,0.745,0.598,0.395,0.0,0.038,0.308,-3.085,269643,56
0nHolHkcZ7DOBkit256mEp,Don't You Want Me - Ronan Remix,Stella Starlight Trio,Jazz,jazz,Happy,commute;cooking;driving,154.46,0.706,0.54,0.684,0.0746,0.0113,0.0387,0.111,-11.762,170039,0
4FCU1TwsmITjvoVO26Lyae,Ee Hasiru Siriyali,Sangeetha Katti,Classical,classical,Romantic,commute;party;cooking;driving,135.046,0.708,0.608,0.549,0.854,0.000881,0.0267,0.346,-4.667,308378,34
3grwR3pEFKDzFb2rqXOJKH,Probabilidad de Amor - Live,Daniela Darcourt;N'Klabe,Latin,salsa,Happy;Energetic;Motivated,driving,90.585,0.522,0.783,0.743,0.47,0.0,0.0347,0.259,-4.45,256122,27
6ZEVE9gBIi7MnO2szA8yWg,Quadros (feat. João Carreiro) - Ao Vivo,Fiduma & Jeca;João Carreiro,Latin,sertanejo,Dark,commute;driving,105.956,0.581,0.705,0.207,0.497,0.0,0.029,0.475,-3.116,202973,46
1AyKrTZNf9EVATIvFG4jgI,Les contes d'Hoffmann: Barcarolle (Arr. for 2 Cellos and Piano),Jacques Offenbach;Raphaela Gromes;Wen-Sinn Yang;Julian Riem,Classical,opera,Sad;Calm,studying;sleep,132.44,0.231,0.142,0.238,0.877,0.548,0.0466,0.0859,-18.806,206426,25
69RBhbgVjnfVzzUvFokYRC,24 Horas del Dia,Banda Autentica de Jerez,R&B,r-n-b,Chill,commute;cooking,136.803,0.698,0.443,0.931,0.391,0.0,0.0459,0.086,-9.526,172920,48
0jeFHISVpw1dgBOdM63SB3,Volta Vai - Ao Vivo,Simone & Simaria,R&B,funk,Happy;Energetic;Motivated,workout,145.944,0.593,0.864,0.726,0.188,0.0,0.084,0.333,-3.348,276386,45
3MooAR0niDCEgMVd1UdPjG,七友,Edmond Leung,Pop,cantopop,Romantic;Chill;Nostalgic,commute;cooking;driving,200.9,0.513,0.558,0.482,0.875,0.0,0.0554,0.087,-6.258,259013,52
1oxyLBX9KmrtKajyVQkfAs,The Power,Duke Dumont;Zak Abel,EDM,edm,Energetic;Dark,workout;driving,121.945,0.626,0.829,0.191,0.00458,0.0601,0.0537,0.227,-6.795,197449,1
7b4vbqgzMhbFa0wdjfftQJ,One Kiss (with Dua Lipa) - Oliver Heldens Remix,Calvin Harris;Dua Lipa;Oliver Heldens,EDM,progressive-house,Energetic;Dark,workout;driving,123.97,0.717,0.752,0.14,0.251,0.000468,0.065,0.0802,-6.933,281266,56
7nMFbXSPRgJDE01Tbfx7Qe,Dark Love,Sidhu Moose Wala,Hip-Hop,hip-hop,Happy,commute;party;cooking,80.039,0.736,0.672,0.616,0.435,0.0,0.113,0.132,-5.877,232081,60
3D0MA3iSnhkVpt0P2o45vu,Enemy,The Plot In You,Rock,metalcore,Dark,commute,69.694,0.328,0.716,0.26,0.00182,0.0162,0.073,0.326,-5.823,220000,48
0qjstg4kewevPiMlXQo32R,Vurgun Yedim,MFÖ,Pop,j-pop,Chill,commute,86.074,0.399,0.485,0.376,0.155,9.41e-05,0.0336,0.112,-12.516,193200,42
2AHzNAtUIM1Mzw5TwobY6P,Fascinação - Ao Vivo,Thiaguinho;Maria Rita,Latin,pagode,Sad;Chill;Nostalgic,studying;commute,119.984,0.547,0.44,0.343,0.638,0.000172,0.0325,0.962,-10.101,188986,49
03b9EWz24mTfDvnrE8G41I,Whitby,Stephan Moccio,Chill,ambient,Sad;Calm,studying;sleep,166.662,0.21,0.0223,0.252,0.991,0.922,0.0432,0.105,-28.528,195240,45
1PckUlxKqWQs3RlWXVBLw3,About Damn Time,Lizzo,Hip-Hop,hip-hop,Happy;Motivated,commute;party;driving,108.966,0.836,0.743,0.722,0.0995,0.0,0.0656,0.335,-6.305,191822,89
2wEQUj6x1PTe7804wahULZ,Plaude laetere: Symphonie,Jean-Baptiste Lully;Le Concert Spirituel;Herve Niquet,Classical,opera,Calm;Nostalgic,studying;sleep,104.127,0.407,0.137,0.433,0.944,0.0516,0.0333,0.355,-20.983,159506,21
31xv37vtT5vBaUobDofU1T,Y Que Tiene Él,Antonio Cartagena,Latin,salsa,Happy;Energetic;Motivated,workout,80.614,0.685,0.837,0.964,0.209,0.00453,0.051,0.143,-5.116,276893,28
2kbxGCtWSV0f1ON720Bd4O,Don'u Don'u Don'u - The Don's Romance,Anirudh Ravichander;Alisha Thomas,Hip-Hop,hip-hop,Happy;Energetic;Motivated,party,89.982,0.776,0.82,0.773,0.287,0.000361,0.0414,0.242,-4.405,195709,59
5ZAE7mG7SUcHAkorXb2poH,Feitio de paixão - Ao vivo,Jorge Aragão,Latin,samba,Happy;Motivated,commute,86.764,0.59,0.72,0.722,0.744,0.0,0.0791,0.884,-10.114,289000,49
4EIJ9YQyQxd3m7qDjfp3WW,"Andante And Five Variations For Piano Duet In G, K.501: Variation 1",Wolfgang Amadeus Mozart;Martha Argerich;Stephen Kovacevich,Classical,classical,Calm;Nostalgic,studying;sleep,146.442,0.392,0.127,0.626,0.985,0.935,0.0388,0.188,-28.807,59733,17
5ZM00i27tGMbQiI7IUO7II,In the Monterey Mist,Laurie Z.,Chill,new-age,Sad;Calm,studying;sleep,125.442,0.278,0.0742,0.0807,0.988,0.884,0.0465,0.118,-28.827,198112,26
6ibqtlJA5lYVoxCsW136Xq,Cartão Postal - Ao Vivo,Péricles,Latin,pagode,Romantic;Chill,commute;cooking,87.58,0.64,0.481,0.747,0.739,2.5e-06,0.0447,0.0987,-9.289,197692,42
5jSDuzpiOWm6EYgnluuiKQ,Boate Azul - Ao Vivo Em Uberlândia / 2018,Bruno & Marrone,Latin,sertanejo,Happy;Motivated,commute;driving,97.057,0.683,0.731,0.732,0.193,0.0,0.0262,0.262,-4.17,197923,45
2LQU8M7e2SiI9lD172yvCU,Con y por Amor,Enrique Guzman,Rock,rock-n-roll,Romantic;Chill;Nostalgic,commute;cooking;driving,93.092,0.324,0.531,0.433,0.566,0.0,0.0349,0.668,-8.954,203258,34
5kFmXWDOulujZRyFjcaBy0,Ordinary World - Live,Duran Duran,Pop,synth-pop,Energetic;Dark,workout;driving,139.718,0.317,0.752,0.33,0.00208,0.000189,0.0379,0.982,-5.149,372120,27
7Chnwq8Ulcnyns0zPt6Njr,NINI,6ix9ine;Leftside,Rock,emo,Happy,commute;party;cooking;driving,98.019,0.872,0.648,0.729,0.112,0.0,0.338,0.0496,-5.008,137755,48
2mNugadSiU49kC0YlhSkyX,2 Freaks - Original,Rennie Pilgrem;BLIM;MC Chickaboo,EDM,breakbeat,Happy;Energetic;Motivated,workout;studying;party,131.903,0.718,0.908,0.717,0.00092,0.892,0.044,0.114,-10.216,489520,15
1hLRoUONVzeTkWZT7pCuvs,Have Yourself A Merry Little Christmas,Judy Garland,Jazz,jazz,Sad;Calm,studying;sleep,102.777,0.23,0.163,0.102,0.97,0.00424,0.0351,0.262,-14.909,165026,0
7AHF3V7qRPhZV7gzJLZ3CL,These Foolish Things - Remastered 1995,Lester Young,Jazz,jazz,Calm;Nostalgic,studying;sleep,66.283,0.593,0.103,0.443,0.986,0.6,0.081,0.12,-14.961,190933,55
2NafAvZbbTaoaFkF78Xmr8,"Kambada Myalina (From ""Nagamandala"")",Sangeetha Katti,Classical,classical,Dark,commute;driving,175.222,0.411,0.638,0.336,0.925,0.00206,0.0576,0.146,-4.307,267284,33
5Gk36wgJ5QwSCS2WFqlpRf,WHATS POPPIN - Remix,Jack Harlow;DaBaby;Tory Lanez;Lil Wayne,Hip-Hop,hip-hop,Happy;Motivated,workout;commute;party;driving,145.013,0.904,0.723,0.835,0.0631,0.0,0.26,0.185,-5.224,227478,0
4r48ds35jyBVxzK4gS1NLW,Sennen no Inori,Himekami,Chill,new-age,Sad;Dark;Chill,studying;commute;driving,100.015,0.631,0.509,0.325,0.121,0.809,0.0286,0.0873,-9.973,316946,29
7tYr70UusZfip6gFlVdyTz,Hipnotizou - Ao Vivo,XANDDY HARMONIA;Leo Santana,Latin,pagode,Happy;Motivated,workout;commute;party;driving,136.063,0.798,0.736,0.878,0.708,0.0,0.0722,0.315,-9.232,217350,43
3pciLZ7pj3WiwP8AmKdze8,未開始已經結束,Dear Jane,Pop,cantopop,Dark,commute;cooking;driving,137.987,0.473,0.648,0.435,0.0617,0.0,0.0323,0.0867,-5.542,307422,48
6xLInOiZPEeqEoLLHlFH8N,帶我走,Rainie Yang,Pop,mandopop,Sad;Dark;Chill,commute;driving,141.941,0.526,0.513,0.255,0.563,0.0,0.0265,0.0951,-6.982,289426,53
3Lgvs1riVEc1vq3hWsC79D,Punk Sin Cresta,Carajo,Rock,heavy-metal,Happy;Energetic;Motivated,workout,83.497,0.54,0.94,0.654,0.003,0.0,0.0394,0.129,-3.534,213106,23
69QPVkplpu9vpbKyz7JstA,Setting Sun,Jim Brickman,Chill,new-age,Sad;Calm,studying;sleep,62.984,0.439,0.0962,0.0445,0.882,0.884,0.0292,0.0697,-20.859,355542,20
4xb8JHIN56xixSl6vkSPjm,Siren,Kailee Morgue,Pop,indie-pop,Sad;Dark;Chill,commute;driving,145.91,0.603,0.512,0.271,0.454,0.00014,0.0402,0.154,-6.687,200266,63
7dblNGnRXEBrVJunazs2U5,All I Have to Do Is Dream,The Everly Brothers,R&B,r-n-b,Romantic;Chill;Nostalgic,commute;cooking,96.195,0.534,0.462,0.534,0.839,0.0,0.0266,0.129,-8.172,143333,67
4eFep9DBADNMNOU5hPh3EH,Contigo Aprendí,Filippa Giordano,Classical,opera,Sad;Calm;Chill,studying;commute,81.305,0.368,0.377,0.189,0.807,2.19e-05,0.0282,0.108,-6.508,192306,31
